"timestamp","cycle_id","cycle_second","total_cycle_time_s","down_time_s","pressure_hold_time_s","rise_time_s","cycle_phase","System.active_mode","Press.target_pressure_bar_g","Press.target_chamber","Fluid.temperature_c","Node.N_CYL_CAP.pressure_bar_g","Node.N_CYL_ROD.pressure_bar_g","Node.N_TANK_SUCTION.pressure_bar_g","Node.N_TANK_RETURN.pressure_bar_g","Cell.PUMP_01.is_running","Cell.PUMP_01.rpm","Cell.PUMP_01.rated_rpm","Cell.V_DIR_PA.opening_percent","Cell.V_DIR_PB.opening_percent","Cell.V_DIR_AT.opening_percent","Cell.V_DIR_BT.opening_percent","Cell.V_RELIEF.opening_percent","Cell.V_RELIEF.set_pressure_bar_g","input_note"
"2026-07-09 13:00:00","1","0","14","7","1","6","하강","downstroke","170.3","cap","40","170.3","8","0","0","yes","1605","1800","65","0","0","65","0","250","final_normal_downstroke_input"
"2026-07-09 13:00:01","1","1","14","7","1","6","하강","downstroke","174.967","cap","40.002","174.967","8.167","0","0","yes","1638","1800","68.3","0","0","68.3","0","250","final_normal_downstroke_input"
"2026-07-09 13:00:02","1","2","14","7","1","6","하강","downstroke","179.633","cap","40.003","179.633","8.333","0","0","yes","1672","1800","71.7","0","0","71.7","0","250","final_normal_downstroke_input"
"2026-07-09 13:00:03","1","3","14","7","1","6","하강","downstroke","184.3","cap","40.004","184.3","8.5","0","0","yes","1705","1800","75","0","0","75","0","250","final_normal_downstroke_input"
"2026-07-09 13:00:04","1","4","14","7","1","6","하강","downstroke","188.967","cap","40.006","188.967","8.667","0","0","yes","1738","1800","78.3","0","0","78.3","0","250","final_normal_downstroke_input"
"2026-07-09 13:00:05","1","5","14","7","1","6","하강","downstroke","193.633","cap","40.008","193.633","8.833","0","0","yes","1772","1800","81.7","0","0","81.7","0","250","final_normal_downstroke_input"
"2026-07-09 13:00:06","1","6","14","7","1","6","하강","downstroke","198.3","cap","40.009","198.3","9","0","0","yes","1805","1800","85","0","0","85","0","250","final_normal_downstroke_input"
"2026-07-09 13:00:07","1","7","14","7","1","6","가압유지","downstroke","225.3","cap","40.01","225.3","8","0","0","yes","1108","1800","20","0","0","20","0","250","final_normal_pressure_hold_input"
"2026-07-09 13:00:08","1","8","14","7","1","6","상승","upstroke","125.3","rod","40.012","8","125.3","0","0","yes","1404","1800","0","65","65","0","0","250","final_normal_upstroke_input"
"2026-07-09 13:00:09","1","9","14","7","1","6","상승","upstroke","127.9","rod","40.014","8","127.9","0","0","yes","1444","1800","0","69","69","0","0","250","final_normal_upstroke_input"
"2026-07-09 13:00:10","1","10","14","7","1","6","상승","upstroke","130.5","rod","40.015","8","130.5","0","0","yes","1484","1800","0","73","73","0","0","250","final_normal_upstroke_input"
"2026-07-09 13:00:11","1","11","14","7","1","6","상승","upstroke","133.1","rod","40.016","8","133.1","0","0","yes","1524","1800","0","77","77","0","0","250","final_normal_upstroke_input"
"2026-07-09 13:00:12","1","12","14","7","1","6","상승","upstroke","135.7","rod","40.018","8","135.7","0","0","yes","1564","1800","0","81","81","0","0","250","final_normal_upstroke_input"
"2026-07-09 13:00:13","1","13","14","7","1","6","상승","upstroke","138.3","rod","40.02","8","138.3","0","0","yes","1604","1800","0","85","85","0","0","250","final_normal_upstroke_input"
"2026-07-09 13:00:14","2","0","16","8","1","7","하강","downstroke","170.6","cap","40.01","170.6","8","0","0","yes","1610","1800","65","0","0","65","0","250","final_normal_downstroke_input"
"2026-07-09 13:00:15","2","1","16","8","1","7","하강","downstroke","174.6","cap","40.012","174.6","8.143","0","0","yes","1639","1800","67.9","0","0","67.9","0","250","final_normal_downstroke_input"
"2026-07-09 13:00:16","2","2","16","8","1","7","하강","downstroke","178.6","cap","40.013","178.6","8.286","0","0","yes","1667","1800","70.7","0","0","70.7","0","250","final_normal_downstroke_input"
"2026-07-09 13:00:17","2","3","16","8","1","7","하강","downstroke","182.6","cap","40.014","182.6","8.429","0","0","yes","1696","1800","73.6","0","0","73.6","0","250","final_normal_downstroke_input"
"2026-07-09 13:00:18","2","4","16","8","1","7","하강","downstroke","186.6","cap","40.016","186.6","8.571","0","0","yes","1724","1800","76.4","0","0","76.4","0","250","final_normal_downstroke_input"
"2026-07-09 13:00:19","2","5","16","8","1","7","하강","downstroke","190.6","cap","40.018","190.6","8.714","0","0","yes","1753","1800","79.3","0","0","79.3","0","250","final_normal_downstroke_input"
"2026-07-09 13:00:20","2","6","16","8","1","7","하강","downstroke","194.6","cap","40.019","194.6","8.857","0","0","yes","1781","1800","82.1","0","0","82.1","0","250","final_normal_downstroke_input"
"2026-07-09 13:00:21","2","7","16","8","1","7","하강","downstroke","198.6","cap","40.02","198.6","9","0","0","yes","1810","1800","85","0","0","85","0","250","final_normal_downstroke_input"
"2026-07-09 13:00:22","2","8","16","8","1","7","가압유지","downstroke","225.6","cap","40.022","225.6","8","0","0","yes","1116","1800","20","0","0","20","0","250","final_normal_pressure_hold_input"
"2026-07-09 13:00:23","2","9","16","8","1","7","상승","upstroke","125.6","rod","40.024","8","125.6","0","0","yes","1408","1800","0","65","65","0","0","250","final_normal_upstroke_input"
"2026-07-09 13:00:24","2","10","16","8","1","7","상승","upstroke","127.767","rod","40.025","8","127.767","0","0","yes","1441","1800","0","68.3","68.3","0","0","250","final_normal_upstroke_input"
"2026-07-09 13:00:25","2","11","16","8","1","7","상승","upstroke","129.933","rod","40.026","8","129.933","0","0","yes","1475","1800","0","71.7","71.7","0","0","250","final_normal_upstroke_input"
"2026-07-09 13:00:26","2","12","16","8","1","7","상승","upstroke","132.1","rod","40.028","8","132.1","0","0","yes","1508","1800","0","75","75","0","0","250","final_normal_upstroke_input"
"2026-07-09 13:00:27","2","13","16","8","1","7","상승","upstroke","134.267","rod","40.03","8","134.267","0","0","yes","1541","1800","0","78.3","78.3","0","0","250","final_normal_upstroke_input"
"2026-07-09 13:00:28","2","14","16","8","1","7","상승","upstroke","136.433","rod","40.031","8","136.433","0","0","yes","1575","1800","0","81.7","81.7","0","0","250","final_normal_upstroke_input"
"2026-07-09 13:00:29","2","15","16","8","1","7","상승","upstroke","138.6","rod","40.032","8","138.6","0","0","yes","1608","1800","0","85","85","0","0","250","final_normal_upstroke_input"
"2026-07-09 13:00:30","3","0","12","6","1","5","하강","downstroke","170.9","cap","40.02","170.9","8","0","0","yes","1615","1800","65","0","0","65","0","250","final_normal_downstroke_input"
"2026-07-09 13:00:31","3","1","12","6","1","5","하강","downstroke","176.5","cap","40.022","176.5","8.2","0","0","yes","1655","1800","69","0","0","69","0","250","final_normal_downstroke_input"
"2026-07-09 13:00:32","3","2","12","6","1","5","하강","downstroke","182.1","cap","40.023","182.1","8.4","0","0","yes","1695","1800","73","0","0","73","0","250","final_normal_downstroke_input"
"2026-07-09 13:00:33","3","3","12","6","1","5","하강","downstroke","187.7","cap","40.024","187.7","8.6","0","0","yes","1735","1800","77","0","0","77","0","250","final_normal_downstroke_input"
"2026-07-09 13:00:34","3","4","12","6","1","5","하강","downstroke","193.3","cap","40.026","193.3","8.8","0","0","yes","1775","1800","81","0","0","81","0","250","final_normal_downstroke_input"
"2026-07-09 13:00:35","3","5","12","6","1","5","하강","downstroke","198.9","cap","40.028","198.9","9","0","0","yes","1815","1800","85","0","0","85","0","250","final_normal_downstroke_input"
"2026-07-09 13:00:36","3","6","12","6","1","5","가압유지","downstroke","225","cap","40.029","225","8","0","0","yes","1100","1800","20","0","0","20","0","250","final_normal_pressure_hold_input"
"2026-07-09 13:00:37","3","7","12","6","1","5","상승","upstroke","125.9","rod","40.03","8","125.9","0","0","yes","1412","1800","0","65","65","0","0","250","final_normal_upstroke_input"
"2026-07-09 13:00:38","3","8","12","6","1","5","상승","upstroke","129.15","rod","40.032","8","129.15","0","0","yes","1462","1800","0","70","70","0","0","250","final_normal_upstroke_input"
"2026-07-09 13:00:39","3","9","12","6","1","5","상승","upstroke","132.4","rod","40.034","8","132.4","0","0","yes","1512","1800","0","75","75","0","0","250","final_normal_upstroke_input"
"2026-07-09 13:00:40","3","10","12","6","1","5","상승","upstroke","135.65","rod","40.035","8","135.65","0","0","yes","1562","1800","0","80","80","0","0","250","final_normal_upstroke_input"
"2026-07-09 13:00:41","3","11","12","6","1","5","상승","upstroke","138.9","rod","40.037","8","138.9","0","0","yes","1612","1800","0","85","85","0","0","250","final_normal_upstroke_input"
"2026-07-09 13:00:42","4","0","15","7","2","6","하강","downstroke","171.2","cap","40.03","171.2","8","0","0","yes","1600","1800","65","0","0","65","0","250","final_normal_downstroke_input"
"2026-07-09 13:00:43","4","1","15","7","2","6","하강","downstroke","175.867","cap","40.032","175.867","8.167","0","0","yes","1633","1800","68.3","0","0","68.3","0","250","final_normal_downstroke_input"
"2026-07-09 13:00:44","4","2","15","7","2","6","하강","downstroke","180.533","cap","40.033","180.533","8.333","0","0","yes","1667","1800","71.7","0","0","71.7","0","250","final_normal_downstroke_input"
"2026-07-09 13:00:45","4","3","15","7","2","6","하강","downstroke","185.2","cap","40.034","185.2","8.5","0","0","yes","1700","1800","75","0","0","75","0","250","final_normal_downstroke_input"
"2026-07-09 13:00:46","4","4","15","7","2","6","하강","downstroke","189.867","cap","40.036","189.867","8.667","0","0","yes","1733","1800","78.3","0","0","78.3","0","250","final_normal_downstroke_input"
"2026-07-09 13:00:47","4","5","15","7","2","6","하강","downstroke","194.533","cap","40.038","194.533","8.833","0","0","yes","1767","1800","81.7","0","0","81.7","0","250","final_normal_downstroke_input"
"2026-07-09 13:00:48","4","6","15","7","2","6","하강","downstroke","199.2","cap","40.039","199.2","9","0","0","yes","1800","1800","85","0","0","85","0","250","final_normal_downstroke_input"
"2026-07-09 13:00:49","4","7","15","7","2","6","가압유지","downstroke","215.3","cap","40.04","215.3","8","0","0","yes","1208","1800","28","0","0","28","0","250","final_normal_pressure_hold_input"
"2026-07-09 13:00:50","4","8","15","7","2","6","가압유지","downstroke","225.3","cap","40.042","225.3","8","0","0","yes","1108","1800","20","0","0","20","0","250","final_normal_pressure_hold_input"
"2026-07-09 13:00:51","4","9","15","7","2","6","상승","upstroke","125","rod","40.044","8","125","0","0","yes","1416","1800","0","65","65","0","0","250","final_normal_upstroke_input"
"2026-07-09 13:00:52","4","10","15","7","2","6","상승","upstroke","127.6","rod","40.045","8","127.6","0","0","yes","1456","1800","0","69","69","0","0","250","final_normal_upstroke_input"
"2026-07-09 13:00:53","4","11","15","7","2","6","상승","upstroke","130.2","rod","40.046","8","130.2","0","0","yes","1496","1800","0","73","73","0","0","250","final_normal_upstroke_input"
"2026-07-09 13:00:54","4","12","15","7","2","6","상승","upstroke","132.8","rod","40.048","8","132.8","0","0","yes","1536","1800","0","77","77","0","0","250","final_normal_upstroke_input"
"2026-07-09 13:00:55","4","13","15","7","2","6","상승","upstroke","135.4","rod","40.05","8","135.4","0","0","yes","1576","1800","0","81","81","0","0","250","final_normal_upstroke_input"
"2026-07-09 13:00:56","4","14","15","7","2","6","상승","upstroke","138","rod","40.051","8","138","0","0","yes","1616","1800","0","85","85","0","0","250","final_normal_upstroke_input"
"2026-07-09 13:00:57","5","0","16","8","1","7","하강","downstroke","170","cap","40.04","170","8","0","0","yes","1605","1800","65","0","0","65","0","250","final_normal_downstroke_input"
"2026-07-09 13:00:58","5","1","16","8","1","7","하강","downstroke","174","cap","40.042","174","8.143","0","0","yes","1634","1800","67.9","0","0","67.9","0","250","final_normal_downstroke_input"
"2026-07-09 13:00:59","5","2","16","8","1","7","하강","downstroke","178","cap","40.043","178","8.286","0","0","yes","1662","1800","70.7","0","0","70.7","0","250","final_normal_downstroke_input"
"2026-07-09 13:01:00","5","3","16","8","1","7","하강","downstroke","182","cap","40.044","182","8.429","0","0","yes","1691","1800","73.6","0","0","73.6","0","250","final_normal_downstroke_input"
"2026-07-09 13:01:01","5","4","16","8","1","7","하강","downstroke","186","cap","40.046","186","8.571","0","0","yes","1719","1800","76.4","0","0","76.4","0","250","final_normal_downstroke_input"
"2026-07-09 13:01:02","5","5","16","8","1","7","하강","downstroke","190","cap","40.048","190","8.714","0","0","yes","1748","1800","79.3","0","0","79.3","0","250","final_normal_downstroke_input"
"2026-07-09 13:01:03","5","6","16","8","1","7","하강","downstroke","194","cap","40.049","194","8.857","0","0","yes","1776","1800","82.1","0","0","82.1","0","250","final_normal_downstroke_input"
"2026-07-09 13:01:04","5","7","16","8","1","7","하강","downstroke","198","cap","40.05","198","9","0","0","yes","1805","1800","85","0","0","85","0","250","final_normal_downstroke_input"
"2026-07-09 13:01:05","5","8","16","8","1","7","가압유지","downstroke","225.6","cap","40.052","225.6","8","0","0","yes","1116","1800","20","0","0","20","0","250","final_normal_pressure_hold_input"
"2026-07-09 13:01:06","5","9","16","8","1","7","상승","upstroke","125.3","rod","40.054","8","125.3","0","0","yes","1400","1800","0","65","65","0","0","250","final_normal_upstroke_input"
"2026-07-09 13:01:07","5","10","16","8","1","7","상승","upstroke","127.467","rod","40.055","8","127.467","0","0","yes","1433","1800","0","68.3","68.3","0","0","250","final_normal_upstroke_input"
"2026-07-09 13:01:08","5","11","16","8","1","7","상승","upstroke","129.633","rod","40.056","8","129.633","0","0","yes","1467","1800","0","71.7","71.7","0","0","250","final_normal_upstroke_input"
"2026-07-09 13:01:09","5","12","16","8","1","7","상승","upstroke","131.8","rod","40.058","8","131.8","0","0","yes","1500","1800","0","75","75","0","0","250","final_normal_upstroke_input"
"2026-07-09 13:01:10","5","13","16","8","1","7","상승","upstroke","133.967","rod","40.06","8","133.967","0","0","yes","1533","1800","0","78.3","78.3","0","0","250","final_normal_upstroke_input"
"2026-07-09 13:01:11","5","14","16","8","1","7","상승","upstroke","136.133","rod","40.061","8","136.133","0","0","yes","1567","1800","0","81.7","81.7","0","0","250","final_normal_upstroke_input"
"2026-07-09 13:01:12","5","15","16","8","1","7","상승","upstroke","138.3","rod","40.062","8","138.3","0","0","yes","1600","1800","0","85","85","0","0","250","final_normal_upstroke_input"
"2026-07-09 13:01:13","6","0","12","6","1","5","하강","downstroke","170.3","cap","40.05","170.3","8","0","0","yes","1610","1800","65","0","0","65","0","250","final_normal_downstroke_input"
"2026-07-09 13:01:14","6","1","12","6","1","5","하강","downstroke","175.9","cap","40.052","175.9","8.2","0","0","yes","1650","1800","69","0","0","69","0","250","final_normal_downstroke_input"
"2026-07-09 13:01:15","6","2","12","6","1","5","하강","downstroke","181.5","cap","40.053","181.5","8.4","0","0","yes","1690","1800","73","0","0","73","0","250","final_normal_downstroke_input"
"2026-07-09 13:01:16","6","3","12","6","1","5","하강","downstroke","187.1","cap","40.054","187.1","8.6","0","0","yes","1730","1800","77","0","0","77","0","250","final_normal_downstroke_input"
"2026-07-09 13:01:17","6","4","12","6","1","5","하강","downstroke","192.7","cap","40.056","192.7","8.8","0","0","yes","1770","1800","81","0","0","81","0","250","final_normal_downstroke_input"
"2026-07-09 13:01:18","6","5","12","6","1","5","하강","downstroke","198.3","cap","40.058","198.3","9","0","0","yes","1810","1800","85","0","0","85","0","250","final_normal_downstroke_input"
"2026-07-09 13:01:19","6","6","12","6","1","5","가압유지","downstroke","225","cap","40.059","225","8","0","0","yes","1100","1800","20","0","0","20","0","250","final_normal_pressure_hold_input"
"2026-07-09 13:01:20","6","7","12","6","1","5","상승","upstroke","125.6","rod","40.06","8","125.6","0","0","yes","1404","1800","0","65","65","0","0","250","final_normal_upstroke_input"
"2026-07-09 13:01:21","6","8","12","6","1","5","상승","upstroke","128.85","rod","40.062","8","128.85","0","0","yes","1454","1800","0","70","70","0","0","250","final_normal_upstroke_input"
"2026-07-09 13:01:22","6","9","12","6","1","5","상승","upstroke","132.1","rod","40.064","8","132.1","0","0","yes","1504","1800","0","75","75","0","0","250","final_normal_upstroke_input"
"2026-07-09 13:01:23","6","10","12","6","1","5","상승","upstroke","135.35","rod","40.065","8","135.35","0","0","yes","1554","1800","0","80","80","0","0","250","final_normal_upstroke_input"
"2026-07-09 13:01:24","6","11","12","6","1","5","상승","upstroke","138.6","rod","40.066","8","138.6","0","0","yes","1604","1800","0","85","85","0","0","250","final_normal_upstroke_input"
"2026-07-09 13:01:25","7","0","14","7","1","6","하강","downstroke","170.6","cap","40.06","170.6","8","0","0","yes","1615","1800","65","0","0","65","0","250","final_normal_downstroke_input"
"2026-07-09 13:01:26","7","1","14","7","1","6","하강","downstroke","175.267","cap","40.062","175.267","8.167","0","0","yes","1648","1800","68.3","0","0","68.3","0","250","final_normal_downstroke_input"
"2026-07-09 13:01:27","7","2","14","7","1","6","하강","downstroke","179.933","cap","40.063","179.933","8.333","0","0","yes","1682","1800","71.7","0","0","71.7","0","250","final_normal_downstroke_input"
"2026-07-09 13:01:28","7","3","14","7","1","6","하강","downstroke","184.6","cap","40.064","184.6","8.5","0","0","yes","1715","1800","75","0","0","75","0","250","final_normal_downstroke_input"
"2026-07-09 13:01:29","7","4","14","7","1","6","하강","downstroke","189.267","cap","40.066","189.267","8.667","0","0","yes","1748","1800","78.3","0","0","78.3","0","250","final_normal_downstroke_input"
"2026-07-09 13:01:30","7","5","14","7","1","6","하강","downstroke","193.933","cap","40.068","193.933","8.833","0","0","yes","1782","1800","81.7","0","0","81.7","0","250","final_normal_downstroke_input"
"2026-07-09 13:01:31","7","6","14","7","1","6","하강","downstroke","198.6","cap","40.069","198.6","9","0","0","yes","1815","1800","85","0","0","85","0","250","final_normal_downstroke_input"
"2026-07-09 13:01:32","7","7","14","7","1","6","가압유지","downstroke","225.3","cap","40.07","225.3","8","0","0","yes","1108","1800","20","0","0","20","0","250","final_normal_pressure_hold_input"
"2026-07-09 13:01:33","7","8","14","7","1","6","상승","upstroke","125.9","rod","40.072","8","125.9","0","0","yes","1408","1800","0","65","65","0","0","250","final_normal_upstroke_input"
"2026-07-09 13:01:34","7","9","14","7","1","6","상승","upstroke","128.5","rod","40.074","8","128.5","0","0","yes","1448","1800","0","69","69","0","0","250","final_normal_upstroke_input"
"2026-07-09 13:01:35","7","10","14","7","1","6","상승","upstroke","131.1","rod","40.075","8","131.1","0","0","yes","1488","1800","0","73","73","0","0","250","final_normal_upstroke_input"
"2026-07-09 13:01:36","7","11","14","7","1","6","상승","upstroke","133.7","rod","40.076","8","133.7","0","0","yes","1528","1800","0","77","77","0","0","250","final_normal_upstroke_input"
"2026-07-09 13:01:37","7","12","14","7","1","6","상승","upstroke","136.3","rod","40.078","8","136.3","0","0","yes","1568","1800","0","81","81","0","0","250","final_normal_upstroke_input"
"2026-07-09 13:01:38","7","13","14","7","1","6","상승","upstroke","138.9","rod","40.08","8","138.9","0","0","yes","1608","1800","0","85","85","0","0","250","final_normal_upstroke_input"
"2026-07-09 13:01:39","8","0","17","8","2","7","하강","downstroke","170.9","cap","40.07","170.9","8","0","0","yes","1600","1800","65","0","0","65","0","250","final_normal_downstroke_input"
"2026-07-09 13:01:40","8","1","17","8","2","7","하강","downstroke","174.9","cap","40.072","174.9","8.143","0","0","yes","1629","1800","67.9","0","0","67.9","0","250","final_normal_downstroke_input"
"2026-07-09 13:01:41","8","2","17","8","2","7","하강","downstroke","178.9","cap","40.073","178.9","8.286","0","0","yes","1657","1800","70.7","0","0","70.7","0","250","final_normal_downstroke_input"
"2026-07-09 13:01:42","8","3","17","8","2","7","하강","downstroke","182.9","cap","40.074","182.9","8.429","0","0","yes","1686","1800","73.6","0","0","73.6","0","250","final_normal_downstroke_input"
"2026-07-09 13:01:43","8","4","17","8","2","7","하강","downstroke","186.9","cap","40.076","186.9","8.571","0","0","yes","1714","1800","76.4","0","0","76.4","0","250","final_normal_downstroke_input"
"2026-07-09 13:01:44","8","5","17","8","2","7","하강","downstroke","190.9","cap","40.078","190.9","8.714","0","0","yes","1743","1800","79.3","0","0","79.3","0","250","final_normal_downstroke_input"
"2026-07-09 13:01:45","8","6","17","8","2","7","하강","downstroke","194.9","cap","40.079","194.9","8.857","0","0","yes","1771","1800","82.1","0","0","82.1","0","250","final_normal_downstroke_input"
"2026-07-09 13:01:46","8","7","17","8","2","7","하강","downstroke","198.9","cap","40.08","198.9","9","0","0","yes","1800","1800","85","0","0","85","0","250","final_normal_downstroke_input"
"2026-07-09 13:01:47","8","8","17","8","2","7","가압유지","downstroke","215.6","cap","40.082","215.6","8","0","0","yes","1216","1800","28","0","0","28","0","250","final_normal_pressure_hold_input"
"2026-07-09 13:01:48","8","9","17","8","2","7","가압유지","downstroke","225.6","cap","40.084","225.6","8","0","0","yes","1116","1800","20","0","0","20","0","250","final_normal_pressure_hold_input"
"2026-07-09 13:01:49","8","10","17","8","2","7","상승","upstroke","125","rod","40.085","8","125","0","0","yes","1412","1800","0","65","65","0","0","250","final_normal_upstroke_input"
"2026-07-09 13:01:50","8","11","17","8","2","7","상승","upstroke","127.167","rod","40.086","8","127.167","0","0","yes","1445","1800","0","68.3","68.3","0","0","250","final_normal_upstroke_input"
"2026-07-09 13:01:51","8","12","17","8","2","7","상승","upstroke","129.333","rod","40.088","8","129.333","0","0","yes","1479","1800","0","71.7","71.7","0","0","250","final_normal_upstroke_input"
"2026-07-09 13:01:52","8","13","17","8","2","7","상승","upstroke","131.5","rod","40.09","8","131.5","0","0","yes","1512","1800","0","75","75","0","0","250","final_normal_upstroke_input"
"2026-07-09 13:01:53","8","14","17","8","2","7","상승","upstroke","133.667","rod","40.091","8","133.667","0","0","yes","1545","1800","0","78.3","78.3","0","0","250","final_normal_upstroke_input"
"2026-07-09 13:01:54","8","15","17","8","2","7","상승","upstroke","135.833","rod","40.092","8","135.833","0","0","yes","1579","1800","0","81.7","81.7","0","0","250","final_normal_upstroke_input"
"2026-07-09 13:01:55","8","16","17","8","2","7","상승","upstroke","138","rod","40.094","8","138","0","0","yes","1612","1800","0","85","85","0","0","250","final_normal_upstroke_input"
"2026-07-09 13:01:56","9","0","12","6","1","5","하강","downstroke","171.2","cap","40.08","171.2","8","0","0","yes","1605","1800","65","0","0","65","0","250","final_normal_downstroke_input"
"2026-07-09 13:01:57","9","1","12","6","1","5","하강","downstroke","176.8","cap","40.082","176.8","8.2","0","0","yes","1645","1800","69","0","0","69","0","250","final_normal_downstroke_input"
"2026-07-09 13:01:58","9","2","12","6","1","5","하강","downstroke","182.4","cap","40.083","182.4","8.4","0","0","yes","1685","1800","73","0","0","73","0","250","final_normal_downstroke_input"
"2026-07-09 13:01:59","9","3","12","6","1","5","하강","downstroke","188","cap","40.084","188","8.6","0","0","yes","1725","1800","77","0","0","77","0","250","final_normal_downstroke_input"
"2026-07-09 13:02:00","9","4","12","6","1","5","하강","downstroke","193.6","cap","40.086","193.6","8.8","0","0","yes","1765","1800","81","0","0","81","0","250","final_normal_downstroke_input"
"2026-07-09 13:02:01","9","5","12","6","1","5","하강","downstroke","199.2","cap","40.088","199.2","9","0","0","yes","1805","1800","85","0","0","85","0","250","final_normal_downstroke_input"
"2026-07-09 13:02:02","9","6","12","6","1","5","가압유지","downstroke","225","cap","40.089","225","8","0","0","yes","1100","1800","20","0","0","20","0","250","final_normal_pressure_hold_input"
"2026-07-09 13:02:03","9","7","12","6","1","5","상승","upstroke","125.3","rod","40.09","8","125.3","0","0","yes","1416","1800","0","65","65","0","0","250","final_normal_upstroke_input"
"2026-07-09 13:02:04","9","8","12","6","1","5","상승","upstroke","128.55","rod","40.092","8","128.55","0","0","yes","1466","1800","0","70","70","0","0","250","final_normal_upstroke_input"
"2026-07-09 13:02:05","9","9","12","6","1","5","상승","upstroke","131.8","rod","40.094","8","131.8","0","0","yes","1516","1800","0","75","75","0","0","250","final_normal_upstroke_input"
"2026-07-09 13:02:06","9","10","12","6","1","5","상승","upstroke","135.05","rod","40.095","8","135.05","0","0","yes","1566","1800","0","80","80","0","0","250","final_normal_upstroke_input"
"2026-07-09 13:02:07","9","11","12","6","1","5","상승","upstroke","138.3","rod","40.096","8","138.3","0","0","yes","1616","1800","0","85","85","0","0","250","final_normal_upstroke_input"
"2026-07-09 13:02:08","10","0","14","7","1","6","하강","downstroke","170","cap","40.09","170","8","0","0","yes","1610","1800","65","0","0","65","0","250","final_normal_downstroke_input"
"2026-07-09 13:02:09","10","1","14","7","1","6","하강","downstroke","174.667","cap","40.092","174.667","8.167","0","0","yes","1643","1800","68.3","0","0","68.3","0","250","final_normal_downstroke_input"
"2026-07-09 13:02:10","10","2","14","7","1","6","하강","downstroke","179.333","cap","40.093","179.333","8.333","0","0","yes","1677","1800","71.7","0","0","71.7","0","250","final_normal_downstroke_input"
"2026-07-09 13:02:11","10","3","14","7","1","6","하강","downstroke","184","cap","40.094","184","8.5","0","0","yes","1710","1800","75","0","0","75","0","250","final_normal_downstroke_input"
"2026-07-09 13:02:12","10","4","14","7","1","6","하강","downstroke","188.667","cap","40.096","188.667","8.667","0","0","yes","1743","1800","78.3","0","0","78.3","0","250","final_normal_downstroke_input"
"2026-07-09 13:02:13","10","5","14","7","1","6","하강","downstroke","193.333","cap","40.098","193.333","8.833","0","0","yes","1777","1800","81.7","0","0","81.7","0","250","final_normal_downstroke_input"
"2026-07-09 13:02:14","10","6","14","7","1","6","하강","downstroke","198","cap","40.099","198","9","0","0","yes","1810","1800","85","0","0","85","0","250","final_normal_downstroke_input"
"2026-07-09 13:02:15","10","7","14","7","1","6","가압유지","downstroke","225.3","cap","40.101","225.3","8","0","0","yes","1108","1800","20","0","0","20","0","250","final_normal_pressure_hold_input"
"2026-07-09 13:02:16","10","8","14","7","1","6","상승","upstroke","125.6","rod","40.102","8","125.6","0","0","yes","1400","1800","0","65","65","0","0","250","final_normal_upstroke_input"
"2026-07-09 13:02:17","10","9","14","7","1","6","상승","upstroke","128.2","rod","40.104","8","128.2","0","0","yes","1440","1800","0","69","69","0","0","250","final_normal_upstroke_input"
"2026-07-09 13:02:18","10","10","14","7","1","6","상승","upstroke","130.8","rod","40.105","8","130.8","0","0","yes","1480","1800","0","73","73","0","0","250","final_normal_upstroke_input"
"2026-07-09 13:02:19","10","11","14","7","1","6","상승","upstroke","133.4","rod","40.107","8","133.4","0","0","yes","1520","1800","0","77","77","0","0","250","final_normal_upstroke_input"
"2026-07-09 13:02:20","10","12","14","7","1","6","상승","upstroke","136","rod","40.108","8","136","0","0","yes","1560","1800","0","81","81","0","0","250","final_normal_upstroke_input"
"2026-07-09 13:02:21","10","13","14","7","1","6","상승","upstroke","138.6","rod","40.11","8","138.6","0","0","yes","1600","1800","0","85","85","0","0","250","final_normal_upstroke_input"
"2026-07-09 13:02:22","11","0","16","8","1","7","하강","downstroke","170.3","cap","40.1","170.3","8","0","0","yes","1615","1800","65","0","0","65","0","250","final_normal_downstroke_input"
"2026-07-09 13:02:23","11","1","16","8","1","7","하강","downstroke","174.3","cap","40.102","174.3","8.143","0","0","yes","1644","1800","67.9","0","0","67.9","0","250","final_normal_downstroke_input"
"2026-07-09 13:02:24","11","2","16","8","1","7","하강","downstroke","178.3","cap","40.103","178.3","8.286","0","0","yes","1672","1800","70.7","0","0","70.7","0","250","final_normal_downstroke_input"
"2026-07-09 13:02:25","11","3","16","8","1","7","하강","downstroke","182.3","cap","40.104","182.3","8.429","0","0","yes","1701","1800","73.6","0","0","73.6","0","250","final_normal_downstroke_input"
"2026-07-09 13:02:26","11","4","16","8","1","7","하강","downstroke","186.3","cap","40.106","186.3","8.571","0","0","yes","1729","1800","76.4","0","0","76.4","0","250","final_normal_downstroke_input"
"2026-07-09 13:02:27","11","5","16","8","1","7","하강","downstroke","190.3","cap","40.108","190.3","8.714","0","0","yes","1758","1800","79.3","0","0","79.3","0","250","final_normal_downstroke_input"
"2026-07-09 13:02:28","11","6","16","8","1","7","하강","downstroke","194.3","cap","40.109","194.3","8.857","0","0","yes","1786","1800","82.1","0","0","82.1","0","250","final_normal_downstroke_input"
"2026-07-09 13:02:29","11","7","16","8","1","7","하강","downstroke","198.3","cap","40.11","198.3","9","0","0","yes","1815","1800","85","0","0","85","0","250","final_normal_downstroke_input"
"2026-07-09 13:02:30","11","8","16","8","1","7","가압유지","downstroke","225.6","cap","40.112","225.6","8","0","0","yes","1116","1800","20","0","0","20","0","250","final_normal_pressure_hold_input"
"2026-07-09 13:02:31","11","9","16","8","1","7","상승","upstroke","125.9","rod","40.114","8","125.9","0","0","yes","1404","1800","0","65","65","0","0","250","final_normal_upstroke_input"
"2026-07-09 13:02:32","11","10","16","8","1","7","상승","upstroke","128.067","rod","40.115","8","128.067","0","0","yes","1437","1800","0","68.3","68.3","0","0","250","final_normal_upstroke_input"
"2026-07-09 13:02:33","11","11","16","8","1","7","상승","upstroke","130.233","rod","40.116","8","130.233","0","0","yes","1471","1800","0","71.7","71.7","0","0","250","final_normal_upstroke_input"
"2026-07-09 13:02:34","11","12","16","8","1","7","상승","upstroke","132.4","rod","40.118","8","132.4","0","0","yes","1504","1800","0","75","75","0","0","250","final_normal_upstroke_input"
"2026-07-09 13:02:35","11","13","16","8","1","7","상승","upstroke","134.567","rod","40.12","8","134.567","0","0","yes","1537","1800","0","78.3","78.3","0","0","250","final_normal_upstroke_input"
"2026-07-09 13:02:36","11","14","16","8","1","7","상승","upstroke","136.733","rod","40.121","8","136.733","0","0","yes","1571","1800","0","81.7","81.7","0","0","250","final_normal_upstroke_input"
"2026-07-09 13:02:37","11","15","16","8","1","7","상승","upstroke","138.9","rod","40.122","8","138.9","0","0","yes","1604","1800","0","85","85","0","0","250","final_normal_upstroke_input"
"2026-07-09 13:02:38","12","0","13","6","2","5","하강","downstroke","170.6","cap","40.11","170.6","8","0","0","yes","1600","1800","65","0","0","65","0","250","final_normal_downstroke_input"
"2026-07-09 13:02:39","12","1","13","6","2","5","하강","downstroke","176.2","cap","40.112","176.2","8.2","0","0","yes","1640","1800","69","0","0","69","0","250","final_normal_downstroke_input"
"2026-07-09 13:02:40","12","2","13","6","2","5","하강","downstroke","181.8","cap","40.113","181.8","8.4","0","0","yes","1680","1800","73","0","0","73","0","250","final_normal_downstroke_input"
"2026-07-09 13:02:41","12","3","13","6","2","5","하강","downstroke","187.4","cap","40.114","187.4","8.6","0","0","yes","1720","1800","77","0","0","77","0","250","final_normal_downstroke_input"
"2026-07-09 13:02:42","12","4","13","6","2","5","하강","downstroke","193","cap","40.116","193","8.8","0","0","yes","1760","1800","81","0","0","81","0","250","final_normal_downstroke_input"
"2026-07-09 13:02:43","12","5","13","6","2","5","하강","downstroke","198.6","cap","40.118","198.6","9","0","0","yes","1800","1800","85","0","0","85","0","250","final_normal_downstroke_input"
"2026-07-09 13:02:44","12","6","13","6","2","5","가압유지","downstroke","215","cap","40.119","215","8","0","0","yes","1200","1800","28","0","0","28","0","250","final_normal_pressure_hold_input"
"2026-07-09 13:02:45","12","7","13","6","2","5","가압유지","downstroke","225","cap","40.12","225","8","0","0","yes","1100","1800","20","0","0","20","0","250","final_normal_pressure_hold_input"
"2026-07-09 13:02:46","12","8","13","6","2","5","상승","upstroke","125","rod","40.122","8","125","0","0","yes","1408","1800","0","65","65","0","0","250","final_normal_upstroke_input"
"2026-07-09 13:02:47","12","9","13","6","2","5","상승","upstroke","128.25","rod","40.124","8","128.25","0","0","yes","1458","1800","0","70","70","0","0","250","final_normal_upstroke_input"
"2026-07-09 13:02:48","12","10","13","6","2","5","상승","upstroke","131.5","rod","40.125","8","131.5","0","0","yes","1508","1800","0","75","75","0","0","250","final_normal_upstroke_input"
"2026-07-09 13:02:49","12","11","13","6","2","5","상승","upstroke","134.75","rod","40.126","8","134.75","0","0","yes","1558","1800","0","80","80","0","0","250","final_normal_upstroke_input"
"2026-07-09 13:02:50","12","12","13","6","2","5","상승","upstroke","138","rod","40.128","8","138","0","0","yes","1608","1800","0","85","85","0","0","250","final_normal_upstroke_input"
"2026-07-09 13:02:51","13","0","14","7","1","6","하강","downstroke","170.9","cap","40.12","170.9","8","0","0","yes","1605","1800","65","0","0","65","0","250","final_normal_downstroke_input"
"2026-07-09 13:02:52","13","1","14","7","1","6","하강","downstroke","175.567","cap","40.122","175.567","8.167","0","0","yes","1638","1800","68.3","0","0","68.3","0","250","final_normal_downstroke_input"
"2026-07-09 13:02:53","13","2","14","7","1","6","하강","downstroke","180.233","cap","40.123","180.233","8.333","0","0","yes","1672","1800","71.7","0","0","71.7","0","250","final_normal_downstroke_input"
"2026-07-09 13:02:54","13","3","14","7","1","6","하강","downstroke","184.9","cap","40.124","184.9","8.5","0","0","yes","1705","1800","75","0","0","75","0","250","final_normal_downstroke_input"
"2026-07-09 13:02:55","13","4","14","7","1","6","하강","downstroke","189.567","cap","40.126","189.567","8.667","0","0","yes","1738","1800","78.3","0","0","78.3","0","250","final_normal_downstroke_input"
"2026-07-09 13:02:56","13","5","14","7","1","6","하강","downstroke","194.233","cap","40.128","194.233","8.833","0","0","yes","1772","1800","81.7","0","0","81.7","0","250","final_normal_downstroke_input"
"2026-07-09 13:02:57","13","6","14","7","1","6","하강","downstroke","198.9","cap","40.129","198.9","9","0","0","yes","1805","1800","85","0","0","85","0","250","final_normal_downstroke_input"
"2026-07-09 13:02:58","13","7","14","7","1","6","가압유지","downstroke","225.3","cap","40.13","225.3","8","0","0","yes","1108","1800","20","0","0","20","0","250","final_normal_pressure_hold_input"
"2026-07-09 13:02:59","13","8","14","7","1","6","상승","upstroke","125.3","rod","40.132","8","125.3","0","0","yes","1412","1800","0","65","65","0","0","250","final_normal_upstroke_input"
"2026-07-09 13:03:00","13","9","14","7","1","6","상승","upstroke","127.9","rod","40.134","8","127.9","0","0","yes","1452","1800","0","69","69","0","0","250","final_normal_upstroke_input"
"2026-07-09 13:03:01","13","10","14","7","1","6","상승","upstroke","130.5","rod","40.135","8","130.5","0","0","yes","1492","1800","0","73","73","0","0","250","final_normal_upstroke_input"
"2026-07-09 13:03:02","13","11","14","7","1","6","상승","upstroke","133.1","rod","40.136","8","133.1","0","0","yes","1532","1800","0","77","77","0","0","250","final_normal_upstroke_input"
"2026-07-09 13:03:03","13","12","14","7","1","6","상승","upstroke","135.7","rod","40.138","8","135.7","0","0","yes","1572","1800","0","81","81","0","0","250","final_normal_upstroke_input"
"2026-07-09 13:03:04","13","13","14","7","1","6","상승","upstroke","138.3","rod","40.14","8","138.3","0","0","yes","1612","1800","0","85","85","0","0","250","final_normal_upstroke_input"
"2026-07-09 13:03:05","14","0","16","8","1","7","하강","downstroke","171.2","cap","40.13","171.2","8","0","0","yes","1610","1800","65","0","0","65","0","250","final_normal_downstroke_input"
"2026-07-09 13:03:06","14","1","16","8","1","7","하강","downstroke","175.2","cap","40.132","175.2","8.143","0","0","yes","1639","1800","67.9","0","0","67.9","0","250","final_normal_downstroke_input"
"2026-07-09 13:03:07","14","2","16","8","1","7","하강","downstroke","179.2","cap","40.133","179.2","8.286","0","0","yes","1667","1800","70.7","0","0","70.7","0","250","final_normal_downstroke_input"
"2026-07-09 13:03:08","14","3","16","8","1","7","하강","downstroke","183.2","cap","40.134","183.2","8.429","0","0","yes","1696","1800","73.6","0","0","73.6","0","250","final_normal_downstroke_input"
"2026-07-09 13:03:09","14","4","16","8","1","7","하강","downstroke","187.2","cap","40.136","187.2","8.571","0","0","yes","1724","1800","76.4","0","0","76.4","0","250","final_normal_downstroke_input"
"2026-07-09 13:03:10","14","5","16","8","1","7","하강","downstroke","191.2","cap","40.138","191.2","8.714","0","0","yes","1753","1800","79.3","0","0","79.3","0","250","final_normal_downstroke_input"
"2026-07-09 13:03:11","14","6","16","8","1","7","하강","downstroke","195.2","cap","40.139","195.2","8.857","0","0","yes","1781","1800","82.1","0","0","82.1","0","250","final_normal_downstroke_input"
"2026-07-09 13:03:12","14","7","16","8","1","7","하강","downstroke","199.2","cap","40.14","199.2","9","0","0","yes","1810","1800","85","0","0","85","0","250","final_normal_downstroke_input"
"2026-07-09 13:03:13","14","8","16","8","1","7","가압유지","downstroke","225.6","cap","40.142","225.6","8","0","0","yes","1116","1800","20","0","0","20","0","250","final_normal_pressure_hold_input"
"2026-07-09 13:03:14","14","9","16","8","1","7","상승","upstroke","125.6","rod","40.144","8","125.6","0","0","yes","1416","1800","0","65","65","0","0","250","final_normal_upstroke_input"
"2026-07-09 13:03:15","14","10","16","8","1","7","상승","upstroke","127.767","rod","40.145","8","127.767","0","0","yes","1449","1800","0","68.3","68.3","0","0","250","final_normal_upstroke_input"
"2026-07-09 13:03:16","14","11","16","8","1","7","상승","upstroke","129.933","rod","40.146","8","129.933","0","0","yes","1483","1800","0","71.7","71.7","0","0","250","final_normal_upstroke_input"
"2026-07-09 13:03:17","14","12","16","8","1","7","상승","upstroke","132.1","rod","40.148","8","132.1","0","0","yes","1516","1800","0","75","75","0","0","250","final_normal_upstroke_input"
"2026-07-09 13:03:18","14","13","16","8","1","7","상승","upstroke","134.267","rod","40.15","8","134.267","0","0","yes","1549","1800","0","78.3","78.3","0","0","250","final_normal_upstroke_input"
"2026-07-09 13:03:19","14","14","16","8","1","7","상승","upstroke","136.433","rod","40.151","8","136.433","0","0","yes","1583","1800","0","81.7","81.7","0","0","250","final_normal_upstroke_input"
"2026-07-09 13:03:20","14","15","16","8","1","7","상승","upstroke","138.6","rod","40.152","8","138.6","0","0","yes","1616","1800","0","85","85","0","0","250","final_normal_upstroke_input"
"2026-07-09 13:03:21","15","0","12","6","1","5","하강","downstroke","170","cap","40.14","170","8","0","0","yes","1615","1800","65","0","0","65","0","250","final_normal_downstroke_input"
"2026-07-09 13:03:22","15","1","12","6","1","5","하강","downstroke","175.6","cap","40.142","175.6","8.2","0","0","yes","1655","1800","69","0","0","69","0","250","final_normal_downstroke_input"
"2026-07-09 13:03:23","15","2","12","6","1","5","하강","downstroke","181.2","cap","40.143","181.2","8.4","0","0","yes","1695","1800","73","0","0","73","0","250","final_normal_downstroke_input"
"2026-07-09 13:03:24","15","3","12","6","1","5","하강","downstroke","186.8","cap","40.144","186.8","8.6","0","0","yes","1735","1800","77","0","0","77","0","250","final_normal_downstroke_input"
"2026-07-09 13:03:25","15","4","12","6","1","5","하강","downstroke","192.4","cap","40.146","192.4","8.8","0","0","yes","1775","1800","81","0","0","81","0","250","final_normal_downstroke_input"
"2026-07-09 13:03:26","15","5","12","6","1","5","하강","downstroke","198","cap","40.148","198","9","0","0","yes","1815","1800","85","0","0","85","0","250","final_normal_downstroke_input"
"2026-07-09 13:03:27","15","6","12","6","1","5","가압유지","downstroke","225","cap","40.149","225","8","0","0","yes","1100","1800","20","0","0","20","0","250","final_normal_pressure_hold_input"
"2026-07-09 13:03:28","15","7","12","6","1","5","상승","upstroke","125.9","rod","40.15","8","125.9","0","0","yes","1400","1800","0","65","65","0","0","250","final_normal_upstroke_input"
"2026-07-09 13:03:29","15","8","12","6","1","5","상승","upstroke","129.15","rod","40.152","8","129.15","0","0","yes","1450","1800","0","70","70","0","0","250","final_normal_upstroke_input"
"2026-07-09 13:03:30","15","9","12","6","1","5","상승","upstroke","132.4","rod","40.154","8","132.4","0","0","yes","1500","1800","0","75","75","0","0","250","final_normal_upstroke_input"
"2026-07-09 13:03:31","15","10","12","6","1","5","상승","upstroke","135.65","rod","40.155","8","135.65","0","0","yes","1550","1800","0","80","80","0","0","250","final_normal_upstroke_input"
"2026-07-09 13:03:32","15","11","12","6","1","5","상승","upstroke","138.9","rod","40.156","8","138.9","0","0","yes","1600","1800","0","85","85","0","0","250","final_normal_upstroke_input"
"2026-07-09 13:03:33","16","0","15","7","2","6","하강","downstroke","170.3","cap","40.15","170.3","8","0","0","yes","1600","1800","65","0","0","65","0","250","final_normal_downstroke_input"
"2026-07-09 13:03:34","16","1","15","7","2","6","하강","downstroke","174.967","cap","40.152","174.967","8.167","0","0","yes","1633","1800","68.3","0","0","68.3","0","250","final_normal_downstroke_input"
"2026-07-09 13:03:35","16","2","15","7","2","6","하강","downstroke","179.633","cap","40.153","179.633","8.333","0","0","yes","1667","1800","71.7","0","0","71.7","0","250","final_normal_downstroke_input"
"2026-07-09 13:03:36","16","3","15","7","2","6","하강","downstroke","184.3","cap","40.154","184.3","8.5","0","0","yes","1700","1800","75","0","0","75","0","250","final_normal_downstroke_input"
"2026-07-09 13:03:37","16","4","15","7","2","6","하강","downstroke","188.967","cap","40.156","188.967","8.667","0","0","yes","1733","1800","78.3","0","0","78.3","0","250","final_normal_downstroke_input"
"2026-07-09 13:03:38","16","5","15","7","2","6","하강","downstroke","193.633","cap","40.158","193.633","8.833","0","0","yes","1767","1800","81.7","0","0","81.7","0","250","final_normal_downstroke_input"
"2026-07-09 13:03:39","16","6","15","7","2","6","하강","downstroke","198.3","cap","40.159","198.3","9","0","0","yes","1800","1800","85","0","0","85","0","250","final_normal_downstroke_input"
"2026-07-09 13:03:40","16","7","15","7","2","6","가압유지","downstroke","215.3","cap","40.16","215.3","8","0","0","yes","1208","1800","28","0","0","28","0","250","final_normal_pressure_hold_input"
"2026-07-09 13:03:41","16","8","15","7","2","6","가압유지","downstroke","225.3","cap","40.162","225.3","8","0","0","yes","1108","1800","20","0","0","20","0","250","final_normal_pressure_hold_input"
"2026-07-09 13:03:42","16","9","15","7","2","6","상승","upstroke","125","rod","40.164","8","125","0","0","yes","1404","1800","0","65","65","0","0","250","final_normal_upstroke_input"
"2026-07-09 13:03:43","16","10","15","7","2","6","상승","upstroke","127.6","rod","40.165","8","127.6","0","0","yes","1444","1800","0","69","69","0","0","250","final_normal_upstroke_input"
"2026-07-09 13:03:44","16","11","15","7","2","6","상승","upstroke","130.2","rod","40.166","8","130.2","0","0","yes","1484","1800","0","73","73","0","0","250","final_normal_upstroke_input"
"2026-07-09 13:03:45","16","12","15","7","2","6","상승","upstroke","132.8","rod","40.168","8","132.8","0","0","yes","1524","1800","0","77","77","0","0","250","final_normal_upstroke_input"
"2026-07-09 13:03:46","16","13","15","7","2","6","상승","upstroke","135.4","rod","40.17","8","135.4","0","0","yes","1564","1800","0","81","81","0","0","250","final_normal_upstroke_input"
"2026-07-09 13:03:47","16","14","15","7","2","6","상승","upstroke","138","rod","40.171","8","138","0","0","yes","1604","1800","0","85","85","0","0","250","final_normal_upstroke_input"
"2026-07-09 13:03:48","17","0","16","8","1","7","하강","downstroke","170.6","cap","40.16","170.6","8","0","0","yes","1605","1800","65","0","0","65","0","250","final_normal_downstroke_input"
"2026-07-09 13:03:49","17","1","16","8","1","7","하강","downstroke","174.6","cap","40.162","174.6","8.143","0","0","yes","1634","1800","67.9","0","0","67.9","0","250","final_normal_downstroke_input"
"2026-07-09 13:03:50","17","2","16","8","1","7","하강","downstroke","178.6","cap","40.163","178.6","8.286","0","0","yes","1662","1800","70.7","0","0","70.7","0","250","final_normal_downstroke_input"
"2026-07-09 13:03:51","17","3","16","8","1","7","하강","downstroke","182.6","cap","40.164","182.6","8.429","0","0","yes","1691","1800","73.6","0","0","73.6","0","250","final_normal_downstroke_input"
"2026-07-09 13:03:52","17","4","16","8","1","7","하강","downstroke","186.6","cap","40.166","186.6","8.571","0","0","yes","1719","1800","76.4","0","0","76.4","0","250","final_normal_downstroke_input"
"2026-07-09 13:03:53","17","5","16","8","1","7","하강","downstroke","190.6","cap","40.168","190.6","8.714","0","0","yes","1748","1800","79.3","0","0","79.3","0","250","final_normal_downstroke_input"
"2026-07-09 13:03:54","17","6","16","8","1","7","하강","downstroke","194.6","cap","40.169","194.6","8.857","0","0","yes","1776","1800","82.1","0","0","82.1","0","250","final_normal_downstroke_input"
"2026-07-09 13:03:55","17","7","16","8","1","7","하강","downstroke","198.6","cap","40.17","198.6","9","0","0","yes","1805","1800","85","0","0","85","0","250","final_normal_downstroke_input"
"2026-07-09 13:03:56","17","8","16","8","1","7","가압유지","downstroke","225.6","cap","40.172","225.6","8","0","0","yes","1116","1800","20","0","0","20","0","250","final_normal_pressure_hold_input"
"2026-07-09 13:03:57","17","9","16","8","1","7","상승","upstroke","125.3","rod","40.174","8","125.3","0","0","yes","1408","1800","0","65","65","0","0","250","final_normal_upstroke_input"
"2026-07-09 13:03:58","17","10","16","8","1","7","상승","upstroke","127.467","rod","40.175","8","127.467","0","0","yes","1441","1800","0","68.3","68.3","0","0","250","final_normal_upstroke_input"
"2026-07-09 13:03:59","17","11","16","8","1","7","상승","upstroke","129.633","rod","40.176","8","129.633","0","0","yes","1475","1800","0","71.7","71.7","0","0","250","final_normal_upstroke_input"
"2026-07-09 13:04:00","17","12","16","8","1","7","상승","upstroke","131.8","rod","40.178","8","131.8","0","0","yes","1508","1800","0","75","75","0","0","250","final_normal_upstroke_input"
"2026-07-09 13:04:01","17","13","16","8","1","7","상승","upstroke","133.967","rod","40.18","8","133.967","0","0","yes","1541","1800","0","78.3","78.3","0","0","250","final_normal_upstroke_input"
"2026-07-09 13:04:02","17","14","16","8","1","7","상승","upstroke","136.133","rod","40.181","8","136.133","0","0","yes","1575","1800","0","81.7","81.7","0","0","250","final_normal_upstroke_input"
"2026-07-09 13:04:03","17","15","16","8","1","7","상승","upstroke","138.3","rod","40.182","8","138.3","0","0","yes","1608","1800","0","85","85","0","0","250","final_normal_upstroke_input"
"2026-07-09 13:04:04","18","0","12","6","1","5","하강","downstroke","170.9","cap","40.17","170.9","8","0","0","yes","1610","1800","65","0","0","65","0","250","final_normal_downstroke_input"
"2026-07-09 13:04:05","18","1","12","6","1","5","하강","downstroke","176.5","cap","40.172","176.5","8.2","0","0","yes","1650","1800","69","0","0","69","0","250","final_normal_downstroke_input"
"2026-07-09 13:04:06","18","2","12","6","1","5","하강","downstroke","182.1","cap","40.173","182.1","8.4","0","0","yes","1690","1800","73","0","0","73","0","250","final_normal_downstroke_input"
"2026-07-09 13:04:07","18","3","12","6","1","5","하강","downstroke","187.7","cap","40.174","187.7","8.6","0","0","yes","1730","1800","77","0","0","77","0","250","final_normal_downstroke_input"
"2026-07-09 13:04:08","18","4","12","6","1","5","하강","downstroke","193.3","cap","40.176","193.3","8.8","0","0","yes","1770","1800","81","0","0","81","0","250","final_normal_downstroke_input"
"2026-07-09 13:04:09","18","5","12","6","1","5","하강","downstroke","198.9","cap","40.178","198.9","9","0","0","yes","1810","1800","85","0","0","85","0","250","final_normal_downstroke_input"
"2026-07-09 13:04:10","18","6","12","6","1","5","가압유지","downstroke","225","cap","40.179","225","8","0","0","yes","1100","1800","20","0","0","20","0","250","final_normal_pressure_hold_input"
"2026-07-09 13:04:11","18","7","12","6","1","5","상승","upstroke","125.6","rod","40.18","8","125.6","0","0","yes","1412","1800","0","65","65","0","0","250","final_normal_upstroke_input"
"2026-07-09 13:04:12","18","8","12","6","1","5","상승","upstroke","128.85","rod","40.182","8","128.85","0","0","yes","1462","1800","0","70","70","0","0","250","final_normal_upstroke_input"
"2026-07-09 13:04:13","18","9","12","6","1","5","상승","upstroke","132.1","rod","40.184","8","132.1","0","0","yes","1512","1800","0","75","75","0","0","250","final_normal_upstroke_input"
"2026-07-09 13:04:14","18","10","12","6","1","5","상승","upstroke","135.35","rod","40.185","8","135.35","0","0","yes","1562","1800","0","80","80","0","0","250","final_normal_upstroke_input"
"2026-07-09 13:04:15","18","11","12","6","1","5","상승","upstroke","138.6","rod","40.186","8","138.6","0","0","yes","1612","1800","0","85","85","0","0","250","final_normal_upstroke_input"
"2026-07-09 13:04:16","19","0","14","7","1","6","하강","downstroke","171.2","cap","40.18","171.2","8","0","0","yes","1615","1800","65","0","0","65","0","250","final_normal_downstroke_input"
"2026-07-09 13:04:17","19","1","14","7","1","6","하강","downstroke","175.867","cap","40.182","175.867","8.167","0","0","yes","1648","1800","68.3","0","0","68.3","0","250","final_normal_downstroke_input"
"2026-07-09 13:04:18","19","2","14","7","1","6","하강","downstroke","180.533","cap","40.183","180.533","8.333","0","0","yes","1682","1800","71.7","0","0","71.7","0","250","final_normal_downstroke_input"
"2026-07-09 13:04:19","19","3","14","7","1","6","하강","downstroke","185.2","cap","40.184","185.2","8.5","0","0","yes","1715","1800","75","0","0","75","0","250","final_normal_downstroke_input"
"2026-07-09 13:04:20","19","4","14","7","1","6","하강","downstroke","189.867","cap","40.186","189.867","8.667","0","0","yes","1748","1800","78.3","0","0","78.3","0","250","final_normal_downstroke_input"
"2026-07-09 13:04:21","19","5","14","7","1","6","하강","downstroke","194.533","cap","40.188","194.533","8.833","0","0","yes","1782","1800","81.7","0","0","81.7","0","250","final_normal_downstroke_input"
"2026-07-09 13:04:22","19","6","14","7","1","6","하강","downstroke","199.2","cap","40.189","199.2","9","0","0","yes","1815","1800","85","0","0","85","0","250","final_normal_downstroke_input"
"2026-07-09 13:04:23","19","7","14","7","1","6","가압유지","downstroke","225.3","cap","40.19","225.3","8","0","0","yes","1108","1800","20","0","0","20","0","250","final_normal_pressure_hold_input"
"2026-07-09 13:04:24","19","8","14","7","1","6","상승","upstroke","125.9","rod","40.192","8","125.9","0","0","yes","1416","1800","0","65","65","0","0","250","final_normal_upstroke_input"
"2026-07-09 13:04:25","19","9","14","7","1","6","상승","upstroke","128.5","rod","40.194","8","128.5","0","0","yes","1456","1800","0","69","69","0","0","250","final_normal_upstroke_input"
"2026-07-09 13:04:26","19","10","14","7","1","6","상승","upstroke","131.1","rod","40.195","8","131.1","0","0","yes","1496","1800","0","73","73","0","0","250","final_normal_upstroke_input"
"2026-07-09 13:04:27","19","11","14","7","1","6","상승","upstroke","133.7","rod","40.196","8","133.7","0","0","yes","1536","1800","0","77","77","0","0","250","final_normal_upstroke_input"
"2026-07-09 13:04:28","19","12","14","7","1","6","상승","upstroke","136.3","rod","40.198","8","136.3","0","0","yes","1576","1800","0","81","81","0","0","250","final_normal_upstroke_input"
"2026-07-09 13:04:29","19","13","14","7","1","6","상승","upstroke","138.9","rod","40.2","8","138.9","0","0","yes","1616","1800","0","85","85","0","0","250","final_normal_upstroke_input"
"2026-07-09 13:04:30","20","0","17","8","2","7","하강","downstroke","170","cap","40.19","170","8","0","0","yes","1600","1800","65","0","0","65","0","250","final_normal_downstroke_input"
"2026-07-09 13:04:31","20","1","17","8","2","7","하강","downstroke","174","cap","40.192","174","8.143","0","0","yes","1629","1800","67.9","0","0","67.9","0","250","final_normal_downstroke_input"
"2026-07-09 13:04:32","20","2","17","8","2","7","하강","downstroke","178","cap","40.193","178","8.286","0","0","yes","1657","1800","70.7","0","0","70.7","0","250","final_normal_downstroke_input"
"2026-07-09 13:04:33","20","3","17","8","2","7","하강","downstroke","182","cap","40.194","182","8.429","0","0","yes","1686","1800","73.6","0","0","73.6","0","250","final_normal_downstroke_input"
"2026-07-09 13:04:34","20","4","17","8","2","7","하강","downstroke","186","cap","40.196","186","8.571","0","0","yes","1714","1800","76.4","0","0","76.4","0","250","final_normal_downstroke_input"
"2026-07-09 13:04:35","20","5","17","8","2","7","하강","downstroke","190","cap","40.198","190","8.714","0","0","yes","1743","1800","79.3","0","0","79.3","0","250","final_normal_downstroke_input"
"2026-07-09 13:04:36","20","6","17","8","2","7","하강","downstroke","194","cap","40.199","194","8.857","0","0","yes","1771","1800","82.1","0","0","82.1","0","250","final_normal_downstroke_input"
"2026-07-09 13:04:37","20","7","17","8","2","7","하강","downstroke","198","cap","40.2","198","9","0","0","yes","1800","1800","85","0","0","85","0","250","final_normal_downstroke_input"
"2026-07-09 13:04:38","20","8","17","8","2","7","가압유지","downstroke","215.6","cap","40.202","215.6","8","0","0","yes","1216","1800","28","0","0","28","0","250","final_normal_pressure_hold_input"
"2026-07-09 13:04:39","20","9","17","8","2","7","가압유지","downstroke","225.6","cap","40.204","225.6","8","0","0","yes","1116","1800","20","0","0","20","0","250","final_normal_pressure_hold_input"
"2026-07-09 13:04:40","20","10","17","8","2","7","상승","upstroke","125","rod","40.205","8","125","0","0","yes","1400","1800","0","65","65","0","0","250","final_normal_upstroke_input"
"2026-07-09 13:04:41","20","11","17","8","2","7","상승","upstroke","127.167","rod","40.206","8","127.167","0","0","yes","1433","1800","0","68.3","68.3","0","0","250","final_normal_upstroke_input"
"2026-07-09 13:04:42","20","12","17","8","2","7","상승","upstroke","129.333","rod","40.208","8","129.333","0","0","yes","1467","1800","0","71.7","71.7","0","0","250","final_normal_upstroke_input"
"2026-07-09 13:04:43","20","13","17","8","2","7","상승","upstroke","131.5","rod","40.21","8","131.5","0","0","yes","1500","1800","0","75","75","0","0","250","final_normal_upstroke_input"
"2026-07-09 13:04:44","20","14","17","8","2","7","상승","upstroke","133.667","rod","40.211","8","133.667","0","0","yes","1533","1800","0","78.3","78.3","0","0","250","final_normal_upstroke_input"
"2026-07-09 13:04:45","20","15","17","8","2","7","상승","upstroke","135.833","rod","40.212","8","135.833","0","0","yes","1567","1800","0","81.7","81.7","0","0","250","final_normal_upstroke_input"
"2026-07-09 13:04:46","20","16","17","8","2","7","상승","upstroke","138","rod","40.214","8","138","0","0","yes","1600","1800","0","85","85","0","0","250","final_normal_upstroke_input"
"2026-07-09 13:04:47","21","0","12","6","1","5","하강","downstroke","170.3","cap","40.2","170.3","8","0","0","yes","1605","1800","65","0","0","65","0","250","final_normal_downstroke_input"
"2026-07-09 13:04:48","21","1","12","6","1","5","하강","downstroke","175.9","cap","40.202","175.9","8.2","0","0","yes","1645","1800","69","0","0","69","0","250","final_normal_downstroke_input"
"2026-07-09 13:04:49","21","2","12","6","1","5","하강","downstroke","181.5","cap","40.203","181.5","8.4","0","0","yes","1685","1800","73","0","0","73","0","250","final_normal_downstroke_input"
"2026-07-09 13:04:50","21","3","12","6","1","5","하강","downstroke","187.1","cap","40.204","187.1","8.6","0","0","yes","1725","1800","77","0","0","77","0","250","final_normal_downstroke_input"
"2026-07-09 13:04:51","21","4","12","6","1","5","하강","downstroke","192.7","cap","40.206","192.7","8.8","0","0","yes","1765","1800","81","0","0","81","0","250","final_normal_downstroke_input"
"2026-07-09 13:04:52","21","5","12","6","1","5","하강","downstroke","198.3","cap","40.208","198.3","9","0","0","yes","1805","1800","85","0","0","85","0","250","final_normal_downstroke_input"
"2026-07-09 13:04:53","21","6","12","6","1","5","가압유지","downstroke","225","cap","40.209","225","8","0","0","yes","1100","1800","20","0","0","20","0","250","final_normal_pressure_hold_input"
"2026-07-09 13:04:54","21","7","12","6","1","5","상승","upstroke","125.3","rod","40.21","8","125.3","0","0","yes","1404","1800","0","65","65","0","0","250","final_normal_upstroke_input"
"2026-07-09 13:04:55","21","8","12","6","1","5","상승","upstroke","128.55","rod","40.212","8","128.55","0","0","yes","1454","1800","0","70","70","0","0","250","final_normal_upstroke_input"
"2026-07-09 13:04:56","21","9","12","6","1","5","상승","upstroke","131.8","rod","40.214","8","131.8","0","0","yes","1504","1800","0","75","75","0","0","250","final_normal_upstroke_input"
"2026-07-09 13:04:57","21","10","12","6","1","5","상승","upstroke","135.05","rod","40.215","8","135.05","0","0","yes","1554","1800","0","80","80","0","0","250","final_normal_upstroke_input"
"2026-07-09 13:04:58","21","11","12","6","1","5","상승","upstroke","138.3","rod","40.216","8","138.3","0","0","yes","1604","1800","0","85","85","0","0","250","final_normal_upstroke_input"
"2026-07-09 13:04:59","22","0","14","7","1","6","하강","downstroke","170.6","cap","40.21","170.6","8","0","0","yes","1610","1800","65","0","0","65","0","250","final_normal_downstroke_input"
"2026-07-09 13:05:00","22","1","14","7","1","6","하강","downstroke","175.267","cap","40.212","175.267","8.167","0","0","yes","1643","1800","68.3","0","0","68.3","0","250","final_normal_downstroke_input"
"2026-07-09 13:05:01","22","2","14","7","1","6","하강","downstroke","179.933","cap","40.213","179.933","8.333","0","0","yes","1677","1800","71.7","0","0","71.7","0","250","final_normal_downstroke_input"
"2026-07-09 13:05:02","22","3","14","7","1","6","하강","downstroke","184.6","cap","40.214","184.6","8.5","0","0","yes","1710","1800","75","0","0","75","0","250","final_normal_downstroke_input"
"2026-07-09 13:05:03","22","4","14","7","1","6","하강","downstroke","189.267","cap","40.216","189.267","8.667","0","0","yes","1743","1800","78.3","0","0","78.3","0","250","final_normal_downstroke_input"
"2026-07-09 13:05:04","22","5","14","7","1","6","하강","downstroke","193.933","cap","40.218","193.933","8.833","0","0","yes","1777","1800","81.7","0","0","81.7","0","250","final_normal_downstroke_input"
"2026-07-09 13:05:05","22","6","14","7","1","6","하강","downstroke","198.6","cap","40.219","198.6","9","0","0","yes","1810","1800","85","0","0","85","0","250","final_normal_downstroke_input"
"2026-07-09 13:05:06","22","7","14","7","1","6","가압유지","downstroke","225.3","cap","40.22","225.3","8","0","0","yes","1108","1800","20","0","0","20","0","250","final_normal_pressure_hold_input"
"2026-07-09 13:05:07","22","8","14","7","1","6","상승","upstroke","125.6","rod","40.222","8","125.6","0","0","yes","1408","1800","0","65","65","0","0","250","final_normal_upstroke_input"
"2026-07-09 13:05:08","22","9","14","7","1","6","상승","upstroke","128.2","rod","40.224","8","128.2","0","0","yes","1448","1800","0","69","69","0","0","250","final_normal_upstroke_input"
"2026-07-09 13:05:09","22","10","14","7","1","6","상승","upstroke","130.8","rod","40.225","8","130.8","0","0","yes","1488","1800","0","73","73","0","0","250","final_normal_upstroke_input"
"2026-07-09 13:05:10","22","11","14","7","1","6","상승","upstroke","133.4","rod","40.226","8","133.4","0","0","yes","1528","1800","0","77","77","0","0","250","final_normal_upstroke_input"
"2026-07-09 13:05:11","22","12","14","7","1","6","상승","upstroke","136","rod","40.228","8","136","0","0","yes","1568","1800","0","81","81","0","0","250","final_normal_upstroke_input"
"2026-07-09 13:05:12","22","13","14","7","1","6","상승","upstroke","138.6","rod","40.23","8","138.6","0","0","yes","1608","1800","0","85","85","0","0","250","final_normal_upstroke_input"
"2026-07-09 13:05:13","23","0","16","8","1","7","하강","downstroke","170.9","cap","40.22","170.9","8","0","0","yes","1615","1800","65","0","0","65","0","250","final_normal_downstroke_input"
"2026-07-09 13:05:14","23","1","16","8","1","7","하강","downstroke","174.9","cap","40.222","174.9","8.143","0","0","yes","1644","1800","67.9","0","0","67.9","0","250","final_normal_downstroke_input"
"2026-07-09 13:05:15","23","2","16","8","1","7","하강","downstroke","178.9","cap","40.223","178.9","8.286","0","0","yes","1672","1800","70.7","0","0","70.7","0","250","final_normal_downstroke_input"
"2026-07-09 13:05:16","23","3","16","8","1","7","하강","downstroke","182.9","cap","40.224","182.9","8.429","0","0","yes","1701","1800","73.6","0","0","73.6","0","250","final_normal_downstroke_input"
"2026-07-09 13:05:17","23","4","16","8","1","7","하강","downstroke","186.9","cap","40.226","186.9","8.571","0","0","yes","1729","1800","76.4","0","0","76.4","0","250","final_normal_downstroke_input"
"2026-07-09 13:05:18","23","5","16","8","1","7","하강","downstroke","190.9","cap","40.228","190.9","8.714","0","0","yes","1758","1800","79.3","0","0","79.3","0","250","final_normal_downstroke_input"
"2026-07-09 13:05:19","23","6","16","8","1","7","하강","downstroke","194.9","cap","40.229","194.9","8.857","0","0","yes","1786","1800","82.1","0","0","82.1","0","250","final_normal_downstroke_input"
"2026-07-09 13:05:20","23","7","16","8","1","7","하강","downstroke","198.9","cap","40.23","198.9","9","0","0","yes","1815","1800","85","0","0","85","0","250","final_normal_downstroke_input"
"2026-07-09 13:05:21","23","8","16","8","1","7","가압유지","downstroke","225.6","cap","40.232","225.6","8","0","0","yes","1116","1800","20","0","0","20","0","250","final_normal_pressure_hold_input"
"2026-07-09 13:05:22","23","9","16","8","1","7","상승","upstroke","125.9","rod","40.234","8","125.9","0","0","yes","1412","1800","0","65","65","0","0","250","final_normal_upstroke_input"
"2026-07-09 13:05:23","23","10","16","8","1","7","상승","upstroke","128.067","rod","40.235","8","128.067","0","0","yes","1445","1800","0","68.3","68.3","0","0","250","final_normal_upstroke_input"
"2026-07-09 13:05:24","23","11","16","8","1","7","상승","upstroke","130.233","rod","40.236","8","130.233","0","0","yes","1479","1800","0","71.7","71.7","0","0","250","final_normal_upstroke_input"
"2026-07-09 13:05:25","23","12","16","8","1","7","상승","upstroke","132.4","rod","40.238","8","132.4","0","0","yes","1512","1800","0","75","75","0","0","250","final_normal_upstroke_input"
"2026-07-09 13:05:26","23","13","16","8","1","7","상승","upstroke","134.567","rod","40.24","8","134.567","0","0","yes","1545","1800","0","78.3","78.3","0","0","250","final_normal_upstroke_input"
"2026-07-09 13:05:27","23","14","16","8","1","7","상승","upstroke","136.733","rod","40.241","8","136.733","0","0","yes","1579","1800","0","81.7","81.7","0","0","250","final_normal_upstroke_input"
"2026-07-09 13:05:28","23","15","16","8","1","7","상승","upstroke","138.9","rod","40.242","8","138.9","0","0","yes","1612","1800","0","85","85","0","0","250","final_normal_upstroke_input"
"2026-07-09 13:05:29","24","0","13","6","2","5","하강","downstroke","171.2","cap","40.23","171.2","8","0","0","yes","1600","1800","65","0","0","65","0","250","final_normal_downstroke_input"
"2026-07-09 13:05:30","24","1","13","6","2","5","하강","downstroke","176.8","cap","40.232","176.8","8.2","0","0","yes","1640","1800","69","0","0","69","0","250","final_normal_downstroke_input"
"2026-07-09 13:05:31","24","2","13","6","2","5","하강","downstroke","182.4","cap","40.233","182.4","8.4","0","0","yes","1680","1800","73","0","0","73","0","250","final_normal_downstroke_input"
"2026-07-09 13:05:32","24","3","13","6","2","5","하강","downstroke","188","cap","40.234","188","8.6","0","0","yes","1720","1800","77","0","0","77","0","250","final_normal_downstroke_input"
"2026-07-09 13:05:33","24","4","13","6","2","5","하강","downstroke","193.6","cap","40.236","193.6","8.8","0","0","yes","1760","1800","81","0","0","81","0","250","final_normal_downstroke_input"
"2026-07-09 13:05:34","24","5","13","6","2","5","하강","downstroke","199.2","cap","40.238","199.2","9","0","0","yes","1800","1800","85","0","0","85","0","250","final_normal_downstroke_input"
"2026-07-09 13:05:35","24","6","13","6","2","5","가압유지","downstroke","215","cap","40.239","215","8","0","0","yes","1200","1800","28","0","0","28","0","250","final_normal_pressure_hold_input"
"2026-07-09 13:05:36","24","7","13","6","2","5","가압유지","downstroke","225","cap","40.24","225","8","0","0","yes","1100","1800","20","0","0","20","0","250","final_normal_pressure_hold_input"
"2026-07-09 13:05:37","24","8","13","6","2","5","상승","upstroke","125","rod","40.242","8","125","0","0","yes","1416","1800","0","65","65","0","0","250","final_normal_upstroke_input"
"2026-07-09 13:05:38","24","9","13","6","2","5","상승","upstroke","128.25","rod","40.244","8","128.25","0","0","yes","1466","1800","0","70","70","0","0","250","final_normal_upstroke_input"
"2026-07-09 13:05:39","24","10","13","6","2","5","상승","upstroke","131.5","rod","40.245","8","131.5","0","0","yes","1516","1800","0","75","75","0","0","250","final_normal_upstroke_input"
"2026-07-09 13:05:40","24","11","13","6","2","5","상승","upstroke","134.75","rod","40.246","8","134.75","0","0","yes","1566","1800","0","80","80","0","0","250","final_normal_upstroke_input"
"2026-07-09 13:05:41","24","12","13","6","2","5","상승","upstroke","138","rod","40.248","8","138","0","0","yes","1616","1800","0","85","85","0","0","250","final_normal_upstroke_input"
"2026-07-09 13:05:42","25","0","14","7","1","6","하강","downstroke","170","cap","40.24","170","8","0","0","yes","1605","1800","65","0","0","65","0","250","final_normal_downstroke_input"
"2026-07-09 13:05:43","25","1","14","7","1","6","하강","downstroke","174.667","cap","40.242","174.667","8.167","0","0","yes","1638","1800","68.3","0","0","68.3","0","250","final_normal_downstroke_input"
"2026-07-09 13:05:44","25","2","14","7","1","6","하강","downstroke","179.333","cap","40.243","179.333","8.333","0","0","yes","1672","1800","71.7","0","0","71.7","0","250","final_normal_downstroke_input"
"2026-07-09 13:05:45","25","3","14","7","1","6","하강","downstroke","184","cap","40.244","184","8.5","0","0","yes","1705","1800","75","0","0","75","0","250","final_normal_downstroke_input"
"2026-07-09 13:05:46","25","4","14","7","1","6","하강","downstroke","188.667","cap","40.246","188.667","8.667","0","0","yes","1738","1800","78.3","0","0","78.3","0","250","final_normal_downstroke_input"
"2026-07-09 13:05:47","25","5","14","7","1","6","하강","downstroke","193.333","cap","40.248","193.333","8.833","0","0","yes","1772","1800","81.7","0","0","81.7","0","250","final_normal_downstroke_input"
"2026-07-09 13:05:48","25","6","14","7","1","6","하강","downstroke","198","cap","40.249","198","9","0","0","yes","1805","1800","85","0","0","85","0","250","final_normal_downstroke_input"
"2026-07-09 13:05:49","25","7","14","7","1","6","가압유지","downstroke","225.3","cap","40.25","225.3","8","0","0","yes","1108","1800","20","0","0","20","0","250","final_normal_pressure_hold_input"
"2026-07-09 13:05:50","25","8","14","7","1","6","상승","upstroke","125.3","rod","40.252","8","125.3","0","0","yes","1400","1800","0","65","65","0","0","250","final_normal_upstroke_input"
"2026-07-09 13:05:51","25","9","14","7","1","6","상승","upstroke","127.9","rod","40.254","8","127.9","0","0","yes","1440","1800","0","69","69","0","0","250","final_normal_upstroke_input"
"2026-07-09 13:05:52","25","10","14","7","1","6","상승","upstroke","130.5","rod","40.255","8","130.5","0","0","yes","1480","1800","0","73","73","0","0","250","final_normal_upstroke_input"
"2026-07-09 13:05:53","25","11","14","7","1","6","상승","upstroke","133.1","rod","40.256","8","133.1","0","0","yes","1520","1800","0","77","77","0","0","250","final_normal_upstroke_input"
"2026-07-09 13:05:54","25","12","14","7","1","6","상승","upstroke","135.7","rod","40.258","8","135.7","0","0","yes","1560","1800","0","81","81","0","0","250","final_normal_upstroke_input"
"2026-07-09 13:05:55","25","13","14","7","1","6","상승","upstroke","138.3","rod","40.26","8","138.3","0","0","yes","1600","1800","0","85","85","0","0","250","final_normal_upstroke_input"
"2026-07-09 13:05:56","26","0","16","8","1","7","하강","downstroke","170.3","cap","40.25","170.3","8","0","0","yes","1610","1800","65","0","0","65","0","250","final_normal_downstroke_input"
"2026-07-09 13:05:57","26","1","16","8","1","7","하강","downstroke","174.3","cap","40.252","174.3","8.143","0","0","yes","1639","1800","67.9","0","0","67.9","0","250","final_normal_downstroke_input"
"2026-07-09 13:05:58","26","2","16","8","1","7","하강","downstroke","178.3","cap","40.253","178.3","8.286","0","0","yes","1667","1800","70.7","0","0","70.7","0","250","final_normal_downstroke_input"
"2026-07-09 13:05:59","26","3","16","8","1","7","하강","downstroke","182.3","cap","40.254","182.3","8.429","0","0","yes","1696","1800","73.6","0","0","73.6","0","250","final_normal_downstroke_input"
"2026-07-09 13:06:00","26","4","16","8","1","7","하강","downstroke","186.3","cap","40.256","186.3","8.571","0","0","yes","1724","1800","76.4","0","0","76.4","0","250","final_normal_downstroke_input"
"2026-07-09 13:06:01","26","5","16","8","1","7","하강","downstroke","190.3","cap","40.258","190.3","8.714","0","0","yes","1753","1800","79.3","0","0","79.3","0","250","final_normal_downstroke_input"
"2026-07-09 13:06:02","26","6","16","8","1","7","하강","downstroke","194.3","cap","40.259","194.3","8.857","0","0","yes","1781","1800","82.1","0","0","82.1","0","250","final_normal_downstroke_input"
"2026-07-09 13:06:03","26","7","16","8","1","7","하강","downstroke","198.3","cap","40.26","198.3","9","0","0","yes","1810","1800","85","0","0","85","0","250","final_normal_downstroke_input"
"2026-07-09 13:06:04","26","8","16","8","1","7","가압유지","downstroke","225.6","cap","40.262","225.6","8","0","0","yes","1116","1800","20","0","0","20","0","250","final_normal_pressure_hold_input"
"2026-07-09 13:06:05","26","9","16","8","1","7","상승","upstroke","125.6","rod","40.264","8","125.6","0","0","yes","1404","1800","0","65","65","0","0","250","final_normal_upstroke_input"
"2026-07-09 13:06:06","26","10","16","8","1","7","상승","upstroke","127.767","rod","40.265","8","127.767","0","0","yes","1437","1800","0","68.3","68.3","0","0","250","final_normal_upstroke_input"
"2026-07-09 13:06:07","26","11","16","8","1","7","상승","upstroke","129.933","rod","40.266","8","129.933","0","0","yes","1471","1800","0","71.7","71.7","0","0","250","final_normal_upstroke_input"
"2026-07-09 13:06:08","26","12","16","8","1","7","상승","upstroke","132.1","rod","40.268","8","132.1","0","0","yes","1504","1800","0","75","75","0","0","250","final_normal_upstroke_input"
"2026-07-09 13:06:09","26","13","16","8","1","7","상승","upstroke","134.267","rod","40.27","8","134.267","0","0","yes","1537","1800","0","78.3","78.3","0","0","250","final_normal_upstroke_input"
"2026-07-09 13:06:10","26","14","16","8","1","7","상승","upstroke","136.433","rod","40.271","8","136.433","0","0","yes","1571","1800","0","81.7","81.7","0","0","250","final_normal_upstroke_input"
"2026-07-09 13:06:11","26","15","16","8","1","7","상승","upstroke","138.6","rod","40.272","8","138.6","0","0","yes","1604","1800","0","85","85","0","0","250","final_normal_upstroke_input"
"2026-07-09 13:06:12","27","0","12","6","1","5","하강","downstroke","170.6","cap","40.26","170.6","8","0","0","yes","1615","1800","65","0","0","65","0","250","final_normal_downstroke_input"
"2026-07-09 13:06:13","27","1","12","6","1","5","하강","downstroke","176.2","cap","40.262","176.2","8.2","0","0","yes","1655","1800","69","0","0","69","0","250","final_normal_downstroke_input"
"2026-07-09 13:06:14","27","2","12","6","1","5","하강","downstroke","181.8","cap","40.263","181.8","8.4","0","0","yes","1695","1800","73","0","0","73","0","250","final_normal_downstroke_input"
"2026-07-09 13:06:15","27","3","12","6","1","5","하강","downstroke","187.4","cap","40.264","187.4","8.6","0","0","yes","1735","1800","77","0","0","77","0","250","final_normal_downstroke_input"
"2026-07-09 13:06:16","27","4","12","6","1","5","하강","downstroke","193","cap","40.266","193","8.8","0","0","yes","1775","1800","81","0","0","81","0","250","final_normal_downstroke_input"
"2026-07-09 13:06:17","27","5","12","6","1","5","하강","downstroke","198.6","cap","40.268","198.6","9","0","0","yes","1815","1800","85","0","0","85","0","250","final_normal_downstroke_input"
"2026-07-09 13:06:18","27","6","12","6","1","5","가압유지","downstroke","225","cap","40.269","225","8","0","0","yes","1100","1800","20","0","0","20","0","250","final_normal_pressure_hold_input"
"2026-07-09 13:06:19","27","7","12","6","1","5","상승","upstroke","125.9","rod","40.27","8","125.9","0","0","yes","1408","1800","0","65","65","0","0","250","final_normal_upstroke_input"
"2026-07-09 13:06:20","27","8","12","6","1","5","상승","upstroke","129.15","rod","40.272","8","129.15","0","0","yes","1458","1800","0","70","70","0","0","250","final_normal_upstroke_input"
"2026-07-09 13:06:21","27","9","12","6","1","5","상승","upstroke","132.4","rod","40.274","8","132.4","0","0","yes","1508","1800","0","75","75","0","0","250","final_normal_upstroke_input"
"2026-07-09 13:06:22","27","10","12","6","1","5","상승","upstroke","135.65","rod","40.275","8","135.65","0","0","yes","1558","1800","0","80","80","0","0","250","final_normal_upstroke_input"
"2026-07-09 13:06:23","27","11","12","6","1","5","상승","upstroke","138.9","rod","40.276","8","138.9","0","0","yes","1608","1800","0","85","85","0","0","250","final_normal_upstroke_input"
"2026-07-09 13:06:24","28","0","15","7","2","6","하강","downstroke","170.9","cap","40.27","170.9","8","0","0","yes","1600","1800","65","0","0","65","0","250","final_normal_downstroke_input"
"2026-07-09 13:06:25","28","1","15","7","2","6","하강","downstroke","175.567","cap","40.272","175.567","8.167","0","0","yes","1633","1800","68.3","0","0","68.3","0","250","final_normal_downstroke_input"
"2026-07-09 13:06:26","28","2","15","7","2","6","하강","downstroke","180.233","cap","40.273","180.233","8.333","0","0","yes","1667","1800","71.7","0","0","71.7","0","250","final_normal_downstroke_input"
"2026-07-09 13:06:27","28","3","15","7","2","6","하강","downstroke","184.9","cap","40.274","184.9","8.5","0","0","yes","1700","1800","75","0","0","75","0","250","final_normal_downstroke_input"
"2026-07-09 13:06:28","28","4","15","7","2","6","하강","downstroke","189.567","cap","40.276","189.567","8.667","0","0","yes","1733","1800","78.3","0","0","78.3","0","250","final_normal_downstroke_input"
"2026-07-09 13:06:29","28","5","15","7","2","6","하강","downstroke","194.233","cap","40.278","194.233","8.833","0","0","yes","1767","1800","81.7","0","0","81.7","0","250","final_normal_downstroke_input"
"2026-07-09 13:06:30","28","6","15","7","2","6","하강","downstroke","198.9","cap","40.279","198.9","9","0","0","yes","1800","1800","85","0","0","85","0","250","final_normal_downstroke_input"
"2026-07-09 13:06:31","28","7","15","7","2","6","가압유지","downstroke","215.3","cap","40.28","215.3","8","0","0","yes","1208","1800","28","0","0","28","0","250","final_normal_pressure_hold_input"
"2026-07-09 13:06:32","28","8","15","7","2","6","가압유지","downstroke","225.3","cap","40.282","225.3","8","0","0","yes","1108","1800","20","0","0","20","0","250","final_normal_pressure_hold_input"
"2026-07-09 13:06:33","28","9","15","7","2","6","상승","upstroke","125","rod","40.284","8","125","0","0","yes","1412","1800","0","65","65","0","0","250","final_normal_upstroke_input"
"2026-07-09 13:06:34","28","10","15","7","2","6","상승","upstroke","127.6","rod","40.285","8","127.6","0","0","yes","1452","1800","0","69","69","0","0","250","final_normal_upstroke_input"
"2026-07-09 13:06:35","28","11","15","7","2","6","상승","upstroke","130.2","rod","40.287","8","130.2","0","0","yes","1492","1800","0","73","73","0","0","250","final_normal_upstroke_input"
"2026-07-09 13:06:36","28","12","15","7","2","6","상승","upstroke","132.8","rod","40.288","8","132.8","0","0","yes","1532","1800","0","77","77","0","0","250","final_normal_upstroke_input"
"2026-07-09 13:06:37","28","13","15","7","2","6","상승","upstroke","135.4","rod","40.29","8","135.4","0","0","yes","1572","1800","0","81","81","0","0","250","final_normal_upstroke_input"
"2026-07-09 13:06:38","28","14","15","7","2","6","상승","upstroke","138","rod","40.291","8","138","0","0","yes","1612","1800","0","85","85","0","0","250","final_normal_upstroke_input"
"2026-07-09 13:06:39","29","0","16","8","1","7","하강","downstroke","171.2","cap","40.28","171.2","8","0","0","yes","1605","1800","65","0","0","65","0","250","final_normal_downstroke_input"
"2026-07-09 13:06:40","29","1","16","8","1","7","하강","downstroke","175.2","cap","40.282","175.2","8.143","0","0","yes","1634","1800","67.9","0","0","67.9","0","250","final_normal_downstroke_input"
"2026-07-09 13:06:41","29","2","16","8","1","7","하강","downstroke","179.2","cap","40.283","179.2","8.286","0","0","yes","1662","1800","70.7","0","0","70.7","0","250","final_normal_downstroke_input"
"2026-07-09 13:06:42","29","3","16","8","1","7","하강","downstroke","183.2","cap","40.284","183.2","8.429","0","0","yes","1691","1800","73.6","0","0","73.6","0","250","final_normal_downstroke_input"
"2026-07-09 13:06:43","29","4","16","8","1","7","하강","downstroke","187.2","cap","40.286","187.2","8.571","0","0","yes","1719","1800","76.4","0","0","76.4","0","250","final_normal_downstroke_input"
"2026-07-09 13:06:44","29","5","16","8","1","7","하강","downstroke","191.2","cap","40.288","191.2","8.714","0","0","yes","1748","1800","79.3","0","0","79.3","0","250","final_normal_downstroke_input"
"2026-07-09 13:06:45","29","6","16","8","1","7","하강","downstroke","195.2","cap","40.289","195.2","8.857","0","0","yes","1776","1800","82.1","0","0","82.1","0","250","final_normal_downstroke_input"
"2026-07-09 13:06:46","29","7","16","8","1","7","하강","downstroke","199.2","cap","40.29","199.2","9","0","0","yes","1805","1800","85","0","0","85","0","250","final_normal_downstroke_input"
"2026-07-09 13:06:47","29","8","16","8","1","7","가압유지","downstroke","225.6","cap","40.292","225.6","8","0","0","yes","1116","1800","20","0","0","20","0","250","final_normal_pressure_hold_input"
"2026-07-09 13:06:48","29","9","16","8","1","7","상승","upstroke","125.3","rod","40.294","8","125.3","0","0","yes","1416","1800","0","65","65","0","0","250","final_normal_upstroke_input"
"2026-07-09 13:06:49","29","10","16","8","1","7","상승","upstroke","127.467","rod","40.295","8","127.467","0","0","yes","1449","1800","0","68.3","68.3","0","0","250","final_normal_upstroke_input"
"2026-07-09 13:06:50","29","11","16","8","1","7","상승","upstroke","129.633","rod","40.296","8","129.633","0","0","yes","1483","1800","0","71.7","71.7","0","0","250","final_normal_upstroke_input"
"2026-07-09 13:06:51","29","12","16","8","1","7","상승","upstroke","131.8","rod","40.298","8","131.8","0","0","yes","1516","1800","0","75","75","0","0","250","final_normal_upstroke_input"
"2026-07-09 13:06:52","29","13","16","8","1","7","상승","upstroke","133.967","rod","40.3","8","133.967","0","0","yes","1549","1800","0","78.3","78.3","0","0","250","final_normal_upstroke_input"
"2026-07-09 13:06:53","29","14","16","8","1","7","상승","upstroke","136.133","rod","40.301","8","136.133","0","0","yes","1583","1800","0","81.7","81.7","0","0","250","final_normal_upstroke_input"
"2026-07-09 13:06:54","29","15","16","8","1","7","상승","upstroke","138.3","rod","40.302","8","138.3","0","0","yes","1616","1800","0","85","85","0","0","250","final_normal_upstroke_input"
"2026-07-09 13:06:55","30","0","12","6","1","5","하강","downstroke","170","cap","40.29","170","8","0","0","yes","1610","1800","65","0","0","65","0","250","final_normal_downstroke_input"
"2026-07-09 13:06:56","30","1","12","6","1","5","하강","downstroke","175.6","cap","40.292","175.6","8.2","0","0","yes","1650","1800","69","0","0","69","0","250","final_normal_downstroke_input"
"2026-07-09 13:06:57","30","2","12","6","1","5","하강","downstroke","181.2","cap","40.293","181.2","8.4","0","0","yes","1690","1800","73","0","0","73","0","250","final_normal_downstroke_input"
"2026-07-09 13:06:58","30","3","12","6","1","5","하강","downstroke","186.8","cap","40.294","186.8","8.6","0","0","yes","1730","1800","77","0","0","77","0","250","final_normal_downstroke_input"
"2026-07-09 13:06:59","30","4","12","6","1","5","하강","downstroke","192.4","cap","40.296","192.4","8.8","0","0","yes","1770","1800","81","0","0","81","0","250","final_normal_downstroke_input"
"2026-07-09 13:07:00","30","5","12","6","1","5","하강","downstroke","198","cap","40.298","198","9","0","0","yes","1810","1800","85","0","0","85","0","250","final_normal_downstroke_input"
"2026-07-09 13:07:01","30","6","12","6","1","5","가압유지","downstroke","225","cap","40.299","225","8","0","0","yes","1100","1800","20","0","0","20","0","250","final_normal_pressure_hold_input"
"2026-07-09 13:07:02","30","7","12","6","1","5","상승","upstroke","125.6","rod","40.3","8","125.6","0","0","yes","1400","1800","0","65","65","0","0","250","final_normal_upstroke_input"
"2026-07-09 13:07:03","30","8","12","6","1","5","상승","upstroke","128.85","rod","40.302","8","128.85","0","0","yes","1450","1800","0","70","70","0","0","250","final_normal_upstroke_input"
"2026-07-09 13:07:04","30","9","12","6","1","5","상승","upstroke","132.1","rod","40.304","8","132.1","0","0","yes","1500","1800","0","75","75","0","0","250","final_normal_upstroke_input"
"2026-07-09 13:07:05","30","10","12","6","1","5","상승","upstroke","135.35","rod","40.305","8","135.35","0","0","yes","1550","1800","0","80","80","0","0","250","final_normal_upstroke_input"
"2026-07-09 13:07:06","30","11","12","6","1","5","상승","upstroke","138.6","rod","40.306","8","138.6","0","0","yes","1600","1800","0","85","85","0","0","250","final_normal_upstroke_input"
"2026-07-09 13:07:07","31","0","14","7","1","6","하강","downstroke","170.3","cap","40.3","170.3","8","0","0","yes","1615","1800","65","0","0","65","0","250","final_normal_downstroke_input"
"2026-07-09 13:07:08","31","1","14","7","1","6","하강","downstroke","174.967","cap","40.302","174.967","8.167","0","0","yes","1648","1800","68.3","0","0","68.3","0","250","final_normal_downstroke_input"
"2026-07-09 13:07:09","31","2","14","7","1","6","하강","downstroke","179.633","cap","40.303","179.633","8.333","0","0","yes","1682","1800","71.7","0","0","71.7","0","250","final_normal_downstroke_input"
"2026-07-09 13:07:10","31","3","14","7","1","6","하강","downstroke","184.3","cap","40.304","184.3","8.5","0","0","yes","1715","1800","75","0","0","75","0","250","final_normal_downstroke_input"
"2026-07-09 13:07:11","31","4","14","7","1","6","하강","downstroke","188.967","cap","40.306","188.967","8.667","0","0","yes","1748","1800","78.3","0","0","78.3","0","250","final_normal_downstroke_input"
"2026-07-09 13:07:12","31","5","14","7","1","6","하강","downstroke","193.633","cap","40.308","193.633","8.833","0","0","yes","1782","1800","81.7","0","0","81.7","0","250","final_normal_downstroke_input"
"2026-07-09 13:07:13","31","6","14","7","1","6","하강","downstroke","198.3","cap","40.309","198.3","9","0","0","yes","1815","1800","85","0","0","85","0","250","final_normal_downstroke_input"
"2026-07-09 13:07:14","31","7","14","7","1","6","가압유지","downstroke","225.3","cap","40.31","225.3","8","0","0","yes","1108","1800","20","0","0","20","0","250","final_normal_pressure_hold_input"
"2026-07-09 13:07:15","31","8","14","7","1","6","상승","upstroke","125.9","rod","40.312","8","125.9","0","0","yes","1404","1800","0","65","65","0","0","250","final_normal_upstroke_input"
"2026-07-09 13:07:16","31","9","14","7","1","6","상승","upstroke","128.5","rod","40.314","8","128.5","0","0","yes","1444","1800","0","69","69","0","0","250","final_normal_upstroke_input"
"2026-07-09 13:07:17","31","10","14","7","1","6","상승","upstroke","131.1","rod","40.315","8","131.1","0","0","yes","1484","1800","0","73","73","0","0","250","final_normal_upstroke_input"
"2026-07-09 13:07:18","31","11","14","7","1","6","상승","upstroke","133.7","rod","40.316","8","133.7","0","0","yes","1524","1800","0","77","77","0","0","250","final_normal_upstroke_input"
"2026-07-09 13:07:19","31","12","14","7","1","6","상승","upstroke","136.3","rod","40.318","8","136.3","0","0","yes","1564","1800","0","81","81","0","0","250","final_normal_upstroke_input"
"2026-07-09 13:07:20","31","13","14","7","1","6","상승","upstroke","138.9","rod","40.32","8","138.9","0","0","yes","1604","1800","0","85","85","0","0","250","final_normal_upstroke_input"
"2026-07-09 13:07:21","32","0","17","8","2","7","하강","downstroke","170.6","cap","40.31","170.6","8","0","0","yes","1600","1800","65","0","0","65","0","250","final_normal_downstroke_input"
"2026-07-09 13:07:22","32","1","17","8","2","7","하강","downstroke","174.6","cap","40.312","174.6","8.143","0","0","yes","1629","1800","67.9","0","0","67.9","0","250","final_normal_downstroke_input"
"2026-07-09 13:07:23","32","2","17","8","2","7","하강","downstroke","178.6","cap","40.313","178.6","8.286","0","0","yes","1657","1800","70.7","0","0","70.7","0","250","final_normal_downstroke_input"
"2026-07-09 13:07:24","32","3","17","8","2","7","하강","downstroke","182.6","cap","40.314","182.6","8.429","0","0","yes","1686","1800","73.6","0","0","73.6","0","250","final_normal_downstroke_input"
"2026-07-09 13:07:25","32","4","17","8","2","7","하강","downstroke","186.6","cap","40.316","186.6","8.571","0","0","yes","1714","1800","76.4","0","0","76.4","0","250","final_normal_downstroke_input"
"2026-07-09 13:07:26","32","5","17","8","2","7","하강","downstroke","190.6","cap","40.318","190.6","8.714","0","0","yes","1743","1800","79.3","0","0","79.3","0","250","final_normal_downstroke_input"
"2026-07-09 13:07:27","32","6","17","8","2","7","하강","downstroke","194.6","cap","40.319","194.6","8.857","0","0","yes","1771","1800","82.1","0","0","82.1","0","250","final_normal_downstroke_input"
"2026-07-09 13:07:28","32","7","17","8","2","7","하강","downstroke","198.6","cap","40.32","198.6","9","0","0","yes","1800","1800","85","0","0","85","0","250","final_normal_downstroke_input"
"2026-07-09 13:07:29","32","8","17","8","2","7","가압유지","downstroke","215.6","cap","40.322","215.6","8","0","0","yes","1216","1800","28","0","0","28","0","250","final_normal_pressure_hold_input"
"2026-07-09 13:07:30","32","9","17","8","2","7","가압유지","downstroke","225.6","cap","40.324","225.6","8","0","0","yes","1116","1800","20","0","0","20","0","250","final_normal_pressure_hold_input"
"2026-07-09 13:07:31","32","10","17","8","2","7","상승","upstroke","125","rod","40.325","8","125","0","0","yes","1408","1800","0","65","65","0","0","250","final_normal_upstroke_input"
"2026-07-09 13:07:32","32","11","17","8","2","7","상승","upstroke","127.167","rod","40.326","8","127.167","0","0","yes","1441","1800","0","68.3","68.3","0","0","250","final_normal_upstroke_input"
"2026-07-09 13:07:33","32","12","17","8","2","7","상승","upstroke","129.333","rod","40.328","8","129.333","0","0","yes","1475","1800","0","71.7","71.7","0","0","250","final_normal_upstroke_input"
"2026-07-09 13:07:34","32","13","17","8","2","7","상승","upstroke","131.5","rod","40.33","8","131.5","0","0","yes","1508","1800","0","75","75","0","0","250","final_normal_upstroke_input"
"2026-07-09 13:07:35","32","14","17","8","2","7","상승","upstroke","133.667","rod","40.331","8","133.667","0","0","yes","1541","1800","0","78.3","78.3","0","0","250","final_normal_upstroke_input"
"2026-07-09 13:07:36","32","15","17","8","2","7","상승","upstroke","135.833","rod","40.332","8","135.833","0","0","yes","1575","1800","0","81.7","81.7","0","0","250","final_normal_upstroke_input"
"2026-07-09 13:07:37","32","16","17","8","2","7","상승","upstroke","138","rod","40.334","8","138","0","0","yes","1608","1800","0","85","85","0","0","250","final_normal_upstroke_input"
"2026-07-09 13:07:38","33","0","12","6","1","5","하강","downstroke","170.9","cap","40.32","170.9","8","0","0","yes","1605","1800","65","0","0","65","0","250","final_normal_downstroke_input"
"2026-07-09 13:07:39","33","1","12","6","1","5","하강","downstroke","176.5","cap","40.322","176.5","8.2","0","0","yes","1645","1800","69","0","0","69","0","250","final_normal_downstroke_input"
"2026-07-09 13:07:40","33","2","12","6","1","5","하강","downstroke","182.1","cap","40.323","182.1","8.4","0","0","yes","1685","1800","73","0","0","73","0","250","final_normal_downstroke_input"
"2026-07-09 13:07:41","33","3","12","6","1","5","하강","downstroke","187.7","cap","40.324","187.7","8.6","0","0","yes","1725","1800","77","0","0","77","0","250","final_normal_downstroke_input"
"2026-07-09 13:07:42","33","4","12","6","1","5","하강","downstroke","193.3","cap","40.326","193.3","8.8","0","0","yes","1765","1800","81","0","0","81","0","250","final_normal_downstroke_input"
"2026-07-09 13:07:43","33","5","12","6","1","5","하강","downstroke","198.9","cap","40.328","198.9","9","0","0","yes","1805","1800","85","0","0","85","0","250","final_normal_downstroke_input"
"2026-07-09 13:07:44","33","6","12","6","1","5","가압유지","downstroke","225","cap","40.329","225","8","0","0","yes","1100","1800","20","0","0","20","0","250","final_normal_pressure_hold_input"
"2026-07-09 13:07:45","33","7","12","6","1","5","상승","upstroke","125.3","rod","40.33","8","125.3","0","0","yes","1412","1800","0","65","65","0","0","250","final_normal_upstroke_input"
"2026-07-09 13:07:46","33","8","12","6","1","5","상승","upstroke","128.55","rod","40.332","8","128.55","0","0","yes","1462","1800","0","70","70","0","0","250","final_normal_upstroke_input"
"2026-07-09 13:07:47","33","9","12","6","1","5","상승","upstroke","131.8","rod","40.334","8","131.8","0","0","yes","1512","1800","0","75","75","0","0","250","final_normal_upstroke_input"
"2026-07-09 13:07:48","33","10","12","6","1","5","상승","upstroke","135.05","rod","40.335","8","135.05","0","0","yes","1562","1800","0","80","80","0","0","250","final_normal_upstroke_input"
"2026-07-09 13:07:49","33","11","12","6","1","5","상승","upstroke","138.3","rod","40.336","8","138.3","0","0","yes","1612","1800","0","85","85","0","0","250","final_normal_upstroke_input"
"2026-07-09 13:07:50","34","0","14","7","1","6","하강","downstroke","171.2","cap","40.33","171.2","8","0","0","yes","1610","1800","65","0","0","65","0","250","final_normal_downstroke_input"
"2026-07-09 13:07:51","34","1","14","7","1","6","하강","downstroke","175.867","cap","40.332","175.867","8.167","0","0","yes","1643","1800","68.3","0","0","68.3","0","250","final_normal_downstroke_input"
"2026-07-09 13:07:52","34","2","14","7","1","6","하강","downstroke","180.533","cap","40.333","180.533","8.333","0","0","yes","1677","1800","71.7","0","0","71.7","0","250","final_normal_downstroke_input"
"2026-07-09 13:07:53","34","3","14","7","1","6","하강","downstroke","185.2","cap","40.334","185.2","8.5","0","0","yes","1710","1800","75","0","0","75","0","250","final_normal_downstroke_input"
"2026-07-09 13:07:54","34","4","14","7","1","6","하강","downstroke","189.867","cap","40.336","189.867","8.667","0","0","yes","1743","1800","78.3","0","0","78.3","0","250","final_normal_downstroke_input"
"2026-07-09 13:07:55","34","5","14","7","1","6","하강","downstroke","194.533","cap","40.338","194.533","8.833","0","0","yes","1777","1800","81.7","0","0","81.7","0","250","final_normal_downstroke_input"
"2026-07-09 13:07:56","34","6","14","7","1","6","하강","downstroke","199.2","cap","40.339","199.2","9","0","0","yes","1810","1800","85","0","0","85","0","250","final_normal_downstroke_input"
"2026-07-09 13:07:57","34","7","14","7","1","6","가압유지","downstroke","225.3","cap","40.34","225.3","8","0","0","yes","1108","1800","20","0","0","20","0","250","final_normal_pressure_hold_input"
"2026-07-09 13:07:58","34","8","14","7","1","6","상승","upstroke","125.6","rod","40.342","8","125.6","0","0","yes","1416","1800","0","65","65","0","0","250","final_normal_upstroke_input"
"2026-07-09 13:07:59","34","9","14","7","1","6","상승","upstroke","128.2","rod","40.344","8","128.2","0","0","yes","1456","1800","0","69","69","0","0","250","final_normal_upstroke_input"
"2026-07-09 13:08:00","34","10","14","7","1","6","상승","upstroke","130.8","rod","40.345","8","130.8","0","0","yes","1496","1800","0","73","73","0","0","250","final_normal_upstroke_input"
"2026-07-09 13:08:01","34","11","14","7","1","6","상승","upstroke","133.4","rod","40.346","8","133.4","0","0","yes","1536","1800","0","77","77","0","0","250","final_normal_upstroke_input"
"2026-07-09 13:08:02","34","12","14","7","1","6","상승","upstroke","136","rod","40.348","8","136","0","0","yes","1576","1800","0","81","81","0","0","250","final_normal_upstroke_input"
"2026-07-09 13:08:03","34","13","14","7","1","6","상승","upstroke","138.6","rod","40.35","8","138.6","0","0","yes","1616","1800","0","85","85","0","0","250","final_normal_upstroke_input"
"2026-07-09 13:08:04","35","0","16","8","1","7","하강","downstroke","170","cap","40.34","170","8","0","0","yes","1615","1800","65","0","0","65","0","250","final_normal_downstroke_input"
"2026-07-09 13:08:05","35","1","16","8","1","7","하강","downstroke","174","cap","40.342","174","8.143","0","0","yes","1644","1800","67.9","0","0","67.9","0","250","final_normal_downstroke_input"
"2026-07-09 13:08:06","35","2","16","8","1","7","하강","downstroke","178","cap","40.343","178","8.286","0","0","yes","1672","1800","70.7","0","0","70.7","0","250","final_normal_downstroke_input"
"2026-07-09 13:08:07","35","3","16","8","1","7","하강","downstroke","182","cap","40.344","182","8.429","0","0","yes","1701","1800","73.6","0","0","73.6","0","250","final_normal_downstroke_input"
"2026-07-09 13:08:08","35","4","16","8","1","7","하강","downstroke","186","cap","40.346","186","8.571","0","0","yes","1729","1800","76.4","0","0","76.4","0","250","final_normal_downstroke_input"
"2026-07-09 13:08:09","35","5","16","8","1","7","하강","downstroke","190","cap","40.348","190","8.714","0","0","yes","1758","1800","79.3","0","0","79.3","0","250","final_normal_downstroke_input"
"2026-07-09 13:08:10","35","6","16","8","1","7","하강","downstroke","194","cap","40.349","194","8.857","0","0","yes","1786","1800","82.1","0","0","82.1","0","250","final_normal_downstroke_input"
"2026-07-09 13:08:11","35","7","16","8","1","7","하강","downstroke","198","cap","40.351","198","9","0","0","yes","1815","1800","85","0","0","85","0","250","final_normal_downstroke_input"
"2026-07-09 13:08:12","35","8","16","8","1","7","가압유지","downstroke","225.6","cap","40.352","225.6","8","0","0","yes","1116","1800","20","0","0","20","0","250","final_normal_pressure_hold_input"
"2026-07-09 13:08:13","35","9","16","8","1","7","상승","upstroke","125.9","rod","40.354","8","125.9","0","0","yes","1400","1800","0","65","65","0","0","250","final_normal_upstroke_input"
"2026-07-09 13:08:14","35","10","16","8","1","7","상승","upstroke","128.067","rod","40.355","8","128.067","0","0","yes","1433","1800","0","68.3","68.3","0","0","250","final_normal_upstroke_input"
"2026-07-09 13:08:15","35","11","16","8","1","7","상승","upstroke","130.233","rod","40.357","8","130.233","0","0","yes","1467","1800","0","71.7","71.7","0","0","250","final_normal_upstroke_input"
"2026-07-09 13:08:16","35","12","16","8","1","7","상승","upstroke","132.4","rod","40.358","8","132.4","0","0","yes","1500","1800","0","75","75","0","0","250","final_normal_upstroke_input"
"2026-07-09 13:08:17","35","13","16","8","1","7","상승","upstroke","134.567","rod","40.36","8","134.567","0","0","yes","1533","1800","0","78.3","78.3","0","0","250","final_normal_upstroke_input"
"2026-07-09 13:08:18","35","14","16","8","1","7","상승","upstroke","136.733","rod","40.361","8","136.733","0","0","yes","1567","1800","0","81.7","81.7","0","0","250","final_normal_upstroke_input"
"2026-07-09 13:08:19","35","15","16","8","1","7","상승","upstroke","138.9","rod","40.363","8","138.9","0","0","yes","1600","1800","0","85","85","0","0","250","final_normal_upstroke_input"
"2026-07-09 13:08:20","36","0","13","6","2","5","하강","downstroke","170.3","cap","40.35","170.3","8","0","0","yes","1600","1800","65","0","0","65","0","250","final_normal_downstroke_input"
"2026-07-09 13:08:21","36","1","13","6","2","5","하강","downstroke","175.9","cap","40.352","175.9","8.2","0","0","yes","1640","1800","69","0","0","69","0","250","final_normal_downstroke_input"
"2026-07-09 13:08:22","36","2","13","6","2","5","하강","downstroke","181.5","cap","40.353","181.5","8.4","0","0","yes","1680","1800","73","0","0","73","0","250","final_normal_downstroke_input"
"2026-07-09 13:08:23","36","3","13","6","2","5","하강","downstroke","187.1","cap","40.354","187.1","8.6","0","0","yes","1720","1800","77","0","0","77","0","250","final_normal_downstroke_input"
"2026-07-09 13:08:24","36","4","13","6","2","5","하강","downstroke","192.7","cap","40.356","192.7","8.8","0","0","yes","1760","1800","81","0","0","81","0","250","final_normal_downstroke_input"
"2026-07-09 13:08:25","36","5","13","6","2","5","하강","downstroke","198.3","cap","40.358","198.3","9","0","0","yes","1800","1800","85","0","0","85","0","250","final_normal_downstroke_input"
"2026-07-09 13:08:26","36","6","13","6","2","5","가압유지","downstroke","215","cap","40.359","215","8","0","0","yes","1200","1800","28","0","0","28","0","250","final_normal_pressure_hold_input"
"2026-07-09 13:08:27","36","7","13","6","2","5","가압유지","downstroke","225","cap","40.36","225","8","0","0","yes","1100","1800","20","0","0","20","0","250","final_normal_pressure_hold_input"
"2026-07-09 13:08:28","36","8","13","6","2","5","상승","upstroke","125","rod","40.362","8","125","0","0","yes","1404","1800","0","65","65","0","0","250","final_normal_upstroke_input"
"2026-07-09 13:08:29","36","9","13","6","2","5","상승","upstroke","128.25","rod","40.364","8","128.25","0","0","yes","1454","1800","0","70","70","0","0","250","final_normal_upstroke_input"
"2026-07-09 13:08:30","36","10","13","6","2","5","상승","upstroke","131.5","rod","40.365","8","131.5","0","0","yes","1504","1800","0","75","75","0","0","250","final_normal_upstroke_input"
"2026-07-09 13:08:31","36","11","13","6","2","5","상승","upstroke","134.75","rod","40.366","8","134.75","0","0","yes","1554","1800","0","80","80","0","0","250","final_normal_upstroke_input"
"2026-07-09 13:08:32","36","12","13","6","2","5","상승","upstroke","138","rod","40.368","8","138","0","0","yes","1604","1800","0","85","85","0","0","250","final_normal_upstroke_input"
"2026-07-09 13:08:33","37","0","14","7","1","6","하강","downstroke","170.6","cap","40.36","170.6","8","0","0","yes","1605","1800","65","0","0","65","0","250","final_normal_downstroke_input"
"2026-07-09 13:08:34","37","1","14","7","1","6","하강","downstroke","175.267","cap","40.362","175.267","8.167","0","0","yes","1638","1800","68.3","0","0","68.3","0","250","final_normal_downstroke_input"
"2026-07-09 13:08:35","37","2","14","7","1","6","하강","downstroke","179.933","cap","40.363","179.933","8.333","0","0","yes","1672","1800","71.7","0","0","71.7","0","250","final_normal_downstroke_input"
"2026-07-09 13:08:36","37","3","14","7","1","6","하강","downstroke","184.6","cap","40.364","184.6","8.5","0","0","yes","1705","1800","75","0","0","75","0","250","final_normal_downstroke_input"
"2026-07-09 13:08:37","37","4","14","7","1","6","하강","downstroke","189.267","cap","40.366","189.267","8.667","0","0","yes","1738","1800","78.3","0","0","78.3","0","250","final_normal_downstroke_input"
"2026-07-09 13:08:38","37","5","14","7","1","6","하강","downstroke","193.933","cap","40.368","193.933","8.833","0","0","yes","1772","1800","81.7","0","0","81.7","0","250","final_normal_downstroke_input"
"2026-07-09 13:08:39","37","6","14","7","1","6","하강","downstroke","198.6","cap","40.369","198.6","9","0","0","yes","1805","1800","85","0","0","85","0","250","final_normal_downstroke_input"
"2026-07-09 13:08:40","37","7","14","7","1","6","가압유지","downstroke","225.3","cap","40.37","225.3","8","0","0","yes","1108","1800","20","0","0","20","0","250","final_normal_pressure_hold_input"
"2026-07-09 13:08:41","37","8","14","7","1","6","상승","upstroke","125.3","rod","40.372","8","125.3","0","0","yes","1408","1800","0","65","65","0","0","250","final_normal_upstroke_input"
"2026-07-09 13:08:42","37","9","14","7","1","6","상승","upstroke","127.9","rod","40.374","8","127.9","0","0","yes","1448","1800","0","69","69","0","0","250","final_normal_upstroke_input"
"2026-07-09 13:08:43","37","10","14","7","1","6","상승","upstroke","130.5","rod","40.375","8","130.5","0","0","yes","1488","1800","0","73","73","0","0","250","final_normal_upstroke_input"
"2026-07-09 13:08:44","37","11","14","7","1","6","상승","upstroke","133.1","rod","40.376","8","133.1","0","0","yes","1528","1800","0","77","77","0","0","250","final_normal_upstroke_input"
"2026-07-09 13:08:45","37","12","14","7","1","6","상승","upstroke","135.7","rod","40.378","8","135.7","0","0","yes","1568","1800","0","81","81","0","0","250","final_normal_upstroke_input"
"2026-07-09 13:08:46","37","13","14","7","1","6","상승","upstroke","138.3","rod","40.38","8","138.3","0","0","yes","1608","1800","0","85","85","0","0","250","final_normal_upstroke_input"
"2026-07-09 13:08:47","38","0","16","8","1","7","하강","downstroke","170.9","cap","40.37","170.9","8","0","0","yes","1610","1800","65","0","0","65","0","250","final_normal_downstroke_input"
"2026-07-09 13:08:48","38","1","16","8","1","7","하강","downstroke","174.9","cap","40.372","174.9","8.143","0","0","yes","1639","1800","67.9","0","0","67.9","0","250","final_normal_downstroke_input"
"2026-07-09 13:08:49","38","2","16","8","1","7","하강","downstroke","178.9","cap","40.373","178.9","8.286","0","0","yes","1667","1800","70.7","0","0","70.7","0","250","final_normal_downstroke_input"
"2026-07-09 13:08:50","38","3","16","8","1","7","하강","downstroke","182.9","cap","40.374","182.9","8.429","0","0","yes","1696","1800","73.6","0","0","73.6","0","250","final_normal_downstroke_input"
"2026-07-09 13:08:51","38","4","16","8","1","7","하강","downstroke","186.9","cap","40.376","186.9","8.571","0","0","yes","1724","1800","76.4","0","0","76.4","0","250","final_normal_downstroke_input"
"2026-07-09 13:08:52","38","5","16","8","1","7","하강","downstroke","190.9","cap","40.378","190.9","8.714","0","0","yes","1753","1800","79.3","0","0","79.3","0","250","final_normal_downstroke_input"
"2026-07-09 13:08:53","38","6","16","8","1","7","하강","downstroke","194.9","cap","40.379","194.9","8.857","0","0","yes","1781","1800","82.1","0","0","82.1","0","250","final_normal_downstroke_input"
"2026-07-09 13:08:54","38","7","16","8","1","7","하강","downstroke","198.9","cap","40.38","198.9","9","0","0","yes","1810","1800","85","0","0","85","0","250","final_normal_downstroke_input"
"2026-07-09 13:08:55","38","8","16","8","1","7","가압유지","downstroke","225.6","cap","40.382","225.6","8","0","0","yes","1116","1800","20","0","0","20","0","250","final_normal_pressure_hold_input"
"2026-07-09 13:08:56","38","9","16","8","1","7","상승","upstroke","125.6","rod","40.384","8","125.6","0","0","yes","1412","1800","0","65","65","0","0","250","final_normal_upstroke_input"
"2026-07-09 13:08:57","38","10","16","8","1","7","상승","upstroke","127.767","rod","40.385","8","127.767","0","0","yes","1445","1800","0","68.3","68.3","0","0","250","final_normal_upstroke_input"
"2026-07-09 13:08:58","38","11","16","8","1","7","상승","upstroke","129.933","rod","40.386","8","129.933","0","0","yes","1479","1800","0","71.7","71.7","0","0","250","final_normal_upstroke_input"
"2026-07-09 13:08:59","38","12","16","8","1","7","상승","upstroke","132.1","rod","40.388","8","132.1","0","0","yes","1512","1800","0","75","75","0","0","250","final_normal_upstroke_input"
"2026-07-09 13:09:00","38","13","16","8","1","7","상승","upstroke","134.267","rod","40.39","8","134.267","0","0","yes","1545","1800","0","78.3","78.3","0","0","250","final_normal_upstroke_input"
"2026-07-09 13:09:01","38","14","16","8","1","7","상승","upstroke","136.433","rod","40.391","8","136.433","0","0","yes","1579","1800","0","81.7","81.7","0","0","250","final_normal_upstroke_input"
"2026-07-09 13:09:02","38","15","16","8","1","7","상승","upstroke","138.6","rod","40.392","8","138.6","0","0","yes","1612","1800","0","85","85","0","0","250","final_normal_upstroke_input"
"2026-07-09 13:09:03","39","0","12","6","1","5","하강","downstroke","171.2","cap","40.38","171.2","8","0","0","yes","1615","1800","65","0","0","65","0","250","final_normal_downstroke_input"
"2026-07-09 13:09:04","39","1","12","6","1","5","하강","downstroke","176.8","cap","40.382","176.8","8.2","0","0","yes","1655","1800","69","0","0","69","0","250","final_normal_downstroke_input"
"2026-07-09 13:09:05","39","2","12","6","1","5","하강","downstroke","182.4","cap","40.383","182.4","8.4","0","0","yes","1695","1800","73","0","0","73","0","250","final_normal_downstroke_input"
"2026-07-09 13:09:06","39","3","12","6","1","5","하강","downstroke","188","cap","40.384","188","8.6","0","0","yes","1735","1800","77","0","0","77","0","250","final_normal_downstroke_input"
"2026-07-09 13:09:07","39","4","12","6","1","5","하강","downstroke","193.6","cap","40.386","193.6","8.8","0","0","yes","1775","1800","81","0","0","81","0","250","final_normal_downstroke_input"
"2026-07-09 13:09:08","39","5","12","6","1","5","하강","downstroke","199.2","cap","40.388","199.2","9","0","0","yes","1815","1800","85","0","0","85","0","250","final_normal_downstroke_input"
"2026-07-09 13:09:09","39","6","12","6","1","5","가압유지","downstroke","225","cap","40.389","225","8","0","0","yes","1100","1800","20","0","0","20","0","250","final_normal_pressure_hold_input"
"2026-07-09 13:09:10","39","7","12","6","1","5","상승","upstroke","125.9","rod","40.39","8","125.9","0","0","yes","1416","1800","0","65","65","0","0","250","final_normal_upstroke_input"
"2026-07-09 13:09:11","39","8","12","6","1","5","상승","upstroke","129.15","rod","40.392","8","129.15","0","0","yes","1466","1800","0","70","70","0","0","250","final_normal_upstroke_input"
"2026-07-09 13:09:12","39","9","12","6","1","5","상승","upstroke","132.4","rod","40.394","8","132.4","0","0","yes","1516","1800","0","75","75","0","0","250","final_normal_upstroke_input"
"2026-07-09 13:09:13","39","10","12","6","1","5","상승","upstroke","135.65","rod","40.395","8","135.65","0","0","yes","1566","1800","0","80","80","0","0","250","final_normal_upstroke_input"
"2026-07-09 13:09:14","39","11","12","6","1","5","상승","upstroke","138.9","rod","40.396","8","138.9","0","0","yes","1616","1800","0","85","85","0","0","250","final_normal_upstroke_input"
"2026-07-09 13:09:15","40","0","15","7","2","6","하강","downstroke","170","cap","40.39","170","8","0","0","yes","1600","1800","65","0","0","65","0","250","final_normal_downstroke_input"
"2026-07-09 13:09:16","40","1","15","7","2","6","하강","downstroke","174.667","cap","40.392","174.667","8.167","0","0","yes","1633","1800","68.3","0","0","68.3","0","250","final_normal_downstroke_input"
"2026-07-09 13:09:17","40","2","15","7","2","6","하강","downstroke","179.333","cap","40.393","179.333","8.333","0","0","yes","1667","1800","71.7","0","0","71.7","0","250","final_normal_downstroke_input"
"2026-07-09 13:09:18","40","3","15","7","2","6","하강","downstroke","184","cap","40.394","184","8.5","0","0","yes","1700","1800","75","0","0","75","0","250","final_normal_downstroke_input"
"2026-07-09 13:09:19","40","4","15","7","2","6","하강","downstroke","188.667","cap","40.396","188.667","8.667","0","0","yes","1733","1800","78.3","0","0","78.3","0","250","final_normal_downstroke_input"
"2026-07-09 13:09:20","40","5","15","7","2","6","하강","downstroke","193.333","cap","40.398","193.333","8.833","0","0","yes","1767","1800","81.7","0","0","81.7","0","250","final_normal_downstroke_input"
"2026-07-09 13:09:21","40","6","15","7","2","6","하강","downstroke","198","cap","40.399","198","9","0","0","yes","1800","1800","85","0","0","85","0","250","final_normal_downstroke_input"
"2026-07-09 13:09:22","40","7","15","7","2","6","가압유지","downstroke","215.3","cap","40.4","215.3","8","0","0","yes","1208","1800","28","0","0","28","0","250","final_normal_pressure_hold_input"
"2026-07-09 13:09:23","40","8","15","7","2","6","가압유지","downstroke","225.3","cap","40.402","225.3","8","0","0","yes","1108","1800","20","0","0","20","0","250","final_normal_pressure_hold_input"
"2026-07-09 13:09:24","40","9","15","7","2","6","상승","upstroke","125","rod","40.404","8","125","0","0","yes","1400","1800","0","65","65","0","0","250","final_normal_upstroke_input"
"2026-07-09 13:09:25","40","10","15","7","2","6","상승","upstroke","127.6","rod","40.405","8","127.6","0","0","yes","1440","1800","0","69","69","0","0","250","final_normal_upstroke_input"
"2026-07-09 13:09:26","40","11","15","7","2","6","상승","upstroke","130.2","rod","40.406","8","130.2","0","0","yes","1480","1800","0","73","73","0","0","250","final_normal_upstroke_input"
"2026-07-09 13:09:27","40","12","15","7","2","6","상승","upstroke","132.8","rod","40.408","8","132.8","0","0","yes","1520","1800","0","77","77","0","0","250","final_normal_upstroke_input"
"2026-07-09 13:09:28","40","13","15","7","2","6","상승","upstroke","135.4","rod","40.41","8","135.4","0","0","yes","1560","1800","0","81","81","0","0","250","final_normal_upstroke_input"
"2026-07-09 13:09:29","40","14","15","7","2","6","상승","upstroke","138","rod","40.411","8","138","0","0","yes","1600","1800","0","85","85","0","0","250","final_normal_upstroke_input"
"2026-07-09 13:09:30","41","0","16","8","1","7","하강","downstroke","170.3","cap","40.4","170.3","8","0","0","yes","1605","1800","65","0","0","65","0","250","final_normal_downstroke_input"
"2026-07-09 13:09:31","41","1","16","8","1","7","하강","downstroke","174.3","cap","40.402","174.3","8.143","0","0","yes","1634","1800","67.9","0","0","67.9","0","250","final_normal_downstroke_input"
"2026-07-09 13:09:32","41","2","16","8","1","7","하강","downstroke","178.3","cap","40.403","178.3","8.286","0","0","yes","1662","1800","70.7","0","0","70.7","0","250","final_normal_downstroke_input"
"2026-07-09 13:09:33","41","3","16","8","1","7","하강","downstroke","182.3","cap","40.404","182.3","8.429","0","0","yes","1691","1800","73.6","0","0","73.6","0","250","final_normal_downstroke_input"
"2026-07-09 13:09:34","41","4","16","8","1","7","하강","downstroke","186.3","cap","40.406","186.3","8.571","0","0","yes","1719","1800","76.4","0","0","76.4","0","250","final_normal_downstroke_input"
"2026-07-09 13:09:35","41","5","16","8","1","7","하강","downstroke","190.3","cap","40.408","190.3","8.714","0","0","yes","1748","1800","79.3","0","0","79.3","0","250","final_normal_downstroke_input"
"2026-07-09 13:09:36","41","6","16","8","1","7","하강","downstroke","194.3","cap","40.409","194.3","8.857","0","0","yes","1776","1800","82.1","0","0","82.1","0","250","final_normal_downstroke_input"
"2026-07-09 13:09:37","41","7","16","8","1","7","하강","downstroke","198.3","cap","40.41","198.3","9","0","0","yes","1805","1800","85","0","0","85","0","250","final_normal_downstroke_input"
"2026-07-09 13:09:38","41","8","16","8","1","7","가압유지","downstroke","225.6","cap","40.412","225.6","8","0","0","yes","1116","1800","20","0","0","20","0","250","final_normal_pressure_hold_input"
"2026-07-09 13:09:39","41","9","16","8","1","7","상승","upstroke","125.3","rod","40.414","8","125.3","0","0","yes","1404","1800","0","65","65","0","0","250","final_normal_upstroke_input"
"2026-07-09 13:09:40","41","10","16","8","1","7","상승","upstroke","127.467","rod","40.415","8","127.467","0","0","yes","1437","1800","0","68.3","68.3","0","0","250","final_normal_upstroke_input"
"2026-07-09 13:09:41","41","11","16","8","1","7","상승","upstroke","129.633","rod","40.416","8","129.633","0","0","yes","1471","1800","0","71.7","71.7","0","0","250","final_normal_upstroke_input"
"2026-07-09 13:09:42","41","12","16","8","1","7","상승","upstroke","131.8","rod","40.418","8","131.8","0","0","yes","1504","1800","0","75","75","0","0","250","final_normal_upstroke_input"
"2026-07-09 13:09:43","41","13","16","8","1","7","상승","upstroke","133.967","rod","40.42","8","133.967","0","0","yes","1537","1800","0","78.3","78.3","0","0","250","final_normal_upstroke_input"
"2026-07-09 13:09:44","41","14","16","8","1","7","상승","upstroke","136.133","rod","40.421","8","136.133","0","0","yes","1571","1800","0","81.7","81.7","0","0","250","final_normal_upstroke_input"
"2026-07-09 13:09:45","41","15","16","8","1","7","상승","upstroke","138.3","rod","40.422","8","138.3","0","0","yes","1604","1800","0","85","85","0","0","250","final_normal_upstroke_input"
"2026-07-09 13:09:46","42","0","12","6","1","5","하강","downstroke","170.6","cap","40.41","170.6","8","0","0","yes","1610","1800","65","0","0","65","0","250","final_normal_downstroke_input"
"2026-07-09 13:09:47","42","1","12","6","1","5","하강","downstroke","176.2","cap","40.412","176.2","8.2","0","0","yes","1650","1800","69","0","0","69","0","250","final_normal_downstroke_input"
"2026-07-09 13:09:48","42","2","12","6","1","5","하강","downstroke","181.8","cap","40.413","181.8","8.4","0","0","yes","1690","1800","73","0","0","73","0","250","final_normal_downstroke_input"
"2026-07-09 13:09:49","42","3","12","6","1","5","하강","downstroke","187.4","cap","40.414","187.4","8.6","0","0","yes","1730","1800","77","0","0","77","0","250","final_normal_downstroke_input"
"2026-07-09 13:09:50","42","4","12","6","1","5","하강","downstroke","193","cap","40.416","193","8.8","0","0","yes","1770","1800","81","0","0","81","0","250","final_normal_downstroke_input"
"2026-07-09 13:09:51","42","5","12","6","1","5","하강","downstroke","198.6","cap","40.418","198.6","9","0","0","yes","1810","1800","85","0","0","85","0","250","final_normal_downstroke_input"
"2026-07-09 13:09:52","42","6","12","6","1","5","가압유지","downstroke","225","cap","40.419","225","8","0","0","yes","1100","1800","20","0","0","20","0","250","final_normal_pressure_hold_input"
"2026-07-09 13:09:53","42","7","12","6","1","5","상승","upstroke","125.6","rod","40.42","8","125.6","0","0","yes","1408","1800","0","65","65","0","0","250","final_normal_upstroke_input"
"2026-07-09 13:09:54","42","8","12","6","1","5","상승","upstroke","128.85","rod","40.422","8","128.85","0","0","yes","1458","1800","0","70","70","0","0","250","final_normal_upstroke_input"
"2026-07-09 13:09:55","42","9","12","6","1","5","상승","upstroke","132.1","rod","40.424","8","132.1","0","0","yes","1508","1800","0","75","75","0","0","250","final_normal_upstroke_input"
"2026-07-09 13:09:56","42","10","12","6","1","5","상승","upstroke","135.35","rod","40.425","8","135.35","0","0","yes","1558","1800","0","80","80","0","0","250","final_normal_upstroke_input"
"2026-07-09 13:09:57","42","11","12","6","1","5","상승","upstroke","138.6","rod","40.426","8","138.6","0","0","yes","1608","1800","0","85","85","0","0","250","final_normal_upstroke_input"
"2026-07-09 13:09:58","43","0","14","7","1","6","하강","downstroke","170.9","cap","40.42","170.9","8","0","0","yes","1615","1800","65","0","0","65","0","250","final_normal_downstroke_input"
"2026-07-09 13:09:59","43","1","14","7","1","6","하강","downstroke","175.567","cap","40.422","175.567","8.167","0","0","yes","1648","1800","68.3","0","0","68.3","0","250","final_normal_downstroke_input"
"2026-07-09 13:10:00","43","2","14","7","1","6","하강","downstroke","180.233","cap","40.423","180.233","8.333","0","0","yes","1682","1800","71.7","0","0","71.7","0","250","final_normal_downstroke_input"
"2026-07-09 13:10:01","43","3","14","7","1","6","하강","downstroke","184.9","cap","40.424","184.9","8.5","0","0","yes","1715","1800","75","0","0","75","0","250","final_normal_downstroke_input"
"2026-07-09 13:10:02","43","4","14","7","1","6","하강","downstroke","189.567","cap","40.426","189.567","8.667","0","0","yes","1748","1800","78.3","0","0","78.3","0","250","final_normal_downstroke_input"
"2026-07-09 13:10:03","43","5","14","7","1","6","하강","downstroke","194.233","cap","40.428","194.233","8.833","0","0","yes","1782","1800","81.7","0","0","81.7","0","250","final_normal_downstroke_input"
"2026-07-09 13:10:04","43","6","14","7","1","6","하강","downstroke","198.9","cap","40.429","198.9","9","0","0","yes","1815","1800","85","0","0","85","0","250","final_normal_downstroke_input"
"2026-07-09 13:10:05","43","7","14","7","1","6","가압유지","downstroke","225.3","cap","40.43","225.3","8","0","0","yes","1108","1800","20","0","0","20","0","250","final_normal_pressure_hold_input"
"2026-07-09 13:10:06","43","8","14","7","1","6","상승","upstroke","125.9","rod","40.432","8","125.9","0","0","yes","1412","1800","0","65","65","0","0","250","final_normal_upstroke_input"
"2026-07-09 13:10:07","43","9","14","7","1","6","상승","upstroke","128.5","rod","40.434","8","128.5","0","0","yes","1452","1800","0","69","69","0","0","250","final_normal_upstroke_input"
"2026-07-09 13:10:08","43","10","14","7","1","6","상승","upstroke","131.1","rod","40.435","8","131.1","0","0","yes","1492","1800","0","73","73","0","0","250","final_normal_upstroke_input"
"2026-07-09 13:10:09","43","11","14","7","1","6","상승","upstroke","133.7","rod","40.436","8","133.7","0","0","yes","1532","1800","0","77","77","0","0","250","final_normal_upstroke_input"
"2026-07-09 13:10:10","43","12","14","7","1","6","상승","upstroke","136.3","rod","40.438","8","136.3","0","0","yes","1572","1800","0","81","81","0","0","250","final_normal_upstroke_input"
"2026-07-09 13:10:11","43","13","14","7","1","6","상승","upstroke","138.9","rod","40.44","8","138.9","0","0","yes","1612","1800","0","85","85","0","0","250","final_normal_upstroke_input"
"2026-07-09 13:10:12","44","0","17","8","2","7","하강","downstroke","171.2","cap","40.43","171.2","8","0","0","yes","1600","1800","65","0","0","65","0","250","final_normal_downstroke_input"
"2026-07-09 13:10:13","44","1","17","8","2","7","하강","downstroke","175.2","cap","40.432","175.2","8.143","0","0","yes","1629","1800","67.9","0","0","67.9","0","250","final_normal_downstroke_input"
"2026-07-09 13:10:14","44","2","17","8","2","7","하강","downstroke","179.2","cap","40.433","179.2","8.286","0","0","yes","1657","1800","70.7","0","0","70.7","0","250","final_normal_downstroke_input"
"2026-07-09 13:10:15","44","3","17","8","2","7","하강","downstroke","183.2","cap","40.434","183.2","8.429","0","0","yes","1686","1800","73.6","0","0","73.6","0","250","final_normal_downstroke_input"
"2026-07-09 13:10:16","44","4","17","8","2","7","하강","downstroke","187.2","cap","40.436","187.2","8.571","0","0","yes","1714","1800","76.4","0","0","76.4","0","250","final_normal_downstroke_input"
"2026-07-09 13:10:17","44","5","17","8","2","7","하강","downstroke","191.2","cap","40.438","191.2","8.714","0","0","yes","1743","1800","79.3","0","0","79.3","0","250","final_normal_downstroke_input"
"2026-07-09 13:10:18","44","6","17","8","2","7","하강","downstroke","195.2","cap","40.439","195.2","8.857","0","0","yes","1771","1800","82.1","0","0","82.1","0","250","final_normal_downstroke_input"
"2026-07-09 13:10:19","44","7","17","8","2","7","하강","downstroke","199.2","cap","40.44","199.2","9","0","0","yes","1800","1800","85","0","0","85","0","250","final_normal_downstroke_input"
"2026-07-09 13:10:20","44","8","17","8","2","7","가압유지","downstroke","215.6","cap","40.442","215.6","8","0","0","yes","1216","1800","28","0","0","28","0","250","final_normal_pressure_hold_input"
"2026-07-09 13:10:21","44","9","17","8","2","7","가압유지","downstroke","225.6","cap","40.444","225.6","8","0","0","yes","1116","1800","20","0","0","20","0","250","final_normal_pressure_hold_input"
"2026-07-09 13:10:22","44","10","17","8","2","7","상승","upstroke","125","rod","40.445","8","125","0","0","yes","1416","1800","0","65","65","0","0","250","final_normal_upstroke_input"
"2026-07-09 13:10:23","44","11","17","8","2","7","상승","upstroke","127.167","rod","40.446","8","127.167","0","0","yes","1449","1800","0","68.3","68.3","0","0","250","final_normal_upstroke_input"
"2026-07-09 13:10:24","44","12","17","8","2","7","상승","upstroke","129.333","rod","40.448","8","129.333","0","0","yes","1483","1800","0","71.7","71.7","0","0","250","final_normal_upstroke_input"
"2026-07-09 13:10:25","44","13","17","8","2","7","상승","upstroke","131.5","rod","40.45","8","131.5","0","0","yes","1516","1800","0","75","75","0","0","250","final_normal_upstroke_input"
"2026-07-09 13:10:26","44","14","17","8","2","7","상승","upstroke","133.667","rod","40.451","8","133.667","0","0","yes","1549","1800","0","78.3","78.3","0","0","250","final_normal_upstroke_input"
"2026-07-09 13:10:27","44","15","17","8","2","7","상승","upstroke","135.833","rod","40.452","8","135.833","0","0","yes","1583","1800","0","81.7","81.7","0","0","250","final_normal_upstroke_input"
"2026-07-09 13:10:28","44","16","17","8","2","7","상승","upstroke","138","rod","40.454","8","138","0","0","yes","1616","1800","0","85","85","0","0","250","final_normal_upstroke_input"
"2026-07-09 13:10:29","45","0","12","6","1","5","하강","downstroke","170","cap","40.44","170","8","0","0","yes","1605","1800","65","0","0","65","0","250","final_normal_downstroke_input"
"2026-07-09 13:10:30","45","1","12","6","1","5","하강","downstroke","175.6","cap","40.442","175.6","8.2","0","0","yes","1645","1800","69","0","0","69","0","250","final_normal_downstroke_input"
"2026-07-09 13:10:31","45","2","12","6","1","5","하강","downstroke","181.2","cap","40.443","181.2","8.4","0","0","yes","1685","1800","73","0","0","73","0","250","final_normal_downstroke_input"
"2026-07-09 13:10:32","45","3","12","6","1","5","하강","downstroke","186.8","cap","40.444","186.8","8.6","0","0","yes","1725","1800","77","0","0","77","0","250","final_normal_downstroke_input"
"2026-07-09 13:10:33","45","4","12","6","1","5","하강","downstroke","192.4","cap","40.446","192.4","8.8","0","0","yes","1765","1800","81","0","0","81","0","250","final_normal_downstroke_input"
"2026-07-09 13:10:34","45","5","12","6","1","5","하강","downstroke","198","cap","40.448","198","9","0","0","yes","1805","1800","85","0","0","85","0","250","final_normal_downstroke_input"
"2026-07-09 13:10:35","45","6","12","6","1","5","가압유지","downstroke","225","cap","40.449","225","8","0","0","yes","1100","1800","20","0","0","20","0","250","final_normal_pressure_hold_input"
"2026-07-09 13:10:36","45","7","12","6","1","5","상승","upstroke","125.3","rod","40.45","8","125.3","0","0","yes","1400","1800","0","65","65","0","0","250","final_normal_upstroke_input"
"2026-07-09 13:10:37","45","8","12","6","1","5","상승","upstroke","128.55","rod","40.452","8","128.55","0","0","yes","1450","1800","0","70","70","0","0","250","final_normal_upstroke_input"
"2026-07-09 13:10:38","45","9","12","6","1","5","상승","upstroke","131.8","rod","40.454","8","131.8","0","0","yes","1500","1800","0","75","75","0","0","250","final_normal_upstroke_input"
"2026-07-09 13:10:39","45","10","12","6","1","5","상승","upstroke","135.05","rod","40.455","8","135.05","0","0","yes","1550","1800","0","80","80","0","0","250","final_normal_upstroke_input"
"2026-07-09 13:10:40","45","11","12","6","1","5","상승","upstroke","138.3","rod","40.456","8","138.3","0","0","yes","1600","1800","0","85","85","0","0","250","final_normal_upstroke_input"
"2026-07-09 13:10:41","46","0","14","7","1","6","하강","downstroke","170.3","cap","40.45","170.3","8","0","0","yes","1610","1800","65","0","0","65","0","250","final_normal_downstroke_input"
"2026-07-09 13:10:42","46","1","14","7","1","6","하강","downstroke","174.967","cap","40.452","174.967","8.167","0","0","yes","1643","1800","68.3","0","0","68.3","0","250","final_normal_downstroke_input"
"2026-07-09 13:10:43","46","2","14","7","1","6","하강","downstroke","179.633","cap","40.453","179.633","8.333","0","0","yes","1677","1800","71.7","0","0","71.7","0","250","final_normal_downstroke_input"
"2026-07-09 13:10:44","46","3","14","7","1","6","하강","downstroke","184.3","cap","40.454","184.3","8.5","0","0","yes","1710","1800","75","0","0","75","0","250","final_normal_downstroke_input"
"2026-07-09 13:10:45","46","4","14","7","1","6","하강","downstroke","188.967","cap","40.456","188.967","8.667","0","0","yes","1743","1800","78.3","0","0","78.3","0","250","final_normal_downstroke_input"
"2026-07-09 13:10:46","46","5","14","7","1","6","하강","downstroke","193.633","cap","40.458","193.633","8.833","0","0","yes","1777","1800","81.7","0","0","81.7","0","250","final_normal_downstroke_input"
"2026-07-09 13:10:47","46","6","14","7","1","6","하강","downstroke","198.3","cap","40.459","198.3","9","0","0","yes","1810","1800","85","0","0","85","0","250","final_normal_downstroke_input"
"2026-07-09 13:10:48","46","7","14","7","1","6","가압유지","downstroke","225.3","cap","40.46","225.3","8","0","0","yes","1108","1800","20","0","0","20","0","250","final_normal_pressure_hold_input"
"2026-07-09 13:10:49","46","8","14","7","1","6","상승","upstroke","125.6","rod","40.462","8","125.6","0","0","yes","1404","1800","0","65","65","0","0","250","final_normal_upstroke_input"
"2026-07-09 13:10:50","46","9","14","7","1","6","상승","upstroke","128.2","rod","40.464","8","128.2","0","0","yes","1444","1800","0","69","69","0","0","250","final_normal_upstroke_input"
"2026-07-09 13:10:51","46","10","14","7","1","6","상승","upstroke","130.8","rod","40.465","8","130.8","0","0","yes","1484","1800","0","73","73","0","0","250","final_normal_upstroke_input"
"2026-07-09 13:10:52","46","11","14","7","1","6","상승","upstroke","133.4","rod","40.466","8","133.4","0","0","yes","1524","1800","0","77","77","0","0","250","final_normal_upstroke_input"
"2026-07-09 13:10:53","46","12","14","7","1","6","상승","upstroke","136","rod","40.468","8","136","0","0","yes","1564","1800","0","81","81","0","0","250","final_normal_upstroke_input"
"2026-07-09 13:10:54","46","13","14","7","1","6","상승","upstroke","138.6","rod","40.47","8","138.6","0","0","yes","1604","1800","0","85","85","0","0","250","final_normal_upstroke_input"
"2026-07-09 13:10:55","47","0","16","8","1","7","하강","downstroke","170.6","cap","40.46","170.6","8","0","0","yes","1615","1800","65","0","0","65","0","250","final_normal_downstroke_input"
"2026-07-09 13:10:56","47","1","16","8","1","7","하강","downstroke","174.6","cap","40.462","174.6","8.143","0","0","yes","1644","1800","67.9","0","0","67.9","0","250","final_normal_downstroke_input"
"2026-07-09 13:10:57","47","2","16","8","1","7","하강","downstroke","178.6","cap","40.463","178.6","8.286","0","0","yes","1672","1800","70.7","0","0","70.7","0","250","final_normal_downstroke_input"
"2026-07-09 13:10:58","47","3","16","8","1","7","하강","downstroke","182.6","cap","40.464","182.6","8.429","0","0","yes","1701","1800","73.6","0","0","73.6","0","250","final_normal_downstroke_input"
"2026-07-09 13:10:59","47","4","16","8","1","7","하강","downstroke","186.6","cap","40.466","186.6","8.571","0","0","yes","1729","1800","76.4","0","0","76.4","0","250","final_normal_downstroke_input"
"2026-07-09 13:11:00","47","5","16","8","1","7","하강","downstroke","190.6","cap","40.468","190.6","8.714","0","0","yes","1758","1800","79.3","0","0","79.3","0","250","final_normal_downstroke_input"
"2026-07-09 13:11:01","47","6","16","8","1","7","하강","downstroke","194.6","cap","40.469","194.6","8.857","0","0","yes","1786","1800","82.1","0","0","82.1","0","250","final_normal_downstroke_input"
"2026-07-09 13:11:02","47","7","16","8","1","7","하강","downstroke","198.6","cap","40.47","198.6","9","0","0","yes","1815","1800","85","0","0","85","0","250","final_normal_downstroke_input"
"2026-07-09 13:11:03","47","8","16","8","1","7","가압유지","downstroke","225.6","cap","40.472","225.6","8","0","0","yes","1116","1800","20","0","0","20","0","250","final_normal_pressure_hold_input"
"2026-07-09 13:11:04","47","9","16","8","1","7","상승","upstroke","125.9","rod","40.474","8","125.9","0","0","yes","1408","1800","0","65","65","0","0","250","final_normal_upstroke_input"
"2026-07-09 13:11:05","47","10","16","8","1","7","상승","upstroke","128.067","rod","40.475","8","128.067","0","0","yes","1441","1800","0","68.3","68.3","0","0","250","final_normal_upstroke_input"
"2026-07-09 13:11:06","47","11","16","8","1","7","상승","upstroke","130.233","rod","40.476","8","130.233","0","0","yes","1475","1800","0","71.7","71.7","0","0","250","final_normal_upstroke_input"
"2026-07-09 13:11:07","47","12","16","8","1","7","상승","upstroke","132.4","rod","40.478","8","132.4","0","0","yes","1508","1800","0","75","75","0","0","250","final_normal_upstroke_input"
"2026-07-09 13:11:08","47","13","16","8","1","7","상승","upstroke","134.567","rod","40.48","8","134.567","0","0","yes","1541","1800","0","78.3","78.3","0","0","250","final_normal_upstroke_input"
"2026-07-09 13:11:09","47","14","16","8","1","7","상승","upstroke","136.733","rod","40.481","8","136.733","0","0","yes","1575","1800","0","81.7","81.7","0","0","250","final_normal_upstroke_input"
"2026-07-09 13:11:10","47","15","16","8","1","7","상승","upstroke","138.9","rod","40.482","8","138.9","0","0","yes","1608","1800","0","85","85","0","0","250","final_normal_upstroke_input"
"2026-07-09 13:11:11","48","0","13","6","2","5","하강","downstroke","170.9","cap","40.47","170.9","8","0","0","yes","1600","1800","65","0","0","65","0","250","final_normal_downstroke_input"
"2026-07-09 13:11:12","48","1","13","6","2","5","하강","downstroke","176.5","cap","40.472","176.5","8.2","0","0","yes","1640","1800","69","0","0","69","0","250","final_normal_downstroke_input"
"2026-07-09 13:11:13","48","2","13","6","2","5","하강","downstroke","182.1","cap","40.473","182.1","8.4","0","0","yes","1680","1800","73","0","0","73","0","250","final_normal_downstroke_input"
"2026-07-09 13:11:14","48","3","13","6","2","5","하강","downstroke","187.7","cap","40.474","187.7","8.6","0","0","yes","1720","1800","77","0","0","77","0","250","final_normal_downstroke_input"
"2026-07-09 13:11:15","48","4","13","6","2","5","하강","downstroke","193.3","cap","40.476","193.3","8.8","0","0","yes","1760","1800","81","0","0","81","0","250","final_normal_downstroke_input"
"2026-07-09 13:11:16","48","5","13","6","2","5","하강","downstroke","198.9","cap","40.478","198.9","9","0","0","yes","1800","1800","85","0","0","85","0","250","final_normal_downstroke_input"
"2026-07-09 13:11:17","48","6","13","6","2","5","가압유지","downstroke","215","cap","40.479","215","8","0","0","yes","1200","1800","28","0","0","28","0","250","final_normal_pressure_hold_input"
"2026-07-09 13:11:18","48","7","13","6","2","5","가압유지","downstroke","225","cap","40.48","225","8","0","0","yes","1100","1800","20","0","0","20","0","250","final_normal_pressure_hold_input"
"2026-07-09 13:11:19","48","8","13","6","2","5","상승","upstroke","125","rod","40.482","8","125","0","0","yes","1412","1800","0","65","65","0","0","250","final_normal_upstroke_input"
"2026-07-09 13:11:20","48","9","13","6","2","5","상승","upstroke","128.25","rod","40.484","8","128.25","0","0","yes","1462","1800","0","70","70","0","0","250","final_normal_upstroke_input"
"2026-07-09 13:11:21","48","10","13","6","2","5","상승","upstroke","131.5","rod","40.485","8","131.5","0","0","yes","1512","1800","0","75","75","0","0","250","final_normal_upstroke_input"
"2026-07-09 13:11:22","48","11","13","6","2","5","상승","upstroke","134.75","rod","40.486","8","134.75","0","0","yes","1562","1800","0","80","80","0","0","250","final_normal_upstroke_input"
"2026-07-09 13:11:23","48","12","13","6","2","5","상승","upstroke","138","rod","40.488","8","138","0","0","yes","1612","1800","0","85","85","0","0","250","final_normal_upstroke_input"
"2026-07-09 13:11:24","49","0","14","7","1","6","하강","downstroke","171.2","cap","40.48","171.2","8","0","0","yes","1605","1800","65","0","0","65","0","250","final_normal_downstroke_input"
"2026-07-09 13:11:25","49","1","14","7","1","6","하강","downstroke","175.867","cap","40.482","175.867","8.167","0","0","yes","1638","1800","68.3","0","0","68.3","0","250","final_normal_downstroke_input"
"2026-07-09 13:11:26","49","2","14","7","1","6","하강","downstroke","180.533","cap","40.483","180.533","8.333","0","0","yes","1672","1800","71.7","0","0","71.7","0","250","final_normal_downstroke_input"
"2026-07-09 13:11:27","49","3","14","7","1","6","하강","downstroke","185.2","cap","40.484","185.2","8.5","0","0","yes","1705","1800","75","0","0","75","0","250","final_normal_downstroke_input"
"2026-07-09 13:11:28","49","4","14","7","1","6","하강","downstroke","189.867","cap","40.486","189.867","8.667","0","0","yes","1738","1800","78.3","0","0","78.3","0","250","final_normal_downstroke_input"
"2026-07-09 13:11:29","49","5","14","7","1","6","하강","downstroke","194.533","cap","40.488","194.533","8.833","0","0","yes","1772","1800","81.7","0","0","81.7","0","250","final_normal_downstroke_input"
"2026-07-09 13:11:30","49","6","14","7","1","6","하강","downstroke","199.2","cap","40.489","199.2","9","0","0","yes","1805","1800","85","0","0","85","0","250","final_normal_downstroke_input"
"2026-07-09 13:11:31","49","7","14","7","1","6","가압유지","downstroke","225.3","cap","40.49","225.3","8","0","0","yes","1108","1800","20","0","0","20","0","250","final_normal_pressure_hold_input"
"2026-07-09 13:11:32","49","8","14","7","1","6","상승","upstroke","125.3","rod","40.492","8","125.3","0","0","yes","1416","1800","0","65","65","0","0","250","final_normal_upstroke_input"
"2026-07-09 13:11:33","49","9","14","7","1","6","상승","upstroke","127.9","rod","40.494","8","127.9","0","0","yes","1456","1800","0","69","69","0","0","250","final_normal_upstroke_input"
"2026-07-09 13:11:34","49","10","14","7","1","6","상승","upstroke","130.5","rod","40.495","8","130.5","0","0","yes","1496","1800","0","73","73","0","0","250","final_normal_upstroke_input"
"2026-07-09 13:11:35","49","11","14","7","1","6","상승","upstroke","133.1","rod","40.496","8","133.1","0","0","yes","1536","1800","0","77","77","0","0","250","final_normal_upstroke_input"
"2026-07-09 13:11:36","49","12","14","7","1","6","상승","upstroke","135.7","rod","40.498","8","135.7","0","0","yes","1576","1800","0","81","81","0","0","250","final_normal_upstroke_input"
"2026-07-09 13:11:37","49","13","14","7","1","6","상승","upstroke","138.3","rod","40.5","8","138.3","0","0","yes","1616","1800","0","85","85","0","0","250","final_normal_upstroke_input"
"2026-07-09 13:11:38","50","0","16","8","1","7","하강","downstroke","170","cap","40.49","170","8","0","0","yes","1610","1800","65","0","0","65","0","250","final_normal_downstroke_input"
"2026-07-09 13:11:39","50","1","16","8","1","7","하강","downstroke","174","cap","40.492","174","8.143","0","0","yes","1639","1800","67.9","0","0","67.9","0","250","final_normal_downstroke_input"
"2026-07-09 13:11:40","50","2","16","8","1","7","하강","downstroke","178","cap","40.493","178","8.286","0","0","yes","1667","1800","70.7","0","0","70.7","0","250","final_normal_downstroke_input"
"2026-07-09 13:11:41","50","3","16","8","1","7","하강","downstroke","182","cap","40.494","182","8.429","0","0","yes","1696","1800","73.6","0","0","73.6","0","250","final_normal_downstroke_input"
"2026-07-09 13:11:42","50","4","16","8","1","7","하강","downstroke","186","cap","40.496","186","8.571","0","0","yes","1724","1800","76.4","0","0","76.4","0","250","final_normal_downstroke_input"
"2026-07-09 13:11:43","50","5","16","8","1","7","하강","downstroke","190","cap","40.498","190","8.714","0","0","yes","1753","1800","79.3","0","0","79.3","0","250","final_normal_downstroke_input"
"2026-07-09 13:11:44","50","6","16","8","1","7","하강","downstroke","194","cap","40.499","194","8.857","0","0","yes","1781","1800","82.1","0","0","82.1","0","250","final_normal_downstroke_input"
"2026-07-09 13:11:45","50","7","16","8","1","7","하강","downstroke","198","cap","40.5","198","9","0","0","yes","1810","1800","85","0","0","85","0","250","final_normal_downstroke_input"
"2026-07-09 13:11:46","50","8","16","8","1","7","가압유지","downstroke","225.6","cap","40.502","225.6","8","0","0","yes","1116","1800","20","0","0","20","0","250","final_normal_pressure_hold_input"
"2026-07-09 13:11:47","50","9","16","8","1","7","상승","upstroke","125.6","rod","40.504","8","125.6","0","0","yes","1400","1800","0","65","65","0","0","250","final_normal_upstroke_input"
"2026-07-09 13:11:48","50","10","16","8","1","7","상승","upstroke","127.767","rod","40.505","8","127.767","0","0","yes","1433","1800","0","68.3","68.3","0","0","250","final_normal_upstroke_input"
"2026-07-09 13:11:49","50","11","16","8","1","7","상승","upstroke","129.933","rod","40.506","8","129.933","0","0","yes","1467","1800","0","71.7","71.7","0","0","250","final_normal_upstroke_input"
"2026-07-09 13:11:50","50","12","16","8","1","7","상승","upstroke","132.1","rod","40.508","8","132.1","0","0","yes","1500","1800","0","75","75","0","0","250","final_normal_upstroke_input"
"2026-07-09 13:11:51","50","13","16","8","1","7","상승","upstroke","134.267","rod","40.51","8","134.267","0","0","yes","1533","1800","0","78.3","78.3","0","0","250","final_normal_upstroke_input"
"2026-07-09 13:11:52","50","14","16","8","1","7","상승","upstroke","136.433","rod","40.511","8","136.433","0","0","yes","1567","1800","0","81.7","81.7","0","0","250","final_normal_upstroke_input"
"2026-07-09 13:11:53","50","15","16","8","1","7","상승","upstroke","138.6","rod","40.512","8","138.6","0","0","yes","1600","1800","0","85","85","0","0","250","final_normal_upstroke_input"
"2026-07-09 13:11:54","51","0","12","6","1","5","하강","downstroke","170.3","cap","40.5","170.3","8","0","0","yes","1615","1800","65","0","0","65","0","250","final_normal_downstroke_input"
"2026-07-09 13:11:55","51","1","12","6","1","5","하강","downstroke","175.9","cap","40.502","175.9","8.2","0","0","yes","1655","1800","69","0","0","69","0","250","final_normal_downstroke_input"
"2026-07-09 13:11:56","51","2","12","6","1","5","하강","downstroke","181.5","cap","40.503","181.5","8.4","0","0","yes","1695","1800","73","0","0","73","0","250","final_normal_downstroke_input"
"2026-07-09 13:11:57","51","3","12","6","1","5","하강","downstroke","187.1","cap","40.504","187.1","8.6","0","0","yes","1735","1800","77","0","0","77","0","250","final_normal_downstroke_input"
"2026-07-09 13:11:58","51","4","12","6","1","5","하강","downstroke","192.7","cap","40.506","192.7","8.8","0","0","yes","1775","1800","81","0","0","81","0","250","final_normal_downstroke_input"
"2026-07-09 13:11:59","51","5","12","6","1","5","하강","downstroke","198.3","cap","40.508","198.3","9","0","0","yes","1815","1800","85","0","0","85","0","250","final_normal_downstroke_input"
"2026-07-09 13:12:00","51","6","12","6","1","5","가압유지","downstroke","225","cap","40.509","225","8","0","0","yes","1100","1800","20","0","0","20","0","250","final_normal_pressure_hold_input"
"2026-07-09 13:12:01","51","7","12","6","1","5","상승","upstroke","125.9","rod","40.51","8","125.9","0","0","yes","1404","1800","0","65","65","0","0","250","final_normal_upstroke_input"
"2026-07-09 13:12:02","51","8","12","6","1","5","상승","upstroke","129.15","rod","40.512","8","129.15","0","0","yes","1454","1800","0","70","70","0","0","250","final_normal_upstroke_input"
"2026-07-09 13:12:03","51","9","12","6","1","5","상승","upstroke","132.4","rod","40.514","8","132.4","0","0","yes","1504","1800","0","75","75","0","0","250","final_normal_upstroke_input"
"2026-07-09 13:12:04","51","10","12","6","1","5","상승","upstroke","135.65","rod","40.515","8","135.65","0","0","yes","1554","1800","0","80","80","0","0","250","final_normal_upstroke_input"
"2026-07-09 13:12:05","51","11","12","6","1","5","상승","upstroke","138.9","rod","40.516","8","138.9","0","0","yes","1604","1800","0","85","85","0","0","250","final_normal_upstroke_input"
"2026-07-09 13:12:06","52","0","15","7","2","6","하강","downstroke","170.6","cap","40.51","170.6","8","0","0","yes","1600","1800","65","0","0","65","0","250","final_normal_downstroke_input"
"2026-07-09 13:12:07","52","1","15","7","2","6","하강","downstroke","175.267","cap","40.512","175.267","8.167","0","0","yes","1633","1800","68.3","0","0","68.3","0","250","final_normal_downstroke_input"
"2026-07-09 13:12:08","52","2","15","7","2","6","하강","downstroke","179.933","cap","40.513","179.933","8.333","0","0","yes","1667","1800","71.7","0","0","71.7","0","250","final_normal_downstroke_input"
"2026-07-09 13:12:09","52","3","15","7","2","6","하강","downstroke","184.6","cap","40.514","184.6","8.5","0","0","yes","1700","1800","75","0","0","75","0","250","final_normal_downstroke_input"
"2026-07-09 13:12:10","52","4","15","7","2","6","하강","downstroke","189.267","cap","40.516","189.267","8.667","0","0","yes","1733","1800","78.3","0","0","78.3","0","250","final_normal_downstroke_input"
"2026-07-09 13:12:11","52","5","15","7","2","6","하강","downstroke","193.933","cap","40.518","193.933","8.833","0","0","yes","1767","1800","81.7","0","0","81.7","0","250","final_normal_downstroke_input"
"2026-07-09 13:12:12","52","6","15","7","2","6","하강","downstroke","198.6","cap","40.519","198.6","9","0","0","yes","1800","1800","85","0","0","85","0","250","final_normal_downstroke_input"
"2026-07-09 13:12:13","52","7","15","7","2","6","가압유지","downstroke","215.3","cap","40.52","215.3","8","0","0","yes","1208","1800","28","0","0","28","0","250","final_normal_pressure_hold_input"
"2026-07-09 13:12:14","52","8","15","7","2","6","가압유지","downstroke","225.3","cap","40.522","225.3","8","0","0","yes","1108","1800","20","0","0","20","0","250","final_normal_pressure_hold_input"
"2026-07-09 13:12:15","52","9","15","7","2","6","상승","upstroke","125","rod","40.524","8","125","0","0","yes","1408","1800","0","65","65","0","0","250","final_normal_upstroke_input"
"2026-07-09 13:12:16","52","10","15","7","2","6","상승","upstroke","127.6","rod","40.525","8","127.6","0","0","yes","1448","1800","0","69","69","0","0","250","final_normal_upstroke_input"
"2026-07-09 13:12:17","52","11","15","7","2","6","상승","upstroke","130.2","rod","40.526","8","130.2","0","0","yes","1488","1800","0","73","73","0","0","250","final_normal_upstroke_input"
"2026-07-09 13:12:18","52","12","15","7","2","6","상승","upstroke","132.8","rod","40.528","8","132.8","0","0","yes","1528","1800","0","77","77","0","0","250","final_normal_upstroke_input"
"2026-07-09 13:12:19","52","13","15","7","2","6","상승","upstroke","135.4","rod","40.53","8","135.4","0","0","yes","1568","1800","0","81","81","0","0","250","final_normal_upstroke_input"
"2026-07-09 13:12:20","52","14","15","7","2","6","상승","upstroke","138","rod","40.531","8","138","0","0","yes","1608","1800","0","85","85","0","0","250","final_normal_upstroke_input"
"2026-07-09 13:12:21","53","0","16","8","1","7","하강","downstroke","170.9","cap","40.52","170.9","8","0","0","yes","1605","1800","65","0","0","65","0","250","final_normal_downstroke_input"
"2026-07-09 13:12:22","53","1","16","8","1","7","하강","downstroke","174.9","cap","40.522","174.9","8.143","0","0","yes","1634","1800","67.9","0","0","67.9","0","250","final_normal_downstroke_input"
"2026-07-09 13:12:23","53","2","16","8","1","7","하강","downstroke","178.9","cap","40.523","178.9","8.286","0","0","yes","1662","1800","70.7","0","0","70.7","0","250","final_normal_downstroke_input"
"2026-07-09 13:12:24","53","3","16","8","1","7","하강","downstroke","182.9","cap","40.524","182.9","8.429","0","0","yes","1691","1800","73.6","0","0","73.6","0","250","final_normal_downstroke_input"
"2026-07-09 13:12:25","53","4","16","8","1","7","하강","downstroke","186.9","cap","40.526","186.9","8.571","0","0","yes","1719","1800","76.4","0","0","76.4","0","250","final_normal_downstroke_input"
"2026-07-09 13:12:26","53","5","16","8","1","7","하강","downstroke","190.9","cap","40.528","190.9","8.714","0","0","yes","1748","1800","79.3","0","0","79.3","0","250","final_normal_downstroke_input"
"2026-07-09 13:12:27","53","6","16","8","1","7","하강","downstroke","194.9","cap","40.529","194.9","8.857","0","0","yes","1776","1800","82.1","0","0","82.1","0","250","final_normal_downstroke_input"
"2026-07-09 13:12:28","53","7","16","8","1","7","하강","downstroke","198.9","cap","40.53","198.9","9","0","0","yes","1805","1800","85","0","0","85","0","250","final_normal_downstroke_input"
"2026-07-09 13:12:29","53","8","16","8","1","7","가압유지","downstroke","225.6","cap","40.532","225.6","8","0","0","yes","1116","1800","20","0","0","20","0","250","final_normal_pressure_hold_input"
"2026-07-09 13:12:30","53","9","16","8","1","7","상승","upstroke","125.3","rod","40.534","8","125.3","0","0","yes","1412","1800","0","65","65","0","0","250","final_normal_upstroke_input"
"2026-07-09 13:12:31","53","10","16","8","1","7","상승","upstroke","127.467","rod","40.535","8","127.467","0","0","yes","1445","1800","0","68.3","68.3","0","0","250","final_normal_upstroke_input"
"2026-07-09 13:12:32","53","11","16","8","1","7","상승","upstroke","129.633","rod","40.537","8","129.633","0","0","yes","1479","1800","0","71.7","71.7","0","0","250","final_normal_upstroke_input"
"2026-07-09 13:12:33","53","12","16","8","1","7","상승","upstroke","131.8","rod","40.538","8","131.8","0","0","yes","1512","1800","0","75","75","0","0","250","final_normal_upstroke_input"
"2026-07-09 13:12:34","53","13","16","8","1","7","상승","upstroke","133.967","rod","40.54","8","133.967","0","0","yes","1545","1800","0","78.3","78.3","0","0","250","final_normal_upstroke_input"
"2026-07-09 13:12:35","53","14","16","8","1","7","상승","upstroke","136.133","rod","40.541","8","136.133","0","0","yes","1579","1800","0","81.7","81.7","0","0","250","final_normal_upstroke_input"
"2026-07-09 13:12:36","53","15","16","8","1","7","상승","upstroke","138.3","rod","40.543","8","138.3","0","0","yes","1612","1800","0","85","85","0","0","250","final_normal_upstroke_input"
"2026-07-09 13:12:37","54","0","12","6","1","5","하강","downstroke","171.2","cap","40.53","171.2","8","0","0","yes","1610","1800","65","0","0","65","0","250","final_normal_downstroke_input"
"2026-07-09 13:12:38","54","1","12","6","1","5","하강","downstroke","176.8","cap","40.532","176.8","8.2","0","0","yes","1650","1800","69","0","0","69","0","250","final_normal_downstroke_input"
"2026-07-09 13:12:39","54","2","12","6","1","5","하강","downstroke","182.4","cap","40.533","182.4","8.4","0","0","yes","1690","1800","73","0","0","73","0","250","final_normal_downstroke_input"
"2026-07-09 13:12:40","54","3","12","6","1","5","하강","downstroke","188","cap","40.534","188","8.6","0","0","yes","1730","1800","77","0","0","77","0","250","final_normal_downstroke_input"
"2026-07-09 13:12:41","54","4","12","6","1","5","하강","downstroke","193.6","cap","40.536","193.6","8.8","0","0","yes","1770","1800","81","0","0","81","0","250","final_normal_downstroke_input"
"2026-07-09 13:12:42","54","5","12","6","1","5","하강","downstroke","199.2","cap","40.538","199.2","9","0","0","yes","1810","1800","85","0","0","85","0","250","final_normal_downstroke_input"
"2026-07-09 13:12:43","54","6","12","6","1","5","가압유지","downstroke","225","cap","40.539","225","8","0","0","yes","1100","1800","20","0","0","20","0","250","final_normal_pressure_hold_input"
"2026-07-09 13:12:44","54","7","12","6","1","5","상승","upstroke","125.6","rod","40.54","8","125.6","0","0","yes","1416","1800","0","65","65","0","0","250","final_normal_upstroke_input"
"2026-07-09 13:12:45","54","8","12","6","1","5","상승","upstroke","128.85","rod","40.542","8","128.85","0","0","yes","1466","1800","0","70","70","0","0","250","final_normal_upstroke_input"
"2026-07-09 13:12:46","54","9","12","6","1","5","상승","upstroke","132.1","rod","40.544","8","132.1","0","0","yes","1516","1800","0","75","75","0","0","250","final_normal_upstroke_input"
"2026-07-09 13:12:47","54","10","12","6","1","5","상승","upstroke","135.35","rod","40.545","8","135.35","0","0","yes","1566","1800","0","80","80","0","0","250","final_normal_upstroke_input"
"2026-07-09 13:12:48","54","11","12","6","1","5","상승","upstroke","138.6","rod","40.546","8","138.6","0","0","yes","1616","1800","0","85","85","0","0","250","final_normal_upstroke_input"
"2026-07-09 13:12:49","55","0","14","7","1","6","하강","downstroke","170","cap","40.54","170","8","0","0","yes","1615","1800","65","0","0","65","0","250","final_normal_downstroke_input"
"2026-07-09 13:12:50","55","1","14","7","1","6","하강","downstroke","174.667","cap","40.542","174.667","8.167","0","0","yes","1648","1800","68.3","0","0","68.3","0","250","final_normal_downstroke_input"
"2026-07-09 13:12:51","55","2","14","7","1","6","하강","downstroke","179.333","cap","40.543","179.333","8.333","0","0","yes","1682","1800","71.7","0","0","71.7","0","250","final_normal_downstroke_input"
"2026-07-09 13:12:52","55","3","14","7","1","6","하강","downstroke","184","cap","40.544","184","8.5","0","0","yes","1715","1800","75","0","0","75","0","250","final_normal_downstroke_input"
"2026-07-09 13:12:53","55","4","14","7","1","6","하강","downstroke","188.667","cap","40.546","188.667","8.667","0","0","yes","1748","1800","78.3","0","0","78.3","0","250","final_normal_downstroke_input"
"2026-07-09 13:12:54","55","5","14","7","1","6","하강","downstroke","193.333","cap","40.548","193.333","8.833","0","0","yes","1782","1800","81.7","0","0","81.7","0","250","final_normal_downstroke_input"
"2026-07-09 13:12:55","55","6","14","7","1","6","하강","downstroke","198","cap","40.549","198","9","0","0","yes","1815","1800","85","0","0","85","0","250","final_normal_downstroke_input"
"2026-07-09 13:12:56","55","7","14","7","1","6","가압유지","downstroke","225.3","cap","40.55","225.3","8","0","0","yes","1108","1800","20","0","0","20","0","250","final_normal_pressure_hold_input"
"2026-07-09 13:12:57","55","8","14","7","1","6","상승","upstroke","125.9","rod","40.552","8","125.9","0","0","yes","1400","1800","0","65","65","0","0","250","final_normal_upstroke_input"
"2026-07-09 13:12:58","55","9","14","7","1","6","상승","upstroke","128.5","rod","40.554","8","128.5","0","0","yes","1440","1800","0","69","69","0","0","250","final_normal_upstroke_input"
"2026-07-09 13:12:59","55","10","14","7","1","6","상승","upstroke","131.1","rod","40.555","8","131.1","0","0","yes","1480","1800","0","73","73","0","0","250","final_normal_upstroke_input"
"2026-07-09 13:13:00","55","11","14","7","1","6","상승","upstroke","133.7","rod","40.556","8","133.7","0","0","yes","1520","1800","0","77","77","0","0","250","final_normal_upstroke_input"
"2026-07-09 13:13:01","55","12","14","7","1","6","상승","upstroke","136.3","rod","40.558","8","136.3","0","0","yes","1560","1800","0","81","81","0","0","250","final_normal_upstroke_input"
"2026-07-09 13:13:02","55","13","14","7","1","6","상승","upstroke","138.9","rod","40.56","8","138.9","0","0","yes","1600","1800","0","85","85","0","0","250","final_normal_upstroke_input"
"2026-07-09 13:13:03","56","0","17","8","2","7","하강","downstroke","170.3","cap","40.55","170.3","8","0","0","yes","1600","1800","65","0","0","65","0","250","final_normal_downstroke_input"
"2026-07-09 13:13:04","56","1","17","8","2","7","하강","downstroke","174.3","cap","40.552","174.3","8.143","0","0","yes","1629","1800","67.9","0","0","67.9","0","250","final_normal_downstroke_input"
"2026-07-09 13:13:05","56","2","17","8","2","7","하강","downstroke","178.3","cap","40.553","178.3","8.286","0","0","yes","1657","1800","70.7","0","0","70.7","0","250","final_normal_downstroke_input"
"2026-07-09 13:13:06","56","3","17","8","2","7","하강","downstroke","182.3","cap","40.554","182.3","8.429","0","0","yes","1686","1800","73.6","0","0","73.6","0","250","final_normal_downstroke_input"
"2026-07-09 13:13:07","56","4","17","8","2","7","하강","downstroke","186.3","cap","40.556","186.3","8.571","0","0","yes","1714","1800","76.4","0","0","76.4","0","250","final_normal_downstroke_input"
"2026-07-09 13:13:08","56","5","17","8","2","7","하강","downstroke","190.3","cap","40.558","190.3","8.714","0","0","yes","1743","1800","79.3","0","0","79.3","0","250","final_normal_downstroke_input"
"2026-07-09 13:13:09","56","6","17","8","2","7","하강","downstroke","194.3","cap","40.559","194.3","8.857","0","0","yes","1771","1800","82.1","0","0","82.1","0","250","final_normal_downstroke_input"
"2026-07-09 13:13:10","56","7","17","8","2","7","하강","downstroke","198.3","cap","40.56","198.3","9","0","0","yes","1800","1800","85","0","0","85","0","250","final_normal_downstroke_input"
"2026-07-09 13:13:11","56","8","17","8","2","7","가압유지","downstroke","215.6","cap","40.562","215.6","8","0","0","yes","1216","1800","28","0","0","28","0","250","final_normal_pressure_hold_input"
"2026-07-09 13:13:12","56","9","17","8","2","7","가압유지","downstroke","225.6","cap","40.564","225.6","8","0","0","yes","1116","1800","20","0","0","20","0","250","final_normal_pressure_hold_input"
"2026-07-09 13:13:13","56","10","17","8","2","7","상승","upstroke","125","rod","40.565","8","125","0","0","yes","1404","1800","0","65","65","0","0","250","final_normal_upstroke_input"
"2026-07-09 13:13:14","56","11","17","8","2","7","상승","upstroke","127.167","rod","40.566","8","127.167","0","0","yes","1437","1800","0","68.3","68.3","0","0","250","final_normal_upstroke_input"
"2026-07-09 13:13:15","56","12","17","8","2","7","상승","upstroke","129.333","rod","40.568","8","129.333","0","0","yes","1471","1800","0","71.7","71.7","0","0","250","final_normal_upstroke_input"
"2026-07-09 13:13:16","56","13","17","8","2","7","상승","upstroke","131.5","rod","40.57","8","131.5","0","0","yes","1504","1800","0","75","75","0","0","250","final_normal_upstroke_input"
"2026-07-09 13:13:17","56","14","17","8","2","7","상승","upstroke","133.667","rod","40.571","8","133.667","0","0","yes","1537","1800","0","78.3","78.3","0","0","250","final_normal_upstroke_input"
"2026-07-09 13:13:18","56","15","17","8","2","7","상승","upstroke","135.833","rod","40.572","8","135.833","0","0","yes","1571","1800","0","81.7","81.7","0","0","250","final_normal_upstroke_input"
"2026-07-09 13:13:19","56","16","17","8","2","7","상승","upstroke","138","rod","40.574","8","138","0","0","yes","1604","1800","0","85","85","0","0","250","final_normal_upstroke_input"
"2026-07-09 13:13:20","57","0","12","6","1","5","하강","downstroke","170.6","cap","40.56","170.6","8","0","0","yes","1605","1800","65","0","0","65","0","250","final_normal_downstroke_input"
"2026-07-09 13:13:21","57","1","12","6","1","5","하강","downstroke","176.2","cap","40.562","176.2","8.2","0","0","yes","1645","1800","69","0","0","69","0","250","final_normal_downstroke_input"
"2026-07-09 13:13:22","57","2","12","6","1","5","하강","downstroke","181.8","cap","40.563","181.8","8.4","0","0","yes","1685","1800","73","0","0","73","0","250","final_normal_downstroke_input"
"2026-07-09 13:13:23","57","3","12","6","1","5","하강","downstroke","187.4","cap","40.564","187.4","8.6","0","0","yes","1725","1800","77","0","0","77","0","250","final_normal_downstroke_input"
"2026-07-09 13:13:24","57","4","12","6","1","5","하강","downstroke","193","cap","40.566","193","8.8","0","0","yes","1765","1800","81","0","0","81","0","250","final_normal_downstroke_input"
"2026-07-09 13:13:25","57","5","12","6","1","5","하강","downstroke","198.6","cap","40.568","198.6","9","0","0","yes","1805","1800","85","0","0","85","0","250","final_normal_downstroke_input"
"2026-07-09 13:13:26","57","6","12","6","1","5","가압유지","downstroke","225","cap","40.569","225","8","0","0","yes","1100","1800","20","0","0","20","0","250","final_normal_pressure_hold_input"
"2026-07-09 13:13:27","57","7","12","6","1","5","상승","upstroke","125.3","rod","40.57","8","125.3","0","0","yes","1408","1800","0","65","65","0","0","250","final_normal_upstroke_input"
"2026-07-09 13:13:28","57","8","12","6","1","5","상승","upstroke","128.55","rod","40.572","8","128.55","0","0","yes","1458","1800","0","70","70","0","0","250","final_normal_upstroke_input"
"2026-07-09 13:13:29","57","9","12","6","1","5","상승","upstroke","131.8","rod","40.574","8","131.8","0","0","yes","1508","1800","0","75","75","0","0","250","final_normal_upstroke_input"
"2026-07-09 13:13:30","57","10","12","6","1","5","상승","upstroke","135.05","rod","40.575","8","135.05","0","0","yes","1558","1800","0","80","80","0","0","250","final_normal_upstroke_input"
"2026-07-09 13:13:31","57","11","12","6","1","5","상승","upstroke","138.3","rod","40.576","8","138.3","0","0","yes","1608","1800","0","85","85","0","0","250","final_normal_upstroke_input"
"2026-07-09 13:13:32","58","0","14","7","1","6","하강","downstroke","170.9","cap","40.57","170.9","8","0","0","yes","1610","1800","65","0","0","65","0","250","final_normal_downstroke_input"
"2026-07-09 13:13:33","58","1","14","7","1","6","하강","downstroke","175.567","cap","40.572","175.567","8.167","0","0","yes","1643","1800","68.3","0","0","68.3","0","250","final_normal_downstroke_input"
"2026-07-09 13:13:34","58","2","14","7","1","6","하강","downstroke","180.233","cap","40.573","180.233","8.333","0","0","yes","1677","1800","71.7","0","0","71.7","0","250","final_normal_downstroke_input"
"2026-07-09 13:13:35","58","3","14","7","1","6","하강","downstroke","184.9","cap","40.574","184.9","8.5","0","0","yes","1710","1800","75","0","0","75","0","250","final_normal_downstroke_input"
"2026-07-09 13:13:36","58","4","14","7","1","6","하강","downstroke","189.567","cap","40.576","189.567","8.667","0","0","yes","1743","1800","78.3","0","0","78.3","0","250","final_normal_downstroke_input"
"2026-07-09 13:13:37","58","5","14","7","1","6","하강","downstroke","194.233","cap","40.578","194.233","8.833","0","0","yes","1777","1800","81.7","0","0","81.7","0","250","final_normal_downstroke_input"
"2026-07-09 13:13:38","58","6","14","7","1","6","하강","downstroke","198.9","cap","40.579","198.9","9","0","0","yes","1810","1800","85","0","0","85","0","250","final_normal_downstroke_input"
"2026-07-09 13:13:39","58","7","14","7","1","6","가압유지","downstroke","225.3","cap","40.58","225.3","8","0","0","yes","1108","1800","20","0","0","20","0","250","final_normal_pressure_hold_input"
"2026-07-09 13:13:40","58","8","14","7","1","6","상승","upstroke","125.6","rod","40.582","8","125.6","0","0","yes","1412","1800","0","65","65","0","0","250","final_normal_upstroke_input"
"2026-07-09 13:13:41","58","9","14","7","1","6","상승","upstroke","128.2","rod","40.584","8","128.2","0","0","yes","1452","1800","0","69","69","0","0","250","final_normal_upstroke_input"
"2026-07-09 13:13:42","58","10","14","7","1","6","상승","upstroke","130.8","rod","40.585","8","130.8","0","0","yes","1492","1800","0","73","73","0","0","250","final_normal_upstroke_input"
"2026-07-09 13:13:43","58","11","14","7","1","6","상승","upstroke","133.4","rod","40.586","8","133.4","0","0","yes","1532","1800","0","77","77","0","0","250","final_normal_upstroke_input"
"2026-07-09 13:13:44","58","12","14","7","1","6","상승","upstroke","136","rod","40.588","8","136","0","0","yes","1572","1800","0","81","81","0","0","250","final_normal_upstroke_input"
"2026-07-09 13:13:45","58","13","14","7","1","6","상승","upstroke","138.6","rod","40.59","8","138.6","0","0","yes","1612","1800","0","85","85","0","0","250","final_normal_upstroke_input"
"2026-07-09 13:13:46","59","0","16","8","1","7","하강","downstroke","171.2","cap","40.58","171.2","8","0","0","yes","1615","1800","65","0","0","65","0","250","final_normal_downstroke_input"
"2026-07-09 13:13:47","59","1","16","8","1","7","하강","downstroke","175.2","cap","40.582","175.2","8.143","0","0","yes","1644","1800","67.9","0","0","67.9","0","250","final_normal_downstroke_input"
"2026-07-09 13:13:48","59","2","16","8","1","7","하강","downstroke","179.2","cap","40.583","179.2","8.286","0","0","yes","1672","1800","70.7","0","0","70.7","0","250","final_normal_downstroke_input"
"2026-07-09 13:13:49","59","3","16","8","1","7","하강","downstroke","183.2","cap","40.584","183.2","8.429","0","0","yes","1701","1800","73.6","0","0","73.6","0","250","final_normal_downstroke_input"
"2026-07-09 13:13:50","59","4","16","8","1","7","하강","downstroke","187.2","cap","40.586","187.2","8.571","0","0","yes","1729","1800","76.4","0","0","76.4","0","250","final_normal_downstroke_input"
"2026-07-09 13:13:51","59","5","16","8","1","7","하강","downstroke","191.2","cap","40.588","191.2","8.714","0","0","yes","1758","1800","79.3","0","0","79.3","0","250","final_normal_downstroke_input"
"2026-07-09 13:13:52","59","6","16","8","1","7","하강","downstroke","195.2","cap","40.589","195.2","8.857","0","0","yes","1786","1800","82.1","0","0","82.1","0","250","final_normal_downstroke_input"
"2026-07-09 13:13:53","59","7","16","8","1","7","하강","downstroke","199.2","cap","40.59","199.2","9","0","0","yes","1815","1800","85","0","0","85","0","250","final_normal_downstroke_input"
"2026-07-09 13:13:54","59","8","16","8","1","7","가압유지","downstroke","225.6","cap","40.592","225.6","8","0","0","yes","1116","1800","20","0","0","20","0","250","final_normal_pressure_hold_input"
"2026-07-09 13:13:55","59","9","16","8","1","7","상승","upstroke","125.9","rod","40.594","8","125.9","0","0","yes","1416","1800","0","65","65","0","0","250","final_normal_upstroke_input"
"2026-07-09 13:13:56","59","10","16","8","1","7","상승","upstroke","128.067","rod","40.595","8","128.067","0","0","yes","1449","1800","0","68.3","68.3","0","0","250","final_normal_upstroke_input"
"2026-07-09 13:13:57","59","11","16","8","1","7","상승","upstroke","130.233","rod","40.596","8","130.233","0","0","yes","1483","1800","0","71.7","71.7","0","0","250","final_normal_upstroke_input"
"2026-07-09 13:13:58","59","12","16","8","1","7","상승","upstroke","132.4","rod","40.598","8","132.4","0","0","yes","1516","1800","0","75","75","0","0","250","final_normal_upstroke_input"
"2026-07-09 13:13:59","59","13","16","8","1","7","상승","upstroke","134.567","rod","40.6","8","134.567","0","0","yes","1549","1800","0","78.3","78.3","0","0","250","final_normal_upstroke_input"
"2026-07-09 13:14:00","59","14","16","8","1","7","상승","upstroke","136.733","rod","40.601","8","136.733","0","0","yes","1583","1800","0","81.7","81.7","0","0","250","final_normal_upstroke_input"
"2026-07-09 13:14:01","59","15","16","8","1","7","상승","upstroke","138.9","rod","40.602","8","138.9","0","0","yes","1616","1800","0","85","85","0","0","250","final_normal_upstroke_input"
"2026-07-09 13:14:02","60","0","13","6","2","5","하강","downstroke","170","cap","40.59","170","8","0","0","yes","1600","1800","65","0","0","65","0","250","final_normal_downstroke_input"
"2026-07-09 13:14:03","60","1","13","6","2","5","하강","downstroke","175.6","cap","40.592","175.6","8.2","0","0","yes","1640","1800","69","0","0","69","0","250","final_normal_downstroke_input"
"2026-07-09 13:14:04","60","2","13","6","2","5","하강","downstroke","181.2","cap","40.593","181.2","8.4","0","0","yes","1680","1800","73","0","0","73","0","250","final_normal_downstroke_input"
"2026-07-09 13:14:05","60","3","13","6","2","5","하강","downstroke","186.8","cap","40.594","186.8","8.6","0","0","yes","1720","1800","77","0","0","77","0","250","final_normal_downstroke_input"
"2026-07-09 13:14:06","60","4","13","6","2","5","하강","downstroke","192.4","cap","40.596","192.4","8.8","0","0","yes","1760","1800","81","0","0","81","0","250","final_normal_downstroke_input"
"2026-07-09 13:14:07","60","5","13","6","2","5","하강","downstroke","198","cap","40.598","198","9","0","0","yes","1800","1800","85","0","0","85","0","250","final_normal_downstroke_input"
"2026-07-09 13:14:08","60","6","13","6","2","5","가압유지","downstroke","215","cap","40.599","215","8","0","0","yes","1200","1800","28","0","0","28","0","250","final_normal_pressure_hold_input"
"2026-07-09 13:14:09","60","7","13","6","2","5","가압유지","downstroke","225","cap","40.601","225","8","0","0","yes","1100","1800","20","0","0","20","0","250","final_normal_pressure_hold_input"
"2026-07-09 13:14:10","60","8","13","6","2","5","상승","upstroke","125","rod","40.602","8","125","0","0","yes","1400","1800","0","65","65","0","0","250","final_normal_upstroke_input"
"2026-07-09 13:14:11","60","9","13","6","2","5","상승","upstroke","128.25","rod","40.604","8","128.25","0","0","yes","1450","1800","0","70","70","0","0","250","final_normal_upstroke_input"
"2026-07-09 13:14:12","60","10","13","6","2","5","상승","upstroke","131.5","rod","40.605","8","131.5","0","0","yes","1500","1800","0","75","75","0","0","250","final_normal_upstroke_input"
"2026-07-09 13:14:13","60","11","13","6","2","5","상승","upstroke","134.75","rod","40.607","8","134.75","0","0","yes","1550","1800","0","80","80","0","0","250","final_normal_upstroke_input"
"2026-07-09 13:14:14","60","12","13","6","2","5","상승","upstroke","138","rod","40.608","8","138","0","0","yes","1600","1800","0","85","85","0","0","250","final_normal_upstroke_input"
"2026-07-09 13:14:15","61","0","14","7","1","6","하강","downstroke","170.3","cap","40.6","170.3","8","0","0","yes","1605","1800","65","0","0","65","0","250","final_normal_downstroke_input"
"2026-07-09 13:14:16","61","1","14","7","1","6","하강","downstroke","174.967","cap","40.602","174.967","8.167","0","0","yes","1638","1800","68.3","0","0","68.3","0","250","final_normal_downstroke_input"
"2026-07-09 13:14:17","61","2","14","7","1","6","하강","downstroke","179.633","cap","40.603","179.633","8.333","0","0","yes","1672","1800","71.7","0","0","71.7","0","250","final_normal_downstroke_input"
"2026-07-09 13:14:18","61","3","14","7","1","6","하강","downstroke","184.3","cap","40.604","184.3","8.5","0","0","yes","1705","1800","75","0","0","75","0","250","final_normal_downstroke_input"
"2026-07-09 13:14:19","61","4","14","7","1","6","하강","downstroke","188.967","cap","40.606","188.967","8.667","0","0","yes","1738","1800","78.3","0","0","78.3","0","250","final_normal_downstroke_input"
"2026-07-09 13:14:20","61","5","14","7","1","6","하강","downstroke","193.633","cap","40.608","193.633","8.833","0","0","yes","1772","1800","81.7","0","0","81.7","0","250","final_normal_downstroke_input"
"2026-07-09 13:14:21","61","6","14","7","1","6","하강","downstroke","198.3","cap","40.609","198.3","9","0","0","yes","1805","1800","85","0","0","85","0","250","final_normal_downstroke_input"
"2026-07-09 13:14:22","61","7","14","7","1","6","가압유지","downstroke","225.3","cap","40.61","225.3","8","0","0","yes","1108","1800","20","0","0","20","0","250","final_normal_pressure_hold_input"
"2026-07-09 13:14:23","61","8","14","7","1","6","상승","upstroke","125.3","rod","40.612","8","125.3","0","0","yes","1404","1800","0","65","65","0","0","250","final_normal_upstroke_input"
"2026-07-09 13:14:24","61","9","14","7","1","6","상승","upstroke","127.9","rod","40.614","8","127.9","0","0","yes","1444","1800","0","69","69","0","0","250","final_normal_upstroke_input"
"2026-07-09 13:14:25","61","10","14","7","1","6","상승","upstroke","130.5","rod","40.615","8","130.5","0","0","yes","1484","1800","0","73","73","0","0","250","final_normal_upstroke_input"
"2026-07-09 13:14:26","61","11","14","7","1","6","상승","upstroke","133.1","rod","40.616","8","133.1","0","0","yes","1524","1800","0","77","77","0","0","250","final_normal_upstroke_input"
"2026-07-09 13:14:27","61","12","14","7","1","6","상승","upstroke","135.7","rod","40.618","8","135.7","0","0","yes","1564","1800","0","81","81","0","0","250","final_normal_upstroke_input"
"2026-07-09 13:14:28","61","13","14","7","1","6","상승","upstroke","138.3","rod","40.62","8","138.3","0","0","yes","1604","1800","0","85","85","0","0","250","final_normal_upstroke_input"
"2026-07-09 13:14:29","62","0","16","8","1","7","하강","downstroke","170.6","cap","40.61","170.6","8","0","0","yes","1610","1800","65","0","0","65","0","250","final_normal_downstroke_input"
"2026-07-09 13:14:30","62","1","16","8","1","7","하강","downstroke","174.6","cap","40.612","174.6","8.143","0","0","yes","1639","1800","67.9","0","0","67.9","0","250","final_normal_downstroke_input"
"2026-07-09 13:14:31","62","2","16","8","1","7","하강","downstroke","178.6","cap","40.613","178.6","8.286","0","0","yes","1667","1800","70.7","0","0","70.7","0","250","final_normal_downstroke_input"
"2026-07-09 13:14:32","62","3","16","8","1","7","하강","downstroke","182.6","cap","40.614","182.6","8.429","0","0","yes","1696","1800","73.6","0","0","73.6","0","250","final_normal_downstroke_input"
"2026-07-09 13:14:33","62","4","16","8","1","7","하강","downstroke","186.6","cap","40.616","186.6","8.571","0","0","yes","1724","1800","76.4","0","0","76.4","0","250","final_normal_downstroke_input"
"2026-07-09 13:14:34","62","5","16","8","1","7","하강","downstroke","190.6","cap","40.618","190.6","8.714","0","0","yes","1753","1800","79.3","0","0","79.3","0","250","final_normal_downstroke_input"
"2026-07-09 13:14:35","62","6","16","8","1","7","하강","downstroke","194.6","cap","40.619","194.6","8.857","0","0","yes","1781","1800","82.1","0","0","82.1","0","250","final_normal_downstroke_input"
"2026-07-09 13:14:36","62","7","16","8","1","7","하강","downstroke","198.6","cap","40.62","198.6","9","0","0","yes","1810","1800","85","0","0","85","0","250","final_normal_downstroke_input"
"2026-07-09 13:14:37","62","8","16","8","1","7","가압유지","downstroke","225.6","cap","40.622","225.6","8","0","0","yes","1116","1800","20","0","0","20","0","250","final_normal_pressure_hold_input"
"2026-07-09 13:14:38","62","9","16","8","1","7","상승","upstroke","125.6","rod","40.624","8","125.6","0","0","yes","1408","1800","0","65","65","0","0","250","final_normal_upstroke_input"
"2026-07-09 13:14:39","62","10","16","8","1","7","상승","upstroke","127.767","rod","40.625","8","127.767","0","0","yes","1441","1800","0","68.3","68.3","0","0","250","final_normal_upstroke_input"
"2026-07-09 13:14:40","62","11","16","8","1","7","상승","upstroke","129.933","rod","40.626","8","129.933","0","0","yes","1475","1800","0","71.7","71.7","0","0","250","final_normal_upstroke_input"
"2026-07-09 13:14:41","62","12","16","8","1","7","상승","upstroke","132.1","rod","40.628","8","132.1","0","0","yes","1508","1800","0","75","75","0","0","250","final_normal_upstroke_input"
"2026-07-09 13:14:42","62","13","16","8","1","7","상승","upstroke","134.267","rod","40.63","8","134.267","0","0","yes","1541","1800","0","78.3","78.3","0","0","250","final_normal_upstroke_input"
"2026-07-09 13:14:43","62","14","16","8","1","7","상승","upstroke","136.433","rod","40.631","8","136.433","0","0","yes","1575","1800","0","81.7","81.7","0","0","250","final_normal_upstroke_input"
"2026-07-09 13:14:44","62","15","16","8","1","7","상승","upstroke","138.6","rod","40.632","8","138.6","0","0","yes","1608","1800","0","85","85","0","0","250","final_normal_upstroke_input"
"2026-07-09 13:14:45","63","0","12","6","1","5","하강","downstroke","170.9","cap","40.62","170.9","8","0","0","yes","1615","1800","65","0","0","65","0","250","final_normal_downstroke_input"
"2026-07-09 13:14:46","63","1","12","6","1","5","하강","downstroke","176.5","cap","40.622","176.5","8.2","0","0","yes","1655","1800","69","0","0","69","0","250","final_normal_downstroke_input"
"2026-07-09 13:14:47","63","2","12","6","1","5","하강","downstroke","182.1","cap","40.623","182.1","8.4","0","0","yes","1695","1800","73","0","0","73","0","250","final_normal_downstroke_input"
"2026-07-09 13:14:48","63","3","12","6","1","5","하강","downstroke","187.7","cap","40.624","187.7","8.6","0","0","yes","1735","1800","77","0","0","77","0","250","final_normal_downstroke_input"
"2026-07-09 13:14:49","63","4","12","6","1","5","하강","downstroke","193.3","cap","40.626","193.3","8.8","0","0","yes","1775","1800","81","0","0","81","0","250","final_normal_downstroke_input"
"2026-07-09 13:14:50","63","5","12","6","1","5","하강","downstroke","198.9","cap","40.628","198.9","9","0","0","yes","1815","1800","85","0","0","85","0","250","final_normal_downstroke_input"
"2026-07-09 13:14:51","63","6","12","6","1","5","가압유지","downstroke","225","cap","40.629","225","8","0","0","yes","1100","1800","20","0","0","20","0","250","final_normal_pressure_hold_input"
"2026-07-09 13:14:52","63","7","12","6","1","5","상승","upstroke","125.9","rod","40.63","8","125.9","0","0","yes","1412","1800","0","65","65","0","0","250","final_normal_upstroke_input"
"2026-07-09 13:14:53","63","8","12","6","1","5","상승","upstroke","129.15","rod","40.632","8","129.15","0","0","yes","1462","1800","0","70","70","0","0","250","final_normal_upstroke_input"
"2026-07-09 13:14:54","63","9","12","6","1","5","상승","upstroke","132.4","rod","40.634","8","132.4","0","0","yes","1512","1800","0","75","75","0","0","250","final_normal_upstroke_input"
"2026-07-09 13:14:55","63","10","12","6","1","5","상승","upstroke","135.65","rod","40.635","8","135.65","0","0","yes","1562","1800","0","80","80","0","0","250","final_normal_upstroke_input"
"2026-07-09 13:14:56","63","11","12","6","1","5","상승","upstroke","138.9","rod","40.636","8","138.9","0","0","yes","1612","1800","0","85","85","0","0","250","final_normal_upstroke_input"
"2026-07-09 13:14:57","64","0","15","7","2","6","하강","downstroke","171.2","cap","40.63","171.2","8","0","0","yes","1600","1800","65","0","0","65","0","250","final_normal_downstroke_input"
"2026-07-09 13:14:58","64","1","15","7","2","6","하강","downstroke","175.867","cap","40.632","175.867","8.167","0","0","yes","1633","1800","68.3","0","0","68.3","0","250","final_normal_downstroke_input"
"2026-07-09 13:14:59","64","2","15","7","2","6","하강","downstroke","180.533","cap","40.633","180.533","8.333","0","0","yes","1667","1800","71.7","0","0","71.7","0","250","final_normal_downstroke_input"
"2026-07-09 13:15:00","64","3","15","7","2","6","하강","downstroke","185.2","cap","40.634","185.2","8.5","0","0","yes","1700","1800","75","0","0","75","0","250","final_normal_downstroke_input"
"2026-07-09 13:15:01","64","4","15","7","2","6","하강","downstroke","189.867","cap","40.636","189.867","8.667","0","0","yes","1733","1800","78.3","0","0","78.3","0","250","final_normal_downstroke_input"
"2026-07-09 13:15:02","64","5","15","7","2","6","하강","downstroke","194.533","cap","40.638","194.533","8.833","0","0","yes","1767","1800","81.7","0","0","81.7","0","250","final_normal_downstroke_input"
"2026-07-09 13:15:03","64","6","15","7","2","6","하강","downstroke","199.2","cap","40.639","199.2","9","0","0","yes","1800","1800","85","0","0","85","0","250","final_normal_downstroke_input"
"2026-07-09 13:15:04","64","7","15","7","2","6","가압유지","downstroke","215.3","cap","40.64","215.3","8","0","0","yes","1208","1800","28","0","0","28","0","250","final_normal_pressure_hold_input"
"2026-07-09 13:15:05","64","8","15","7","2","6","가압유지","downstroke","225.3","cap","40.642","225.3","8","0","0","yes","1108","1800","20","0","0","20","0","250","final_normal_pressure_hold_input"
"2026-07-09 13:15:06","64","9","15","7","2","6","상승","upstroke","125","rod","40.644","8","125","0","0","yes","1416","1800","0","65","65","0","0","250","final_normal_upstroke_input"
"2026-07-09 13:15:07","64","10","15","7","2","6","상승","upstroke","127.6","rod","40.645","8","127.6","0","0","yes","1456","1800","0","69","69","0","0","250","final_normal_upstroke_input"
"2026-07-09 13:15:08","64","11","15","7","2","6","상승","upstroke","130.2","rod","40.646","8","130.2","0","0","yes","1496","1800","0","73","73","0","0","250","final_normal_upstroke_input"
"2026-07-09 13:15:09","64","12","15","7","2","6","상승","upstroke","132.8","rod","40.648","8","132.8","0","0","yes","1536","1800","0","77","77","0","0","250","final_normal_upstroke_input"
"2026-07-09 13:15:10","64","13","15","7","2","6","상승","upstroke","135.4","rod","40.65","8","135.4","0","0","yes","1576","1800","0","81","81","0","0","250","final_normal_upstroke_input"
"2026-07-09 13:15:11","64","14","15","7","2","6","상승","upstroke","138","rod","40.651","8","138","0","0","yes","1616","1800","0","85","85","0","0","250","final_normal_upstroke_input"
"2026-07-09 13:15:12","65","0","16","8","1","7","하강","downstroke","170","cap","40.64","170","8","0","0","yes","1605","1800","65","0","0","65","0","250","final_normal_downstroke_input"
"2026-07-09 13:15:13","65","1","16","8","1","7","하강","downstroke","174","cap","40.642","174","8.143","0","0","yes","1634","1800","67.9","0","0","67.9","0","250","final_normal_downstroke_input"
"2026-07-09 13:15:14","65","2","16","8","1","7","하강","downstroke","178","cap","40.643","178","8.286","0","0","yes","1662","1800","70.7","0","0","70.7","0","250","final_normal_downstroke_input"
"2026-07-09 13:15:15","65","3","16","8","1","7","하강","downstroke","182","cap","40.644","182","8.429","0","0","yes","1691","1800","73.6","0","0","73.6","0","250","final_normal_downstroke_input"
"2026-07-09 13:15:16","65","4","16","8","1","7","하강","downstroke","186","cap","40.646","186","8.571","0","0","yes","1719","1800","76.4","0","0","76.4","0","250","final_normal_downstroke_input"
"2026-07-09 13:15:17","65","5","16","8","1","7","하강","downstroke","190","cap","40.648","190","8.714","0","0","yes","1748","1800","79.3","0","0","79.3","0","250","final_normal_downstroke_input"
"2026-07-09 13:15:18","65","6","16","8","1","7","하강","downstroke","194","cap","40.649","194","8.857","0","0","yes","1776","1800","82.1","0","0","82.1","0","250","final_normal_downstroke_input"
"2026-07-09 13:15:19","65","7","16","8","1","7","하강","downstroke","198","cap","40.65","198","9","0","0","yes","1805","1800","85","0","0","85","0","250","final_normal_downstroke_input"
"2026-07-09 13:15:20","65","8","16","8","1","7","가압유지","downstroke","225.6","cap","40.652","225.6","8","0","0","yes","1116","1800","20","0","0","20","0","250","final_normal_pressure_hold_input"
"2026-07-09 13:15:21","65","9","16","8","1","7","상승","upstroke","125.3","rod","40.654","8","125.3","0","0","yes","1400","1800","0","65","65","0","0","250","final_normal_upstroke_input"
"2026-07-09 13:15:22","65","10","16","8","1","7","상승","upstroke","127.467","rod","40.655","8","127.467","0","0","yes","1433","1800","0","68.3","68.3","0","0","250","final_normal_upstroke_input"
"2026-07-09 13:15:23","65","11","16","8","1","7","상승","upstroke","129.633","rod","40.656","8","129.633","0","0","yes","1467","1800","0","71.7","71.7","0","0","250","final_normal_upstroke_input"
"2026-07-09 13:15:24","65","12","16","8","1","7","상승","upstroke","131.8","rod","40.658","8","131.8","0","0","yes","1500","1800","0","75","75","0","0","250","final_normal_upstroke_input"
"2026-07-09 13:15:25","65","13","16","8","1","7","상승","upstroke","133.967","rod","40.66","8","133.967","0","0","yes","1533","1800","0","78.3","78.3","0","0","250","final_normal_upstroke_input"
"2026-07-09 13:15:26","65","14","16","8","1","7","상승","upstroke","136.133","rod","40.661","8","136.133","0","0","yes","1567","1800","0","81.7","81.7","0","0","250","final_normal_upstroke_input"
"2026-07-09 13:15:27","65","15","16","8","1","7","상승","upstroke","138.3","rod","40.662","8","138.3","0","0","yes","1600","1800","0","85","85","0","0","250","final_normal_upstroke_input"
"2026-07-09 13:15:28","66","0","12","6","1","5","하강","downstroke","170.3","cap","40.65","170.3","8","0","0","yes","1610","1800","65","0","0","65","0","250","final_normal_downstroke_input"
"2026-07-09 13:15:29","66","1","12","6","1","5","하강","downstroke","175.9","cap","40.652","175.9","8.2","0","0","yes","1650","1800","69","0","0","69","0","250","final_normal_downstroke_input"
"2026-07-09 13:15:30","66","2","12","6","1","5","하강","downstroke","181.5","cap","40.653","181.5","8.4","0","0","yes","1690","1800","73","0","0","73","0","250","final_normal_downstroke_input"
"2026-07-09 13:15:31","66","3","12","6","1","5","하강","downstroke","187.1","cap","40.654","187.1","8.6","0","0","yes","1730","1800","77","0","0","77","0","250","final_normal_downstroke_input"
"2026-07-09 13:15:32","66","4","12","6","1","5","하강","downstroke","192.7","cap","40.656","192.7","8.8","0","0","yes","1770","1800","81","0","0","81","0","250","final_normal_downstroke_input"
"2026-07-09 13:15:33","66","5","12","6","1","5","하강","downstroke","198.3","cap","40.658","198.3","9","0","0","yes","1810","1800","85","0","0","85","0","250","final_normal_downstroke_input"
"2026-07-09 13:15:34","66","6","12","6","1","5","가압유지","downstroke","225","cap","40.659","225","8","0","0","yes","1100","1800","20","0","0","20","0","250","final_normal_pressure_hold_input"
"2026-07-09 13:15:35","66","7","12","6","1","5","상승","upstroke","125.6","rod","40.66","8","125.6","0","0","yes","1404","1800","0","65","65","0","0","250","final_normal_upstroke_input"
"2026-07-09 13:15:36","66","8","12","6","1","5","상승","upstroke","128.85","rod","40.662","8","128.85","0","0","yes","1454","1800","0","70","70","0","0","250","final_normal_upstroke_input"
"2026-07-09 13:15:37","66","9","12","6","1","5","상승","upstroke","132.1","rod","40.664","8","132.1","0","0","yes","1504","1800","0","75","75","0","0","250","final_normal_upstroke_input"
"2026-07-09 13:15:38","66","10","12","6","1","5","상승","upstroke","135.35","rod","40.665","8","135.35","0","0","yes","1554","1800","0","80","80","0","0","250","final_normal_upstroke_input"
"2026-07-09 13:15:39","66","11","12","6","1","5","상승","upstroke","138.6","rod","40.666","8","138.6","0","0","yes","1604","1800","0","85","85","0","0","250","final_normal_upstroke_input"
"2026-07-09 13:15:40","67","0","14","7","1","6","하강","downstroke","170.6","cap","40.66","170.6","8","0","0","yes","1615","1800","65","0","0","65","0","250","final_normal_downstroke_input"
"2026-07-09 13:15:41","67","1","14","7","1","6","하강","downstroke","175.267","cap","40.662","175.267","8.167","0","0","yes","1648","1800","68.3","0","0","68.3","0","250","final_normal_downstroke_input"
"2026-07-09 13:15:42","67","2","14","7","1","6","하강","downstroke","179.933","cap","40.663","179.933","8.333","0","0","yes","1682","1800","71.7","0","0","71.7","0","250","final_normal_downstroke_input"
"2026-07-09 13:15:43","67","3","14","7","1","6","하강","downstroke","184.6","cap","40.664","184.6","8.5","0","0","yes","1715","1800","75","0","0","75","0","250","final_normal_downstroke_input"
"2026-07-09 13:15:44","67","4","14","7","1","6","하강","downstroke","189.267","cap","40.666","189.267","8.667","0","0","yes","1748","1800","78.3","0","0","78.3","0","250","final_normal_downstroke_input"
"2026-07-09 13:15:45","67","5","14","7","1","6","하강","downstroke","193.933","cap","40.668","193.933","8.833","0","0","yes","1782","1800","81.7","0","0","81.7","0","250","final_normal_downstroke_input"
"2026-07-09 13:15:46","67","6","14","7","1","6","하강","downstroke","198.6","cap","40.669","198.6","9","0","0","yes","1815","1800","85","0","0","85","0","250","final_normal_downstroke_input"
"2026-07-09 13:15:47","67","7","14","7","1","6","가압유지","downstroke","225.3","cap","40.67","225.3","8","0","0","yes","1108","1800","20","0","0","20","0","250","final_normal_pressure_hold_input"
"2026-07-09 13:15:48","67","8","14","7","1","6","상승","upstroke","125.9","rod","40.672","8","125.9","0","0","yes","1408","1800","0","65","65","0","0","250","final_normal_upstroke_input"
"2026-07-09 13:15:49","67","9","14","7","1","6","상승","upstroke","128.5","rod","40.674","8","128.5","0","0","yes","1448","1800","0","69","69","0","0","250","final_normal_upstroke_input"
"2026-07-09 13:15:50","67","10","14","7","1","6","상승","upstroke","131.1","rod","40.675","8","131.1","0","0","yes","1488","1800","0","73","73","0","0","250","final_normal_upstroke_input"
"2026-07-09 13:15:51","67","11","14","7","1","6","상승","upstroke","133.7","rod","40.676","8","133.7","0","0","yes","1528","1800","0","77","77","0","0","250","final_normal_upstroke_input"
"2026-07-09 13:15:52","67","12","14","7","1","6","상승","upstroke","136.3","rod","40.678","8","136.3","0","0","yes","1568","1800","0","81","81","0","0","250","final_normal_upstroke_input"
"2026-07-09 13:15:53","67","13","14","7","1","6","상승","upstroke","138.9","rod","40.68","8","138.9","0","0","yes","1608","1800","0","85","85","0","0","250","final_normal_upstroke_input"
"2026-07-09 13:15:54","68","0","17","8","2","7","하강","downstroke","170.9","cap","40.67","170.9","8","0","0","yes","1600","1800","65","0","0","65","0","250","final_normal_downstroke_input"
"2026-07-09 13:15:55","68","1","17","8","2","7","하강","downstroke","174.9","cap","40.672","174.9","8.143","0","0","yes","1629","1800","67.9","0","0","67.9","0","250","final_normal_downstroke_input"
"2026-07-09 13:15:56","68","2","17","8","2","7","하강","downstroke","178.9","cap","40.673","178.9","8.286","0","0","yes","1657","1800","70.7","0","0","70.7","0","250","final_normal_downstroke_input"
"2026-07-09 13:15:57","68","3","17","8","2","7","하강","downstroke","182.9","cap","40.674","182.9","8.429","0","0","yes","1686","1800","73.6","0","0","73.6","0","250","final_normal_downstroke_input"
"2026-07-09 13:15:58","68","4","17","8","2","7","하강","downstroke","186.9","cap","40.676","186.9","8.571","0","0","yes","1714","1800","76.4","0","0","76.4","0","250","final_normal_downstroke_input"
"2026-07-09 13:15:59","68","5","17","8","2","7","하강","downstroke","190.9","cap","40.678","190.9","8.714","0","0","yes","1743","1800","79.3","0","0","79.3","0","250","final_normal_downstroke_input"
"2026-07-09 13:16:00","68","6","17","8","2","7","하강","downstroke","194.9","cap","40.679","194.9","8.857","0","0","yes","1771","1800","82.1","0","0","82.1","0","250","final_normal_downstroke_input"
"2026-07-09 13:16:01","68","7","17","8","2","7","하강","downstroke","198.9","cap","40.68","198.9","9","0","0","yes","1800","1800","85","0","0","85","0","250","final_normal_downstroke_input"
"2026-07-09 13:16:02","68","8","17","8","2","7","가압유지","downstroke","215.6","cap","40.682","215.6","8","0","0","yes","1216","1800","28","0","0","28","0","250","final_normal_pressure_hold_input"
"2026-07-09 13:16:03","68","9","17","8","2","7","가압유지","downstroke","225.6","cap","40.684","225.6","8","0","0","yes","1116","1800","20","0","0","20","0","250","final_normal_pressure_hold_input"
"2026-07-09 13:16:04","68","10","17","8","2","7","상승","upstroke","125","rod","40.685","8","125","0","0","yes","1412","1800","0","65","65","0","0","250","final_normal_upstroke_input"
"2026-07-09 13:16:05","68","11","17","8","2","7","상승","upstroke","127.167","rod","40.686","8","127.167","0","0","yes","1445","1800","0","68.3","68.3","0","0","250","final_normal_upstroke_input"
"2026-07-09 13:16:06","68","12","17","8","2","7","상승","upstroke","129.333","rod","40.688","8","129.333","0","0","yes","1479","1800","0","71.7","71.7","0","0","250","final_normal_upstroke_input"
"2026-07-09 13:16:07","68","13","17","8","2","7","상승","upstroke","131.5","rod","40.69","8","131.5","0","0","yes","1512","1800","0","75","75","0","0","250","final_normal_upstroke_input"
"2026-07-09 13:16:08","68","14","17","8","2","7","상승","upstroke","133.667","rod","40.691","8","133.667","0","0","yes","1545","1800","0","78.3","78.3","0","0","250","final_normal_upstroke_input"
"2026-07-09 13:16:09","68","15","17","8","2","7","상승","upstroke","135.833","rod","40.692","8","135.833","0","0","yes","1579","1800","0","81.7","81.7","0","0","250","final_normal_upstroke_input"
"2026-07-09 13:16:10","68","16","17","8","2","7","상승","upstroke","138","rod","40.694","8","138","0","0","yes","1612","1800","0","85","85","0","0","250","final_normal_upstroke_input"
"2026-07-09 13:16:11","69","0","12","6","1","5","하강","downstroke","171.2","cap","40.68","171.2","8","0","0","yes","1605","1800","65","0","0","65","0","250","final_normal_downstroke_input"
"2026-07-09 13:16:12","69","1","12","6","1","5","하강","downstroke","176.8","cap","40.682","176.8","8.2","0","0","yes","1645","1800","69","0","0","69","0","250","final_normal_downstroke_input"
"2026-07-09 13:16:13","69","2","12","6","1","5","하강","downstroke","182.4","cap","40.683","182.4","8.4","0","0","yes","1685","1800","73","0","0","73","0","250","final_normal_downstroke_input"
"2026-07-09 13:16:14","69","3","12","6","1","5","하강","downstroke","188","cap","40.684","188","8.6","0","0","yes","1725","1800","77","0","0","77","0","250","final_normal_downstroke_input"
"2026-07-09 13:16:15","69","4","12","6","1","5","하강","downstroke","193.6","cap","40.686","193.6","8.8","0","0","yes","1765","1800","81","0","0","81","0","250","final_normal_downstroke_input"
"2026-07-09 13:16:16","69","5","12","6","1","5","하강","downstroke","199.2","cap","40.688","199.2","9","0","0","yes","1805","1800","85","0","0","85","0","250","final_normal_downstroke_input"
"2026-07-09 13:16:17","69","6","12","6","1","5","가압유지","downstroke","225","cap","40.689","225","8","0","0","yes","1100","1800","20","0","0","20","0","250","final_normal_pressure_hold_input"
"2026-07-09 13:16:18","69","7","12","6","1","5","상승","upstroke","125.3","rod","40.69","8","125.3","0","0","yes","1416","1800","0","65","65","0","0","250","final_normal_upstroke_input"
"2026-07-09 13:16:19","69","8","12","6","1","5","상승","upstroke","128.55","rod","40.692","8","128.55","0","0","yes","1466","1800","0","70","70","0","0","250","final_normal_upstroke_input"
"2026-07-09 13:16:20","69","9","12","6","1","5","상승","upstroke","131.8","rod","40.694","8","131.8","0","0","yes","1516","1800","0","75","75","0","0","250","final_normal_upstroke_input"
"2026-07-09 13:16:21","69","10","12","6","1","5","상승","upstroke","135.05","rod","40.695","8","135.05","0","0","yes","1566","1800","0","80","80","0","0","250","final_normal_upstroke_input"
"2026-07-09 13:16:22","69","11","12","6","1","5","상승","upstroke","138.3","rod","40.696","8","138.3","0","0","yes","1616","1800","0","85","85","0","0","250","final_normal_upstroke_input"
"2026-07-09 13:16:23","70","0","14","7","1","6","하강","downstroke","170","cap","40.69","170","8","0","0","yes","1610","1800","65","0","0","65","0","250","final_normal_downstroke_input"
"2026-07-09 13:16:24","70","1","14","7","1","6","하강","downstroke","174.667","cap","40.692","174.667","8.167","0","0","yes","1643","1800","68.3","0","0","68.3","0","250","final_normal_downstroke_input"
"2026-07-09 13:16:25","70","2","14","7","1","6","하강","downstroke","179.333","cap","40.693","179.333","8.333","0","0","yes","1677","1800","71.7","0","0","71.7","0","250","final_normal_downstroke_input"
"2026-07-09 13:16:26","70","3","14","7","1","6","하강","downstroke","184","cap","40.694","184","8.5","0","0","yes","1710","1800","75","0","0","75","0","250","final_normal_downstroke_input"
"2026-07-09 13:16:27","70","4","14","7","1","6","하강","downstroke","188.667","cap","40.696","188.667","8.667","0","0","yes","1743","1800","78.3","0","0","78.3","0","250","final_normal_downstroke_input"
"2026-07-09 13:16:28","70","5","14","7","1","6","하강","downstroke","193.333","cap","40.698","193.333","8.833","0","0","yes","1777","1800","81.7","0","0","81.7","0","250","final_normal_downstroke_input"
"2026-07-09 13:16:29","70","6","14","7","1","6","하강","downstroke","198","cap","40.699","198","9","0","0","yes","1810","1800","85","0","0","85","0","250","final_normal_downstroke_input"
"2026-07-09 13:16:30","70","7","14","7","1","6","가압유지","downstroke","225.3","cap","40.7","225.3","8","0","0","yes","1108","1800","20","0","0","20","0","250","final_normal_pressure_hold_input"
"2026-07-09 13:16:31","70","8","14","7","1","6","상승","upstroke","125.6","rod","40.702","8","125.6","0","0","yes","1400","1800","0","65","65","0","0","250","final_normal_upstroke_input"
"2026-07-09 13:16:32","70","9","14","7","1","6","상승","upstroke","128.2","rod","40.704","8","128.2","0","0","yes","1440","1800","0","69","69","0","0","250","final_normal_upstroke_input"
"2026-07-09 13:16:33","70","10","14","7","1","6","상승","upstroke","130.8","rod","40.705","8","130.8","0","0","yes","1480","1800","0","73","73","0","0","250","final_normal_upstroke_input"
"2026-07-09 13:16:34","70","11","14","7","1","6","상승","upstroke","133.4","rod","40.706","8","133.4","0","0","yes","1520","1800","0","77","77","0","0","250","final_normal_upstroke_input"
"2026-07-09 13:16:35","70","12","14","7","1","6","상승","upstroke","136","rod","40.708","8","136","0","0","yes","1560","1800","0","81","81","0","0","250","final_normal_upstroke_input"
"2026-07-09 13:16:36","70","13","14","7","1","6","상승","upstroke","138.6","rod","40.71","8","138.6","0","0","yes","1600","1800","0","85","85","0","0","250","final_normal_upstroke_input"
"2026-07-09 13:16:37","71","0","16","8","1","7","하강","downstroke","170.3","cap","40.7","170.3","8","0","0","yes","1615","1800","65","0","0","65","0","250","final_normal_downstroke_input"
"2026-07-09 13:16:38","71","1","16","8","1","7","하강","downstroke","174.3","cap","40.702","174.3","8.143","0","0","yes","1644","1800","67.9","0","0","67.9","0","250","final_normal_downstroke_input"
"2026-07-09 13:16:39","71","2","16","8","1","7","하강","downstroke","178.3","cap","40.703","178.3","8.286","0","0","yes","1672","1800","70.7","0","0","70.7","0","250","final_normal_downstroke_input"
"2026-07-09 13:16:40","71","3","16","8","1","7","하강","downstroke","182.3","cap","40.704","182.3","8.429","0","0","yes","1701","1800","73.6","0","0","73.6","0","250","final_normal_downstroke_input"
"2026-07-09 13:16:41","71","4","16","8","1","7","하강","downstroke","186.3","cap","40.706","186.3","8.571","0","0","yes","1729","1800","76.4","0","0","76.4","0","250","final_normal_downstroke_input"
"2026-07-09 13:16:42","71","5","16","8","1","7","하강","downstroke","190.3","cap","40.708","190.3","8.714","0","0","yes","1758","1800","79.3","0","0","79.3","0","250","final_normal_downstroke_input"
"2026-07-09 13:16:43","71","6","16","8","1","7","하강","downstroke","194.3","cap","40.709","194.3","8.857","0","0","yes","1786","1800","82.1","0","0","82.1","0","250","final_normal_downstroke_input"
"2026-07-09 13:16:44","71","7","16","8","1","7","하강","downstroke","198.3","cap","40.71","198.3","9","0","0","yes","1815","1800","85","0","0","85","0","250","final_normal_downstroke_input"
"2026-07-09 13:16:45","71","8","16","8","1","7","가압유지","downstroke","225.6","cap","40.712","225.6","8","0","0","yes","1116","1800","20","0","0","20","0","250","final_normal_pressure_hold_input"
"2026-07-09 13:16:46","71","9","16","8","1","7","상승","upstroke","125.9","rod","40.714","8","125.9","0","0","yes","1404","1800","0","65","65","0","0","250","final_normal_upstroke_input"
"2026-07-09 13:16:47","71","10","16","8","1","7","상승","upstroke","128.067","rod","40.715","8","128.067","0","0","yes","1437","1800","0","68.3","68.3","0","0","250","final_normal_upstroke_input"
"2026-07-09 13:16:48","71","11","16","8","1","7","상승","upstroke","130.233","rod","40.716","8","130.233","0","0","yes","1471","1800","0","71.7","71.7","0","0","250","final_normal_upstroke_input"
"2026-07-09 13:16:49","71","12","16","8","1","7","상승","upstroke","132.4","rod","40.718","8","132.4","0","0","yes","1504","1800","0","75","75","0","0","250","final_normal_upstroke_input"
"2026-07-09 13:16:50","71","13","16","8","1","7","상승","upstroke","134.567","rod","40.72","8","134.567","0","0","yes","1537","1800","0","78.3","78.3","0","0","250","final_normal_upstroke_input"
"2026-07-09 13:16:51","71","14","16","8","1","7","상승","upstroke","136.733","rod","40.721","8","136.733","0","0","yes","1571","1800","0","81.7","81.7","0","0","250","final_normal_upstroke_input"
"2026-07-09 13:16:52","71","15","16","8","1","7","상승","upstroke","138.9","rod","40.723","8","138.9","0","0","yes","1604","1800","0","85","85","0","0","250","final_normal_upstroke_input"
"2026-07-09 13:16:53","72","0","13","6","2","5","하강","downstroke","170.6","cap","40.71","170.6","8","0","0","yes","1600","1800","65","0","0","65","0","250","final_normal_downstroke_input"
"2026-07-09 13:16:54","72","1","13","6","2","5","하강","downstroke","176.2","cap","40.712","176.2","8.2","0","0","yes","1640","1800","69","0","0","69","0","250","final_normal_downstroke_input"
"2026-07-09 13:16:55","72","2","13","6","2","5","하강","downstroke","181.8","cap","40.713","181.8","8.4","0","0","yes","1680","1800","73","0","0","73","0","250","final_normal_downstroke_input"
"2026-07-09 13:16:56","72","3","13","6","2","5","하강","downstroke","187.4","cap","40.714","187.4","8.6","0","0","yes","1720","1800","77","0","0","77","0","250","final_normal_downstroke_input"
"2026-07-09 13:16:57","72","4","13","6","2","5","하강","downstroke","193","cap","40.716","193","8.8","0","0","yes","1760","1800","81","0","0","81","0","250","final_normal_downstroke_input"
"2026-07-09 13:16:58","72","5","13","6","2","5","하강","downstroke","198.6","cap","40.718","198.6","9","0","0","yes","1800","1800","85","0","0","85","0","250","final_normal_downstroke_input"
"2026-07-09 13:16:59","72","6","13","6","2","5","가압유지","downstroke","215","cap","40.719","215","8","0","0","yes","1200","1800","28","0","0","28","0","250","final_normal_pressure_hold_input"
"2026-07-09 13:17:00","72","7","13","6","2","5","가압유지","downstroke","225","cap","40.72","225","8","0","0","yes","1100","1800","20","0","0","20","0","250","final_normal_pressure_hold_input"
"2026-07-09 13:17:01","72","8","13","6","2","5","상승","upstroke","125","rod","40.722","8","125","0","0","yes","1408","1800","0","65","65","0","0","250","final_normal_upstroke_input"
"2026-07-09 13:17:02","72","9","13","6","2","5","상승","upstroke","128.25","rod","40.724","8","128.25","0","0","yes","1458","1800","0","70","70","0","0","250","final_normal_upstroke_input"
"2026-07-09 13:17:03","72","10","13","6","2","5","상승","upstroke","131.5","rod","40.725","8","131.5","0","0","yes","1508","1800","0","75","75","0","0","250","final_normal_upstroke_input"
"2026-07-09 13:17:04","72","11","13","6","2","5","상승","upstroke","134.75","rod","40.726","8","134.75","0","0","yes","1558","1800","0","80","80","0","0","250","final_normal_upstroke_input"
"2026-07-09 13:17:05","72","12","13","6","2","5","상승","upstroke","138","rod","40.728","8","138","0","0","yes","1608","1800","0","85","85","0","0","250","final_normal_upstroke_input"
"2026-07-09 13:17:06","73","0","14","7","1","6","하강","downstroke","170.9","cap","40.72","170.9","8","0","0","yes","1605","1800","65","0","0","65","0","250","final_normal_downstroke_input"
"2026-07-09 13:17:07","73","1","14","7","1","6","하강","downstroke","175.567","cap","40.722","175.567","8.167","0","0","yes","1638","1800","68.3","0","0","68.3","0","250","final_normal_downstroke_input"
"2026-07-09 13:17:08","73","2","14","7","1","6","하강","downstroke","180.233","cap","40.723","180.233","8.333","0","0","yes","1672","1800","71.7","0","0","71.7","0","250","final_normal_downstroke_input"
"2026-07-09 13:17:09","73","3","14","7","1","6","하강","downstroke","184.9","cap","40.724","184.9","8.5","0","0","yes","1705","1800","75","0","0","75","0","250","final_normal_downstroke_input"
"2026-07-09 13:17:10","73","4","14","7","1","6","하강","downstroke","189.567","cap","40.726","189.567","8.667","0","0","yes","1738","1800","78.3","0","0","78.3","0","250","final_normal_downstroke_input"
"2026-07-09 13:17:11","73","5","14","7","1","6","하강","downstroke","194.233","cap","40.728","194.233","8.833","0","0","yes","1772","1800","81.7","0","0","81.7","0","250","final_normal_downstroke_input"
"2026-07-09 13:17:12","73","6","14","7","1","6","하강","downstroke","198.9","cap","40.729","198.9","9","0","0","yes","1805","1800","85","0","0","85","0","250","final_normal_downstroke_input"
"2026-07-09 13:17:13","73","7","14","7","1","6","가압유지","downstroke","225.3","cap","40.73","225.3","8","0","0","yes","1108","1800","20","0","0","20","0","250","final_normal_pressure_hold_input"
"2026-07-09 13:17:14","73","8","14","7","1","6","상승","upstroke","125.3","rod","40.732","8","125.3","0","0","yes","1412","1800","0","65","65","0","0","250","final_normal_upstroke_input"
"2026-07-09 13:17:15","73","9","14","7","1","6","상승","upstroke","127.9","rod","40.734","8","127.9","0","0","yes","1452","1800","0","69","69","0","0","250","final_normal_upstroke_input"
"2026-07-09 13:17:16","73","10","14","7","1","6","상승","upstroke","130.5","rod","40.735","8","130.5","0","0","yes","1492","1800","0","73","73","0","0","250","final_normal_upstroke_input"
"2026-07-09 13:17:17","73","11","14","7","1","6","상승","upstroke","133.1","rod","40.736","8","133.1","0","0","yes","1532","1800","0","77","77","0","0","250","final_normal_upstroke_input"
"2026-07-09 13:17:18","73","12","14","7","1","6","상승","upstroke","135.7","rod","40.738","8","135.7","0","0","yes","1572","1800","0","81","81","0","0","250","final_normal_upstroke_input"
"2026-07-09 13:17:19","73","13","14","7","1","6","상승","upstroke","138.3","rod","40.74","8","138.3","0","0","yes","1612","1800","0","85","85","0","0","250","final_normal_upstroke_input"
"2026-07-09 13:17:20","74","0","16","8","1","7","하강","downstroke","171.2","cap","40.73","171.2","8","0","0","yes","1610","1800","65","0","0","65","0","250","final_normal_downstroke_input"
"2026-07-09 13:17:21","74","1","16","8","1","7","하강","downstroke","175.2","cap","40.732","175.2","8.143","0","0","yes","1639","1800","67.9","0","0","67.9","0","250","final_normal_downstroke_input"
"2026-07-09 13:17:22","74","2","16","8","1","7","하강","downstroke","179.2","cap","40.733","179.2","8.286","0","0","yes","1667","1800","70.7","0","0","70.7","0","250","final_normal_downstroke_input"
"2026-07-09 13:17:23","74","3","16","8","1","7","하강","downstroke","183.2","cap","40.734","183.2","8.429","0","0","yes","1696","1800","73.6","0","0","73.6","0","250","final_normal_downstroke_input"
"2026-07-09 13:17:24","74","4","16","8","1","7","하강","downstroke","187.2","cap","40.736","187.2","8.571","0","0","yes","1724","1800","76.4","0","0","76.4","0","250","final_normal_downstroke_input"
"2026-07-09 13:17:25","74","5","16","8","1","7","하강","downstroke","191.2","cap","40.738","191.2","8.714","0","0","yes","1753","1800","79.3","0","0","79.3","0","250","final_normal_downstroke_input"
"2026-07-09 13:17:26","74","6","16","8","1","7","하강","downstroke","195.2","cap","40.739","195.2","8.857","0","0","yes","1781","1800","82.1","0","0","82.1","0","250","final_normal_downstroke_input"
"2026-07-09 13:17:27","74","7","16","8","1","7","하강","downstroke","199.2","cap","40.74","199.2","9","0","0","yes","1810","1800","85","0","0","85","0","250","final_normal_downstroke_input"
"2026-07-09 13:17:28","74","8","16","8","1","7","가압유지","downstroke","225.6","cap","40.742","225.6","8","0","0","yes","1116","1800","20","0","0","20","0","250","final_normal_pressure_hold_input"
"2026-07-09 13:17:29","74","9","16","8","1","7","상승","upstroke","125.6","rod","40.744","8","125.6","0","0","yes","1416","1800","0","65","65","0","0","250","final_normal_upstroke_input"
"2026-07-09 13:17:30","74","10","16","8","1","7","상승","upstroke","127.767","rod","40.745","8","127.767","0","0","yes","1449","1800","0","68.3","68.3","0","0","250","final_normal_upstroke_input"
"2026-07-09 13:17:31","74","11","16","8","1","7","상승","upstroke","129.933","rod","40.746","8","129.933","0","0","yes","1483","1800","0","71.7","71.7","0","0","250","final_normal_upstroke_input"
"2026-07-09 13:17:32","74","12","16","8","1","7","상승","upstroke","132.1","rod","40.748","8","132.1","0","0","yes","1516","1800","0","75","75","0","0","250","final_normal_upstroke_input"
"2026-07-09 13:17:33","74","13","16","8","1","7","상승","upstroke","134.267","rod","40.75","8","134.267","0","0","yes","1549","1800","0","78.3","78.3","0","0","250","final_normal_upstroke_input"
"2026-07-09 13:17:34","74","14","16","8","1","7","상승","upstroke","136.433","rod","40.751","8","136.433","0","0","yes","1583","1800","0","81.7","81.7","0","0","250","final_normal_upstroke_input"
"2026-07-09 13:17:35","74","15","16","8","1","7","상승","upstroke","138.6","rod","40.752","8","138.6","0","0","yes","1616","1800","0","85","85","0","0","250","final_normal_upstroke_input"
"2026-07-09 13:17:36","75","0","12","6","1","5","하강","downstroke","170","cap","40.74","170","8","0","0","yes","1615","1800","65","0","0","65","0","250","final_normal_downstroke_input"
"2026-07-09 13:17:37","75","1","12","6","1","5","하강","downstroke","175.6","cap","40.742","175.6","8.2","0","0","yes","1655","1800","69","0","0","69","0","250","final_normal_downstroke_input"
"2026-07-09 13:17:38","75","2","12","6","1","5","하강","downstroke","181.2","cap","40.743","181.2","8.4","0","0","yes","1695","1800","73","0","0","73","0","250","final_normal_downstroke_input"
"2026-07-09 13:17:39","75","3","12","6","1","5","하강","downstroke","186.8","cap","40.744","186.8","8.6","0","0","yes","1735","1800","77","0","0","77","0","250","final_normal_downstroke_input"
"2026-07-09 13:17:40","75","4","12","6","1","5","하강","downstroke","192.4","cap","40.746","192.4","8.8","0","0","yes","1775","1800","81","0","0","81","0","250","final_normal_downstroke_input"
"2026-07-09 13:17:41","75","5","12","6","1","5","하강","downstroke","198","cap","40.748","198","9","0","0","yes","1815","1800","85","0","0","85","0","250","final_normal_downstroke_input"
"2026-07-09 13:17:42","75","6","12","6","1","5","가압유지","downstroke","225","cap","40.749","225","8","0","0","yes","1100","1800","20","0","0","20","0","250","final_normal_pressure_hold_input"
"2026-07-09 13:17:43","75","7","12","6","1","5","상승","upstroke","125.9","rod","40.75","8","125.9","0","0","yes","1400","1800","0","65","65","0","0","250","final_normal_upstroke_input"
"2026-07-09 13:17:44","75","8","12","6","1","5","상승","upstroke","129.15","rod","40.752","8","129.15","0","0","yes","1450","1800","0","70","70","0","0","250","final_normal_upstroke_input"
"2026-07-09 13:17:45","75","9","12","6","1","5","상승","upstroke","132.4","rod","40.754","8","132.4","0","0","yes","1500","1800","0","75","75","0","0","250","final_normal_upstroke_input"
"2026-07-09 13:17:46","75","10","12","6","1","5","상승","upstroke","135.65","rod","40.755","8","135.65","0","0","yes","1550","1800","0","80","80","0","0","250","final_normal_upstroke_input"
"2026-07-09 13:17:47","75","11","12","6","1","5","상승","upstroke","138.9","rod","40.756","8","138.9","0","0","yes","1600","1800","0","85","85","0","0","250","final_normal_upstroke_input"
"2026-07-09 13:17:48","76","0","15","7","2","6","하강","downstroke","170.3","cap","40.75","170.3","8","0","0","yes","1600","1800","65","0","0","65","0","250","final_normal_downstroke_input"
"2026-07-09 13:17:49","76","1","15","7","2","6","하강","downstroke","174.967","cap","40.752","174.967","8.167","0","0","yes","1633","1800","68.3","0","0","68.3","0","250","final_normal_downstroke_input"
"2026-07-09 13:17:50","76","2","15","7","2","6","하강","downstroke","179.633","cap","40.753","179.633","8.333","0","0","yes","1667","1800","71.7","0","0","71.7","0","250","final_normal_downstroke_input"
"2026-07-09 13:17:51","76","3","15","7","2","6","하강","downstroke","184.3","cap","40.754","184.3","8.5","0","0","yes","1700","1800","75","0","0","75","0","250","final_normal_downstroke_input"
"2026-07-09 13:17:52","76","4","15","7","2","6","하강","downstroke","188.967","cap","40.756","188.967","8.667","0","0","yes","1733","1800","78.3","0","0","78.3","0","250","final_normal_downstroke_input"
"2026-07-09 13:17:53","76","5","15","7","2","6","하강","downstroke","193.633","cap","40.758","193.633","8.833","0","0","yes","1767","1800","81.7","0","0","81.7","0","250","final_normal_downstroke_input"
"2026-07-09 13:17:54","76","6","15","7","2","6","하강","downstroke","198.3","cap","40.759","198.3","9","0","0","yes","1800","1800","85","0","0","85","0","250","final_normal_downstroke_input"
"2026-07-09 13:17:55","76","7","15","7","2","6","가압유지","downstroke","215.3","cap","40.76","215.3","8","0","0","yes","1208","1800","28","0","0","28","0","250","final_normal_pressure_hold_input"
"2026-07-09 13:17:56","76","8","15","7","2","6","가압유지","downstroke","225.3","cap","40.762","225.3","8","0","0","yes","1108","1800","20","0","0","20","0","250","final_normal_pressure_hold_input"
"2026-07-09 13:17:57","76","9","15","7","2","6","상승","upstroke","125","rod","40.764","8","125","0","0","yes","1404","1800","0","65","65","0","0","250","final_normal_upstroke_input"
"2026-07-09 13:17:58","76","10","15","7","2","6","상승","upstroke","127.6","rod","40.765","8","127.6","0","0","yes","1444","1800","0","69","69","0","0","250","final_normal_upstroke_input"
"2026-07-09 13:17:59","76","11","15","7","2","6","상승","upstroke","130.2","rod","40.766","8","130.2","0","0","yes","1484","1800","0","73","73","0","0","250","final_normal_upstroke_input"
"2026-07-09 13:18:00","76","12","15","7","2","6","상승","upstroke","132.8","rod","40.768","8","132.8","0","0","yes","1524","1800","0","77","77","0","0","250","final_normal_upstroke_input"
"2026-07-09 13:18:01","76","13","15","7","2","6","상승","upstroke","135.4","rod","40.77","8","135.4","0","0","yes","1564","1800","0","81","81","0","0","250","final_normal_upstroke_input"
"2026-07-09 13:18:02","76","14","15","7","2","6","상승","upstroke","138","rod","40.771","8","138","0","0","yes","1604","1800","0","85","85","0","0","250","final_normal_upstroke_input"
"2026-07-09 13:18:03","77","0","16","8","1","7","하강","downstroke","170.6","cap","40.76","170.6","8","0","0","yes","1605","1800","65","0","0","65","0","250","final_normal_downstroke_input"
"2026-07-09 13:18:04","77","1","16","8","1","7","하강","downstroke","174.6","cap","40.762","174.6","8.143","0","0","yes","1634","1800","67.9","0","0","67.9","0","250","final_normal_downstroke_input"
"2026-07-09 13:18:05","77","2","16","8","1","7","하강","downstroke","178.6","cap","40.763","178.6","8.286","0","0","yes","1662","1800","70.7","0","0","70.7","0","250","final_normal_downstroke_input"
"2026-07-09 13:18:06","77","3","16","8","1","7","하강","downstroke","182.6","cap","40.764","182.6","8.429","0","0","yes","1691","1800","73.6","0","0","73.6","0","250","final_normal_downstroke_input"
"2026-07-09 13:18:07","77","4","16","8","1","7","하강","downstroke","186.6","cap","40.766","186.6","8.571","0","0","yes","1719","1800","76.4","0","0","76.4","0","250","final_normal_downstroke_input"
"2026-07-09 13:18:08","77","5","16","8","1","7","하강","downstroke","190.6","cap","40.768","190.6","8.714","0","0","yes","1748","1800","79.3","0","0","79.3","0","250","final_normal_downstroke_input"
"2026-07-09 13:18:09","77","6","16","8","1","7","하강","downstroke","194.6","cap","40.769","194.6","8.857","0","0","yes","1776","1800","82.1","0","0","82.1","0","250","final_normal_downstroke_input"
"2026-07-09 13:18:10","77","7","16","8","1","7","하강","downstroke","198.6","cap","40.77","198.6","9","0","0","yes","1805","1800","85","0","0","85","0","250","final_normal_downstroke_input"
"2026-07-09 13:18:11","77","8","16","8","1","7","가압유지","downstroke","225.6","cap","40.772","225.6","8","0","0","yes","1116","1800","20","0","0","20","0","250","final_normal_pressure_hold_input"
"2026-07-09 13:18:12","77","9","16","8","1","7","상승","upstroke","125.3","rod","40.774","8","125.3","0","0","yes","1408","1800","0","65","65","0","0","250","final_normal_upstroke_input"
"2026-07-09 13:18:13","77","10","16","8","1","7","상승","upstroke","127.467","rod","40.775","8","127.467","0","0","yes","1441","1800","0","68.3","68.3","0","0","250","final_normal_upstroke_input"
"2026-07-09 13:18:14","77","11","16","8","1","7","상승","upstroke","129.633","rod","40.776","8","129.633","0","0","yes","1475","1800","0","71.7","71.7","0","0","250","final_normal_upstroke_input"
"2026-07-09 13:18:15","77","12","16","8","1","7","상승","upstroke","131.8","rod","40.778","8","131.8","0","0","yes","1508","1800","0","75","75","0","0","250","final_normal_upstroke_input"
"2026-07-09 13:18:16","77","13","16","8","1","7","상승","upstroke","133.967","rod","40.78","8","133.967","0","0","yes","1541","1800","0","78.3","78.3","0","0","250","final_normal_upstroke_input"
"2026-07-09 13:18:17","77","14","16","8","1","7","상승","upstroke","136.133","rod","40.781","8","136.133","0","0","yes","1575","1800","0","81.7","81.7","0","0","250","final_normal_upstroke_input"
"2026-07-09 13:18:18","77","15","16","8","1","7","상승","upstroke","138.3","rod","40.782","8","138.3","0","0","yes","1608","1800","0","85","85","0","0","250","final_normal_upstroke_input"
"2026-07-09 13:18:19","78","0","12","6","1","5","하강","downstroke","170.9","cap","40.77","170.9","8","0","0","yes","1610","1800","65","0","0","65","0","250","final_normal_downstroke_input"
"2026-07-09 13:18:20","78","1","12","6","1","5","하강","downstroke","176.5","cap","40.772","176.5","8.2","0","0","yes","1650","1800","69","0","0","69","0","250","final_normal_downstroke_input"
"2026-07-09 13:18:21","78","2","12","6","1","5","하강","downstroke","182.1","cap","40.773","182.1","8.4","0","0","yes","1690","1800","73","0","0","73","0","250","final_normal_downstroke_input"
"2026-07-09 13:18:22","78","3","12","6","1","5","하강","downstroke","187.7","cap","40.774","187.7","8.6","0","0","yes","1730","1800","77","0","0","77","0","250","final_normal_downstroke_input"
"2026-07-09 13:18:23","78","4","12","6","1","5","하강","downstroke","193.3","cap","40.776","193.3","8.8","0","0","yes","1770","1800","81","0","0","81","0","250","final_normal_downstroke_input"
"2026-07-09 13:18:24","78","5","12","6","1","5","하강","downstroke","198.9","cap","40.778","198.9","9","0","0","yes","1810","1800","85","0","0","85","0","250","final_normal_downstroke_input"
"2026-07-09 13:18:25","78","6","12","6","1","5","가압유지","downstroke","225","cap","40.779","225","8","0","0","yes","1100","1800","20","0","0","20","0","250","final_normal_pressure_hold_input"
"2026-07-09 13:18:26","78","7","12","6","1","5","상승","upstroke","125.6","rod","40.78","8","125.6","0","0","yes","1412","1800","0","65","65","0","0","250","final_normal_upstroke_input"
"2026-07-09 13:18:27","78","8","12","6","1","5","상승","upstroke","128.85","rod","40.782","8","128.85","0","0","yes","1462","1800","0","70","70","0","0","250","final_normal_upstroke_input"
"2026-07-09 13:18:28","78","9","12","6","1","5","상승","upstroke","132.1","rod","40.784","8","132.1","0","0","yes","1512","1800","0","75","75","0","0","250","final_normal_upstroke_input"
"2026-07-09 13:18:29","78","10","12","6","1","5","상승","upstroke","135.35","rod","40.785","8","135.35","0","0","yes","1562","1800","0","80","80","0","0","250","final_normal_upstroke_input"
"2026-07-09 13:18:30","78","11","12","6","1","5","상승","upstroke","138.6","rod","40.787","8","138.6","0","0","yes","1612","1800","0","85","85","0","0","250","final_normal_upstroke_input"
"2026-07-09 13:18:31","79","0","14","7","1","6","하강","downstroke","171.2","cap","40.78","171.2","8","0","0","yes","1615","1800","65","0","0","65","0","250","final_normal_downstroke_input"
"2026-07-09 13:18:32","79","1","14","7","1","6","하강","downstroke","175.867","cap","40.782","175.867","8.167","0","0","yes","1648","1800","68.3","0","0","68.3","0","250","final_normal_downstroke_input"
"2026-07-09 13:18:33","79","2","14","7","1","6","하강","downstroke","180.533","cap","40.783","180.533","8.333","0","0","yes","1682","1800","71.7","0","0","71.7","0","250","final_normal_downstroke_input"
"2026-07-09 13:18:34","79","3","14","7","1","6","하강","downstroke","185.2","cap","40.784","185.2","8.5","0","0","yes","1715","1800","75","0","0","75","0","250","final_normal_downstroke_input"
"2026-07-09 13:18:35","79","4","14","7","1","6","하강","downstroke","189.867","cap","40.786","189.867","8.667","0","0","yes","1748","1800","78.3","0","0","78.3","0","250","final_normal_downstroke_input"
"2026-07-09 13:18:36","79","5","14","7","1","6","하강","downstroke","194.533","cap","40.788","194.533","8.833","0","0","yes","1782","1800","81.7","0","0","81.7","0","250","final_normal_downstroke_input"
"2026-07-09 13:18:37","79","6","14","7","1","6","하강","downstroke","199.2","cap","40.789","199.2","9","0","0","yes","1815","1800","85","0","0","85","0","250","final_normal_downstroke_input"
"2026-07-09 13:18:38","79","7","14","7","1","6","가압유지","downstroke","225.3","cap","40.79","225.3","8","0","0","yes","1108","1800","20","0","0","20","0","250","final_normal_pressure_hold_input"
"2026-07-09 13:18:39","79","8","14","7","1","6","상승","upstroke","125.9","rod","40.792","8","125.9","0","0","yes","1416","1800","0","65","65","0","0","250","final_normal_upstroke_input"
"2026-07-09 13:18:40","79","9","14","7","1","6","상승","upstroke","128.5","rod","40.794","8","128.5","0","0","yes","1456","1800","0","69","69","0","0","250","final_normal_upstroke_input"
"2026-07-09 13:18:41","79","10","14","7","1","6","상승","upstroke","131.1","rod","40.795","8","131.1","0","0","yes","1496","1800","0","73","73","0","0","250","final_normal_upstroke_input"
"2026-07-09 13:18:42","79","11","14","7","1","6","상승","upstroke","133.7","rod","40.796","8","133.7","0","0","yes","1536","1800","0","77","77","0","0","250","final_normal_upstroke_input"
"2026-07-09 13:18:43","79","12","14","7","1","6","상승","upstroke","136.3","rod","40.798","8","136.3","0","0","yes","1576","1800","0","81","81","0","0","250","final_normal_upstroke_input"
"2026-07-09 13:18:44","79","13","14","7","1","6","상승","upstroke","138.9","rod","40.8","8","138.9","0","0","yes","1616","1800","0","85","85","0","0","250","final_normal_upstroke_input"
"2026-07-09 13:18:45","80","0","17","8","2","7","하강","downstroke","170","cap","40.79","170","8","0","0","yes","1600","1800","65","0","0","65","0","250","final_normal_downstroke_input"
"2026-07-09 13:18:46","80","1","17","8","2","7","하강","downstroke","174","cap","40.792","174","8.143","0","0","yes","1629","1800","67.9","0","0","67.9","0","250","final_normal_downstroke_input"
"2026-07-09 13:18:47","80","2","17","8","2","7","하강","downstroke","178","cap","40.793","178","8.286","0","0","yes","1657","1800","70.7","0","0","70.7","0","250","final_normal_downstroke_input"
"2026-07-09 13:18:48","80","3","17","8","2","7","하강","downstroke","182","cap","40.794","182","8.429","0","0","yes","1686","1800","73.6","0","0","73.6","0","250","final_normal_downstroke_input"
"2026-07-09 13:18:49","80","4","17","8","2","7","하강","downstroke","186","cap","40.796","186","8.571","0","0","yes","1714","1800","76.4","0","0","76.4","0","250","final_normal_downstroke_input"
"2026-07-09 13:18:50","80","5","17","8","2","7","하강","downstroke","190","cap","40.798","190","8.714","0","0","yes","1743","1800","79.3","0","0","79.3","0","250","final_normal_downstroke_input"
"2026-07-09 13:18:51","80","6","17","8","2","7","하강","downstroke","194","cap","40.799","194","8.857","0","0","yes","1771","1800","82.1","0","0","82.1","0","250","final_normal_downstroke_input"
"2026-07-09 13:18:52","80","7","17","8","2","7","하강","downstroke","198","cap","40.8","198","9","0","0","yes","1800","1800","85","0","0","85","0","250","final_normal_downstroke_input"
"2026-07-09 13:18:53","80","8","17","8","2","7","가압유지","downstroke","215.6","cap","40.802","215.6","8","0","0","yes","1216","1800","28","0","0","28","0","250","final_normal_pressure_hold_input"
"2026-07-09 13:18:54","80","9","17","8","2","7","가압유지","downstroke","225.6","cap","40.804","225.6","8","0","0","yes","1116","1800","20","0","0","20","0","250","final_normal_pressure_hold_input"
"2026-07-09 13:18:55","80","10","17","8","2","7","상승","upstroke","125","rod","40.805","8","125","0","0","yes","1400","1800","0","65","65","0","0","250","final_normal_upstroke_input"
"2026-07-09 13:18:56","80","11","17","8","2","7","상승","upstroke","127.167","rod","40.806","8","127.167","0","0","yes","1433","1800","0","68.3","68.3","0","0","250","final_normal_upstroke_input"
"2026-07-09 13:18:57","80","12","17","8","2","7","상승","upstroke","129.333","rod","40.808","8","129.333","0","0","yes","1467","1800","0","71.7","71.7","0","0","250","final_normal_upstroke_input"
"2026-07-09 13:18:58","80","13","17","8","2","7","상승","upstroke","131.5","rod","40.81","8","131.5","0","0","yes","1500","1800","0","75","75","0","0","250","final_normal_upstroke_input"
"2026-07-09 13:18:59","80","14","17","8","2","7","상승","upstroke","133.667","rod","40.811","8","133.667","0","0","yes","1533","1800","0","78.3","78.3","0","0","250","final_normal_upstroke_input"
"2026-07-09 13:19:00","80","15","17","8","2","7","상승","upstroke","135.833","rod","40.812","8","135.833","0","0","yes","1567","1800","0","81.7","81.7","0","0","250","final_normal_upstroke_input"
"2026-07-09 13:19:01","80","16","17","8","2","7","상승","upstroke","138","rod","40.814","8","138","0","0","yes","1600","1800","0","85","85","0","0","250","final_normal_upstroke_input"
"2026-07-09 13:19:02","81","0","12","6","1","5","하강","downstroke","170.3","cap","40.8","170.3","8","0","0","yes","1605","1800","65","0","0","65","0","250","final_normal_downstroke_input"
"2026-07-09 13:19:03","81","1","12","6","1","5","하강","downstroke","175.9","cap","40.802","175.9","8.2","0","0","yes","1645","1800","69","0","0","69","0","250","final_normal_downstroke_input"
"2026-07-09 13:19:04","81","2","12","6","1","5","하강","downstroke","181.5","cap","40.803","181.5","8.4","0","0","yes","1685","1800","73","0","0","73","0","250","final_normal_downstroke_input"
"2026-07-09 13:19:05","81","3","12","6","1","5","하강","downstroke","187.1","cap","40.804","187.1","8.6","0","0","yes","1725","1800","77","0","0","77","0","250","final_normal_downstroke_input"
"2026-07-09 13:19:06","81","4","12","6","1","5","하강","downstroke","192.7","cap","40.806","192.7","8.8","0","0","yes","1765","1800","81","0","0","81","0","250","final_normal_downstroke_input"
"2026-07-09 13:19:07","81","5","12","6","1","5","하강","downstroke","198.3","cap","40.808","198.3","9","0","0","yes","1805","1800","85","0","0","85","0","250","final_normal_downstroke_input"
"2026-07-09 13:19:08","81","6","12","6","1","5","가압유지","downstroke","225","cap","40.809","225","8","0","0","yes","1100","1800","20","0","0","20","0","250","final_normal_pressure_hold_input"
"2026-07-09 13:19:09","81","7","12","6","1","5","상승","upstroke","125.3","rod","40.81","8","125.3","0","0","yes","1404","1800","0","65","65","0","0","250","final_normal_upstroke_input"
"2026-07-09 13:19:10","81","8","12","6","1","5","상승","upstroke","128.55","rod","40.812","8","128.55","0","0","yes","1454","1800","0","70","70","0","0","250","final_normal_upstroke_input"
"2026-07-09 13:19:11","81","9","12","6","1","5","상승","upstroke","131.8","rod","40.814","8","131.8","0","0","yes","1504","1800","0","75","75","0","0","250","final_normal_upstroke_input"
"2026-07-09 13:19:12","81","10","12","6","1","5","상승","upstroke","135.05","rod","40.815","8","135.05","0","0","yes","1554","1800","0","80","80","0","0","250","final_normal_upstroke_input"
"2026-07-09 13:19:13","81","11","12","6","1","5","상승","upstroke","138.3","rod","40.816","8","138.3","0","0","yes","1604","1800","0","85","85","0","0","250","final_normal_upstroke_input"
"2026-07-09 13:19:14","82","0","14","7","1","6","하강","downstroke","170.6","cap","40.81","170.6","8","0","0","yes","1610","1800","65","0","0","65","0","250","final_normal_downstroke_input"
"2026-07-09 13:19:15","82","1","14","7","1","6","하강","downstroke","175.267","cap","40.812","175.267","8.167","0","0","yes","1643","1800","68.3","0","0","68.3","0","250","final_normal_downstroke_input"
"2026-07-09 13:19:16","82","2","14","7","1","6","하강","downstroke","179.933","cap","40.813","179.933","8.333","0","0","yes","1677","1800","71.7","0","0","71.7","0","250","final_normal_downstroke_input"
"2026-07-09 13:19:17","82","3","14","7","1","6","하강","downstroke","184.6","cap","40.814","184.6","8.5","0","0","yes","1710","1800","75","0","0","75","0","250","final_normal_downstroke_input"
"2026-07-09 13:19:18","82","4","14","7","1","6","하강","downstroke","189.267","cap","40.816","189.267","8.667","0","0","yes","1743","1800","78.3","0","0","78.3","0","250","final_normal_downstroke_input"
"2026-07-09 13:19:19","82","5","14","7","1","6","하강","downstroke","193.933","cap","40.818","193.933","8.833","0","0","yes","1777","1800","81.7","0","0","81.7","0","250","final_normal_downstroke_input"
"2026-07-09 13:19:20","82","6","14","7","1","6","하강","downstroke","198.6","cap","40.819","198.6","9","0","0","yes","1810","1800","85","0","0","85","0","250","final_normal_downstroke_input"
"2026-07-09 13:19:21","82","7","14","7","1","6","가압유지","downstroke","225.3","cap","40.82","225.3","8","0","0","yes","1108","1800","20","0","0","20","0","250","final_normal_pressure_hold_input"
"2026-07-09 13:19:22","82","8","14","7","1","6","상승","upstroke","125.6","rod","40.822","8","125.6","0","0","yes","1408","1800","0","65","65","0","0","250","final_normal_upstroke_input"
"2026-07-09 13:19:23","82","9","14","7","1","6","상승","upstroke","128.2","rod","40.824","8","128.2","0","0","yes","1448","1800","0","69","69","0","0","250","final_normal_upstroke_input"
"2026-07-09 13:19:24","82","10","14","7","1","6","상승","upstroke","130.8","rod","40.825","8","130.8","0","0","yes","1488","1800","0","73","73","0","0","250","final_normal_upstroke_input"
"2026-07-09 13:19:25","82","11","14","7","1","6","상승","upstroke","133.4","rod","40.826","8","133.4","0","0","yes","1528","1800","0","77","77","0","0","250","final_normal_upstroke_input"
"2026-07-09 13:19:26","82","12","14","7","1","6","상승","upstroke","136","rod","40.828","8","136","0","0","yes","1568","1800","0","81","81","0","0","250","final_normal_upstroke_input"
"2026-07-09 13:19:27","82","13","14","7","1","6","상승","upstroke","138.6","rod","40.83","8","138.6","0","0","yes","1608","1800","0","85","85","0","0","250","final_normal_upstroke_input"
"2026-07-09 13:19:28","83","0","16","8","1","7","하강","downstroke","170.9","cap","40.82","170.9","8","0","0","yes","1615","1800","65","0","0","65","0","250","final_normal_downstroke_input"
"2026-07-09 13:19:29","83","1","16","8","1","7","하강","downstroke","174.9","cap","40.822","174.9","8.143","0","0","yes","1644","1800","67.9","0","0","67.9","0","250","final_normal_downstroke_input"
"2026-07-09 13:19:30","83","2","16","8","1","7","하강","downstroke","178.9","cap","40.823","178.9","8.286","0","0","yes","1672","1800","70.7","0","0","70.7","0","250","final_normal_downstroke_input"
"2026-07-09 13:19:31","83","3","16","8","1","7","하강","downstroke","182.9","cap","40.824","182.9","8.429","0","0","yes","1701","1800","73.6","0","0","73.6","0","250","final_normal_downstroke_input"
"2026-07-09 13:19:32","83","4","16","8","1","7","하강","downstroke","186.9","cap","40.826","186.9","8.571","0","0","yes","1729","1800","76.4","0","0","76.4","0","250","final_normal_downstroke_input"
"2026-07-09 13:19:33","83","5","16","8","1","7","하강","downstroke","190.9","cap","40.828","190.9","8.714","0","0","yes","1758","1800","79.3","0","0","79.3","0","250","final_normal_downstroke_input"
"2026-07-09 13:19:34","83","6","16","8","1","7","하강","downstroke","194.9","cap","40.829","194.9","8.857","0","0","yes","1786","1800","82.1","0","0","82.1","0","250","final_normal_downstroke_input"
"2026-07-09 13:19:35","83","7","16","8","1","7","하강","downstroke","198.9","cap","40.83","198.9","9","0","0","yes","1815","1800","85","0","0","85","0","250","final_normal_downstroke_input"
"2026-07-09 13:19:36","83","8","16","8","1","7","가압유지","downstroke","225.6","cap","40.832","225.6","8","0","0","yes","1116","1800","20","0","0","20","0","250","final_normal_pressure_hold_input"
"2026-07-09 13:19:37","83","9","16","8","1","7","상승","upstroke","125.9","rod","40.834","8","125.9","0","0","yes","1412","1800","0","65","65","0","0","250","final_normal_upstroke_input"
"2026-07-09 13:19:38","83","10","16","8","1","7","상승","upstroke","128.067","rod","40.835","8","128.067","0","0","yes","1445","1800","0","68.3","68.3","0","0","250","final_normal_upstroke_input"
"2026-07-09 13:19:39","83","11","16","8","1","7","상승","upstroke","130.233","rod","40.836","8","130.233","0","0","yes","1479","1800","0","71.7","71.7","0","0","250","final_normal_upstroke_input"
"2026-07-09 13:19:40","83","12","16","8","1","7","상승","upstroke","132.4","rod","40.838","8","132.4","0","0","yes","1512","1800","0","75","75","0","0","250","final_normal_upstroke_input"
"2026-07-09 13:19:41","83","13","16","8","1","7","상승","upstroke","134.567","rod","40.84","8","134.567","0","0","yes","1545","1800","0","78.3","78.3","0","0","250","final_normal_upstroke_input"
"2026-07-09 13:19:42","83","14","16","8","1","7","상승","upstroke","136.733","rod","40.841","8","136.733","0","0","yes","1579","1800","0","81.7","81.7","0","0","250","final_normal_upstroke_input"
"2026-07-09 13:19:43","83","15","16","8","1","7","상승","upstroke","138.9","rod","40.842","8","138.9","0","0","yes","1612","1800","0","85","85","0","0","250","final_normal_upstroke_input"
"2026-07-09 13:19:44","84","0","13","6","2","5","하강","downstroke","171.2","cap","40.83","171.2","8","0","0","yes","1600","1800","65","0","0","65","0","250","final_normal_downstroke_input"
"2026-07-09 13:19:45","84","1","13","6","2","5","하강","downstroke","176.8","cap","40.832","176.8","8.2","0","0","yes","1640","1800","69","0","0","69","0","250","final_normal_downstroke_input"
"2026-07-09 13:19:46","84","2","13","6","2","5","하강","downstroke","182.4","cap","40.833","182.4","8.4","0","0","yes","1680","1800","73","0","0","73","0","250","final_normal_downstroke_input"
"2026-07-09 13:19:47","84","3","13","6","2","5","하강","downstroke","188","cap","40.834","188","8.6","0","0","yes","1720","1800","77","0","0","77","0","250","final_normal_downstroke_input"
"2026-07-09 13:19:48","84","4","13","6","2","5","하강","downstroke","193.6","cap","40.836","193.6","8.8","0","0","yes","1760","1800","81","0","0","81","0","250","final_normal_downstroke_input"
"2026-07-09 13:19:49","84","5","13","6","2","5","하강","downstroke","199.2","cap","40.838","199.2","9","0","0","yes","1800","1800","85","0","0","85","0","250","final_normal_downstroke_input"
"2026-07-09 13:19:50","84","6","13","6","2","5","가압유지","downstroke","215","cap","40.839","215","8","0","0","yes","1200","1800","28","0","0","28","0","250","final_normal_pressure_hold_input"
"2026-07-09 13:19:51","84","7","13","6","2","5","가압유지","downstroke","225","cap","40.84","225","8","0","0","yes","1100","1800","20","0","0","20","0","250","final_normal_pressure_hold_input"
"2026-07-09 13:19:52","84","8","13","6","2","5","상승","upstroke","125","rod","40.842","8","125","0","0","yes","1416","1800","0","65","65","0","0","250","final_normal_upstroke_input"
"2026-07-09 13:19:53","84","9","13","6","2","5","상승","upstroke","128.25","rod","40.844","8","128.25","0","0","yes","1466","1800","0","70","70","0","0","250","final_normal_upstroke_input"
"2026-07-09 13:19:54","84","10","13","6","2","5","상승","upstroke","131.5","rod","40.845","8","131.5","0","0","yes","1516","1800","0","75","75","0","0","250","final_normal_upstroke_input"
"2026-07-09 13:19:55","84","11","13","6","2","5","상승","upstroke","134.75","rod","40.846","8","134.75","0","0","yes","1566","1800","0","80","80","0","0","250","final_normal_upstroke_input"
"2026-07-09 13:19:56","84","12","13","6","2","5","상승","upstroke","138","rod","40.848","8","138","0","0","yes","1616","1800","0","85","85","0","0","250","final_normal_upstroke_input"
"2026-07-09 13:19:57","85","0","14","7","1","6","하강","downstroke","170","cap","40.84","170","8","0","0","yes","1605","1800","65","0","0","65","0","250","final_normal_downstroke_input"
"2026-07-09 13:19:58","85","1","14","7","1","6","하강","downstroke","174.667","cap","40.842","174.667","8.167","0","0","yes","1638","1800","68.3","0","0","68.3","0","250","final_normal_downstroke_input"
"2026-07-09 13:19:59","85","2","14","7","1","6","하강","downstroke","179.333","cap","40.843","179.333","8.333","0","0","yes","1672","1800","71.7","0","0","71.7","0","250","final_normal_downstroke_input"
"2026-07-09 13:20:00","85","3","14","7","1","6","하강","downstroke","184","cap","40.844","184","8.5","0","0","yes","1705","1800","75","0","0","75","0","250","final_normal_downstroke_input"
"2026-07-09 13:20:01","85","4","14","7","1","6","하강","downstroke","188.667","cap","40.846","188.667","8.667","0","0","yes","1738","1800","78.3","0","0","78.3","0","250","final_normal_downstroke_input"
"2026-07-09 13:20:02","85","5","14","7","1","6","하강","downstroke","193.333","cap","40.848","193.333","8.833","0","0","yes","1772","1800","81.7","0","0","81.7","0","250","final_normal_downstroke_input"
"2026-07-09 13:20:03","85","6","14","7","1","6","하강","downstroke","198","cap","40.849","198","9","0","0","yes","1805","1800","85","0","0","85","0","250","final_normal_downstroke_input"
"2026-07-09 13:20:04","85","7","14","7","1","6","가압유지","downstroke","225.3","cap","40.851","225.3","8","0","0","yes","1108","1800","20","0","0","20","0","250","final_normal_pressure_hold_input"
"2026-07-09 13:20:05","85","8","14","7","1","6","상승","upstroke","125.3","rod","40.852","8","125.3","0","0","yes","1400","1800","0","65","65","0","0","250","final_normal_upstroke_input"
"2026-07-09 13:20:06","85","9","14","7","1","6","상승","upstroke","127.9","rod","40.854","8","127.9","0","0","yes","1440","1800","0","69","69","0","0","250","final_normal_upstroke_input"
"2026-07-09 13:20:07","85","10","14","7","1","6","상승","upstroke","130.5","rod","40.855","8","130.5","0","0","yes","1480","1800","0","73","73","0","0","250","final_normal_upstroke_input"
"2026-07-09 13:20:08","85","11","14","7","1","6","상승","upstroke","133.1","rod","40.857","8","133.1","0","0","yes","1520","1800","0","77","77","0","0","250","final_normal_upstroke_input"
"2026-07-09 13:20:09","85","12","14","7","1","6","상승","upstroke","135.7","rod","40.858","8","135.7","0","0","yes","1560","1800","0","81","81","0","0","250","final_normal_upstroke_input"
"2026-07-09 13:20:10","85","13","14","7","1","6","상승","upstroke","138.3","rod","40.86","8","138.3","0","0","yes","1600","1800","0","85","85","0","0","250","final_normal_upstroke_input"
"2026-07-09 13:20:11","86","0","16","8","1","7","하강","downstroke","170.3","cap","40.85","170.3","8","0","0","yes","1610","1800","65","0","0","65","0","250","final_normal_downstroke_input"
"2026-07-09 13:20:12","86","1","16","8","1","7","하강","downstroke","174.3","cap","40.852","174.3","8.143","0","0","yes","1639","1800","67.9","0","0","67.9","0","250","final_normal_downstroke_input"
"2026-07-09 13:20:13","86","2","16","8","1","7","하강","downstroke","178.3","cap","40.853","178.3","8.286","0","0","yes","1667","1800","70.7","0","0","70.7","0","250","final_normal_downstroke_input"
"2026-07-09 13:20:14","86","3","16","8","1","7","하강","downstroke","182.3","cap","40.854","182.3","8.429","0","0","yes","1696","1800","73.6","0","0","73.6","0","250","final_normal_downstroke_input"
"2026-07-09 13:20:15","86","4","16","8","1","7","하강","downstroke","186.3","cap","40.856","186.3","8.571","0","0","yes","1724","1800","76.4","0","0","76.4","0","250","final_normal_downstroke_input"
"2026-07-09 13:20:16","86","5","16","8","1","7","하강","downstroke","190.3","cap","40.858","190.3","8.714","0","0","yes","1753","1800","79.3","0","0","79.3","0","250","final_normal_downstroke_input"
"2026-07-09 13:20:17","86","6","16","8","1","7","하강","downstroke","194.3","cap","40.859","194.3","8.857","0","0","yes","1781","1800","82.1","0","0","82.1","0","250","final_normal_downstroke_input"
"2026-07-09 13:20:18","86","7","16","8","1","7","하강","downstroke","198.3","cap","40.86","198.3","9","0","0","yes","1810","1800","85","0","0","85","0","250","final_normal_downstroke_input"
"2026-07-09 13:20:19","86","8","16","8","1","7","가압유지","downstroke","225.6","cap","40.862","225.6","8","0","0","yes","1116","1800","20","0","0","20","0","250","final_normal_pressure_hold_input"
"2026-07-09 13:20:20","86","9","16","8","1","7","상승","upstroke","125.6","rod","40.864","8","125.6","0","0","yes","1404","1800","0","65","65","0","0","250","final_normal_upstroke_input"
"2026-07-09 13:20:21","86","10","16","8","1","7","상승","upstroke","127.767","rod","40.865","8","127.767","0","0","yes","1437","1800","0","68.3","68.3","0","0","250","final_normal_upstroke_input"
"2026-07-09 13:20:22","86","11","16","8","1","7","상승","upstroke","129.933","rod","40.866","8","129.933","0","0","yes","1471","1800","0","71.7","71.7","0","0","250","final_normal_upstroke_input"
"2026-07-09 13:20:23","86","12","16","8","1","7","상승","upstroke","132.1","rod","40.868","8","132.1","0","0","yes","1504","1800","0","75","75","0","0","250","final_normal_upstroke_input"
"2026-07-09 13:20:24","86","13","16","8","1","7","상승","upstroke","134.267","rod","40.87","8","134.267","0","0","yes","1537","1800","0","78.3","78.3","0","0","250","final_normal_upstroke_input"
"2026-07-09 13:20:25","86","14","16","8","1","7","상승","upstroke","136.433","rod","40.871","8","136.433","0","0","yes","1571","1800","0","81.7","81.7","0","0","250","final_normal_upstroke_input"
"2026-07-09 13:20:26","86","15","16","8","1","7","상승","upstroke","138.6","rod","40.872","8","138.6","0","0","yes","1604","1800","0","85","85","0","0","250","final_normal_upstroke_input"
"2026-07-09 13:20:27","87","0","12","6","1","5","하강","downstroke","170.6","cap","40.86","170.6","8","0","0","yes","1615","1800","65","0","0","65","0","250","final_normal_downstroke_input"
"2026-07-09 13:20:28","87","1","12","6","1","5","하강","downstroke","176.2","cap","40.862","176.2","8.2","0","0","yes","1655","1800","69","0","0","69","0","250","final_normal_downstroke_input"
"2026-07-09 13:20:29","87","2","12","6","1","5","하강","downstroke","181.8","cap","40.863","181.8","8.4","0","0","yes","1695","1800","73","0","0","73","0","250","final_normal_downstroke_input"
"2026-07-09 13:20:30","87","3","12","6","1","5","하강","downstroke","187.4","cap","40.864","187.4","8.6","0","0","yes","1735","1800","77","0","0","77","0","250","final_normal_downstroke_input"
"2026-07-09 13:20:31","87","4","12","6","1","5","하강","downstroke","193","cap","40.866","193","8.8","0","0","yes","1775","1800","81","0","0","81","0","250","final_normal_downstroke_input"
"2026-07-09 13:20:32","87","5","12","6","1","5","하강","downstroke","198.6","cap","40.868","198.6","9","0","0","yes","1815","1800","85","0","0","85","0","250","final_normal_downstroke_input"
"2026-07-09 13:20:33","87","6","12","6","1","5","가압유지","downstroke","225","cap","40.869","225","8","0","0","yes","1100","1800","20","0","0","20","0","250","final_normal_pressure_hold_input"
"2026-07-09 13:20:34","87","7","12","6","1","5","상승","upstroke","125.9","rod","40.87","8","125.9","0","0","yes","1408","1800","0","65","65","0","0","250","final_normal_upstroke_input"
"2026-07-09 13:20:35","87","8","12","6","1","5","상승","upstroke","129.15","rod","40.872","8","129.15","0","0","yes","1458","1800","0","70","70","0","0","250","final_normal_upstroke_input"
"2026-07-09 13:20:36","87","9","12","6","1","5","상승","upstroke","132.4","rod","40.874","8","132.4","0","0","yes","1508","1800","0","75","75","0","0","250","final_normal_upstroke_input"
"2026-07-09 13:20:37","87","10","12","6","1","5","상승","upstroke","135.65","rod","40.875","8","135.65","0","0","yes","1558","1800","0","80","80","0","0","250","final_normal_upstroke_input"
"2026-07-09 13:20:38","87","11","12","6","1","5","상승","upstroke","138.9","rod","40.876","8","138.9","0","0","yes","1608","1800","0","85","85","0","0","250","final_normal_upstroke_input"
"2026-07-09 13:20:39","88","0","15","7","2","6","하강","downstroke","170.9","cap","40.87","170.9","8","0","0","yes","1600","1800","65","0","0","65","0","250","final_normal_downstroke_input"
"2026-07-09 13:20:40","88","1","15","7","2","6","하강","downstroke","175.567","cap","40.872","175.567","8.167","0","0","yes","1633","1800","68.3","0","0","68.3","0","250","final_normal_downstroke_input"
"2026-07-09 13:20:41","88","2","15","7","2","6","하강","downstroke","180.233","cap","40.873","180.233","8.333","0","0","yes","1667","1800","71.7","0","0","71.7","0","250","final_normal_downstroke_input"
"2026-07-09 13:20:42","88","3","15","7","2","6","하강","downstroke","184.9","cap","40.874","184.9","8.5","0","0","yes","1700","1800","75","0","0","75","0","250","final_normal_downstroke_input"
"2026-07-09 13:20:43","88","4","15","7","2","6","하강","downstroke","189.567","cap","40.876","189.567","8.667","0","0","yes","1733","1800","78.3","0","0","78.3","0","250","final_normal_downstroke_input"
"2026-07-09 13:20:44","88","5","15","7","2","6","하강","downstroke","194.233","cap","40.878","194.233","8.833","0","0","yes","1767","1800","81.7","0","0","81.7","0","250","final_normal_downstroke_input"
"2026-07-09 13:20:45","88","6","15","7","2","6","하강","downstroke","198.9","cap","40.879","198.9","9","0","0","yes","1800","1800","85","0","0","85","0","250","final_normal_downstroke_input"
"2026-07-09 13:20:46","88","7","15","7","2","6","가압유지","downstroke","215.3","cap","40.88","215.3","8","0","0","yes","1208","1800","28","0","0","28","0","250","final_normal_pressure_hold_input"
"2026-07-09 13:20:47","88","8","15","7","2","6","가압유지","downstroke","225.3","cap","40.882","225.3","8","0","0","yes","1108","1800","20","0","0","20","0","250","final_normal_pressure_hold_input"
"2026-07-09 13:20:48","88","9","15","7","2","6","상승","upstroke","125","rod","40.884","8","125","0","0","yes","1412","1800","0","65","65","0","0","250","final_normal_upstroke_input"
"2026-07-09 13:20:49","88","10","15","7","2","6","상승","upstroke","127.6","rod","40.885","8","127.6","0","0","yes","1452","1800","0","69","69","0","0","250","final_normal_upstroke_input"
"2026-07-09 13:20:50","88","11","15","7","2","6","상승","upstroke","130.2","rod","40.886","8","130.2","0","0","yes","1492","1800","0","73","73","0","0","250","final_normal_upstroke_input"
"2026-07-09 13:20:51","88","12","15","7","2","6","상승","upstroke","132.8","rod","40.888","8","132.8","0","0","yes","1532","1800","0","77","77","0","0","250","final_normal_upstroke_input"
"2026-07-09 13:20:52","88","13","15","7","2","6","상승","upstroke","135.4","rod","40.89","8","135.4","0","0","yes","1572","1800","0","81","81","0","0","250","final_normal_upstroke_input"
"2026-07-09 13:20:53","88","14","15","7","2","6","상승","upstroke","138","rod","40.891","8","138","0","0","yes","1612","1800","0","85","85","0","0","250","final_normal_upstroke_input"
"2026-07-09 13:20:54","89","0","16","8","1","7","하강","downstroke","171.2","cap","40.88","171.2","8","0","0","yes","1605","1800","65","0","0","65","0","250","final_normal_downstroke_input"
"2026-07-09 13:20:55","89","1","16","8","1","7","하강","downstroke","175.2","cap","40.882","175.2","8.143","0","0","yes","1634","1800","67.9","0","0","67.9","0","250","final_normal_downstroke_input"
"2026-07-09 13:20:56","89","2","16","8","1","7","하강","downstroke","179.2","cap","40.883","179.2","8.286","0","0","yes","1662","1800","70.7","0","0","70.7","0","250","final_normal_downstroke_input"
"2026-07-09 13:20:57","89","3","16","8","1","7","하강","downstroke","183.2","cap","40.884","183.2","8.429","0","0","yes","1691","1800","73.6","0","0","73.6","0","250","final_normal_downstroke_input"
"2026-07-09 13:20:58","89","4","16","8","1","7","하강","downstroke","187.2","cap","40.886","187.2","8.571","0","0","yes","1719","1800","76.4","0","0","76.4","0","250","final_normal_downstroke_input"
"2026-07-09 13:20:59","89","5","16","8","1","7","하강","downstroke","191.2","cap","40.888","191.2","8.714","0","0","yes","1748","1800","79.3","0","0","79.3","0","250","final_normal_downstroke_input"
"2026-07-09 13:21:00","89","6","16","8","1","7","하강","downstroke","195.2","cap","40.889","195.2","8.857","0","0","yes","1776","1800","82.1","0","0","82.1","0","250","final_normal_downstroke_input"
"2026-07-09 13:21:01","89","7","16","8","1","7","하강","downstroke","199.2","cap","40.89","199.2","9","0","0","yes","1805","1800","85","0","0","85","0","250","final_normal_downstroke_input"
"2026-07-09 13:21:02","89","8","16","8","1","7","가압유지","downstroke","225.6","cap","40.892","225.6","8","0","0","yes","1116","1800","20","0","0","20","0","250","final_normal_pressure_hold_input"
"2026-07-09 13:21:03","89","9","16","8","1","7","상승","upstroke","125.3","rod","40.894","8","125.3","0","0","yes","1416","1800","0","65","65","0","0","250","final_normal_upstroke_input"
"2026-07-09 13:21:04","89","10","16","8","1","7","상승","upstroke","127.467","rod","40.895","8","127.467","0","0","yes","1449","1800","0","68.3","68.3","0","0","250","final_normal_upstroke_input"
"2026-07-09 13:21:05","89","11","16","8","1","7","상승","upstroke","129.633","rod","40.896","8","129.633","0","0","yes","1483","1800","0","71.7","71.7","0","0","250","final_normal_upstroke_input"
"2026-07-09 13:21:06","89","12","16","8","1","7","상승","upstroke","131.8","rod","40.898","8","131.8","0","0","yes","1516","1800","0","75","75","0","0","250","final_normal_upstroke_input"
"2026-07-09 13:21:07","89","13","16","8","1","7","상승","upstroke","133.967","rod","40.9","8","133.967","0","0","yes","1549","1800","0","78.3","78.3","0","0","250","final_normal_upstroke_input"
"2026-07-09 13:21:08","89","14","16","8","1","7","상승","upstroke","136.133","rod","40.901","8","136.133","0","0","yes","1583","1800","0","81.7","81.7","0","0","250","final_normal_upstroke_input"
"2026-07-09 13:21:09","89","15","16","8","1","7","상승","upstroke","138.3","rod","40.902","8","138.3","0","0","yes","1616","1800","0","85","85","0","0","250","final_normal_upstroke_input"
"2026-07-09 13:21:10","90","0","12","6","1","5","하강","downstroke","170","cap","40.89","170","8","0","0","yes","1610","1800","65","0","0","65","0","250","final_normal_downstroke_input"
"2026-07-09 13:21:11","90","1","12","6","1","5","하강","downstroke","175.6","cap","40.892","175.6","8.2","0","0","yes","1650","1800","69","0","0","69","0","250","final_normal_downstroke_input"
"2026-07-09 13:21:12","90","2","12","6","1","5","하강","downstroke","181.2","cap","40.893","181.2","8.4","0","0","yes","1690","1800","73","0","0","73","0","250","final_normal_downstroke_input"
"2026-07-09 13:21:13","90","3","12","6","1","5","하강","downstroke","186.8","cap","40.894","186.8","8.6","0","0","yes","1730","1800","77","0","0","77","0","250","final_normal_downstroke_input"
"2026-07-09 13:21:14","90","4","12","6","1","5","하강","downstroke","192.4","cap","40.896","192.4","8.8","0","0","yes","1770","1800","81","0","0","81","0","250","final_normal_downstroke_input"
"2026-07-09 13:21:15","90","5","12","6","1","5","하강","downstroke","198","cap","40.898","198","9","0","0","yes","1810","1800","85","0","0","85","0","250","final_normal_downstroke_input"
"2026-07-09 13:21:16","90","6","12","6","1","5","가압유지","downstroke","225","cap","40.899","225","8","0","0","yes","1100","1800","20","0","0","20","0","250","final_normal_pressure_hold_input"
"2026-07-09 13:21:17","90","7","12","6","1","5","상승","upstroke","125.6","rod","40.9","8","125.6","0","0","yes","1400","1800","0","65","65","0","0","250","final_normal_upstroke_input"
"2026-07-09 13:21:18","90","8","12","6","1","5","상승","upstroke","128.85","rod","40.902","8","128.85","0","0","yes","1450","1800","0","70","70","0","0","250","final_normal_upstroke_input"
"2026-07-09 13:21:19","90","9","12","6","1","5","상승","upstroke","132.1","rod","40.904","8","132.1","0","0","yes","1500","1800","0","75","75","0","0","250","final_normal_upstroke_input"
"2026-07-09 13:21:20","90","10","12","6","1","5","상승","upstroke","135.35","rod","40.905","8","135.35","0","0","yes","1550","1800","0","80","80","0","0","250","final_normal_upstroke_input"
"2026-07-09 13:21:21","90","11","12","6","1","5","상승","upstroke","138.6","rod","40.906","8","138.6","0","0","yes","1600","1800","0","85","85","0","0","250","final_normal_upstroke_input"
"2026-07-09 13:21:22","91","0","14","7","1","6","하강","downstroke","170.3","cap","40.9","170.3","8","0","0","yes","1615","1800","65","0","0","65","0","250","final_normal_downstroke_input"
"2026-07-09 13:21:23","91","1","14","7","1","6","하강","downstroke","174.967","cap","40.902","174.967","8.167","0","0","yes","1648","1800","68.3","0","0","68.3","0","250","final_normal_downstroke_input"
"2026-07-09 13:21:24","91","2","14","7","1","6","하강","downstroke","179.633","cap","40.903","179.633","8.333","0","0","yes","1682","1800","71.7","0","0","71.7","0","250","final_normal_downstroke_input"
"2026-07-09 13:21:25","91","3","14","7","1","6","하강","downstroke","184.3","cap","40.904","184.3","8.5","0","0","yes","1715","1800","75","0","0","75","0","250","final_normal_downstroke_input"
"2026-07-09 13:21:26","91","4","14","7","1","6","하강","downstroke","188.967","cap","40.906","188.967","8.667","0","0","yes","1748","1800","78.3","0","0","78.3","0","250","final_normal_downstroke_input"
"2026-07-09 13:21:27","91","5","14","7","1","6","하강","downstroke","193.633","cap","40.908","193.633","8.833","0","0","yes","1782","1800","81.7","0","0","81.7","0","250","final_normal_downstroke_input"
"2026-07-09 13:21:28","91","6","14","7","1","6","하강","downstroke","198.3","cap","40.909","198.3","9","0","0","yes","1815","1800","85","0","0","85","0","250","final_normal_downstroke_input"
"2026-07-09 13:21:29","91","7","14","7","1","6","가압유지","downstroke","225.3","cap","40.91","225.3","8","0","0","yes","1108","1800","20","0","0","20","0","250","final_normal_pressure_hold_input"
"2026-07-09 13:21:30","91","8","14","7","1","6","상승","upstroke","125.9","rod","40.912","8","125.9","0","0","yes","1404","1800","0","65","65","0","0","250","final_normal_upstroke_input"
"2026-07-09 13:21:31","91","9","14","7","1","6","상승","upstroke","128.5","rod","40.914","8","128.5","0","0","yes","1444","1800","0","69","69","0","0","250","final_normal_upstroke_input"
"2026-07-09 13:21:32","91","10","14","7","1","6","상승","upstroke","131.1","rod","40.915","8","131.1","0","0","yes","1484","1800","0","73","73","0","0","250","final_normal_upstroke_input"
"2026-07-09 13:21:33","91","11","14","7","1","6","상승","upstroke","133.7","rod","40.916","8","133.7","0","0","yes","1524","1800","0","77","77","0","0","250","final_normal_upstroke_input"
"2026-07-09 13:21:34","91","12","14","7","1","6","상승","upstroke","136.3","rod","40.918","8","136.3","0","0","yes","1564","1800","0","81","81","0","0","250","final_normal_upstroke_input"
"2026-07-09 13:21:35","91","13","14","7","1","6","상승","upstroke","138.9","rod","40.92","8","138.9","0","0","yes","1604","1800","0","85","85","0","0","250","final_normal_upstroke_input"
"2026-07-09 13:21:36","92","0","17","8","2","7","하강","downstroke","170.6","cap","40.91","170.6","8","0","0","yes","1600","1800","65","0","0","65","0","250","final_normal_downstroke_input"
"2026-07-09 13:21:37","92","1","17","8","2","7","하강","downstroke","174.6","cap","40.912","174.6","8.143","0","0","yes","1629","1800","67.9","0","0","67.9","0","250","final_normal_downstroke_input"
"2026-07-09 13:21:38","92","2","17","8","2","7","하강","downstroke","178.6","cap","40.913","178.6","8.286","0","0","yes","1657","1800","70.7","0","0","70.7","0","250","final_normal_downstroke_input"
"2026-07-09 13:21:39","92","3","17","8","2","7","하강","downstroke","182.6","cap","40.914","182.6","8.429","0","0","yes","1686","1800","73.6","0","0","73.6","0","250","final_normal_downstroke_input"
"2026-07-09 13:21:40","92","4","17","8","2","7","하강","downstroke","186.6","cap","40.916","186.6","8.571","0","0","yes","1714","1800","76.4","0","0","76.4","0","250","final_normal_downstroke_input"
"2026-07-09 13:21:41","92","5","17","8","2","7","하강","downstroke","190.6","cap","40.918","190.6","8.714","0","0","yes","1743","1800","79.3","0","0","79.3","0","250","final_normal_downstroke_input"
"2026-07-09 13:21:42","92","6","17","8","2","7","하강","downstroke","194.6","cap","40.919","194.6","8.857","0","0","yes","1771","1800","82.1","0","0","82.1","0","250","final_normal_downstroke_input"
"2026-07-09 13:21:43","92","7","17","8","2","7","하강","downstroke","198.6","cap","40.92","198.6","9","0","0","yes","1800","1800","85","0","0","85","0","250","final_normal_downstroke_input"
"2026-07-09 13:21:44","92","8","17","8","2","7","가압유지","downstroke","215.6","cap","40.922","215.6","8","0","0","yes","1216","1800","28","0","0","28","0","250","final_normal_pressure_hold_input"
"2026-07-09 13:21:45","92","9","17","8","2","7","가압유지","downstroke","225.6","cap","40.924","225.6","8","0","0","yes","1116","1800","20","0","0","20","0","250","final_normal_pressure_hold_input"
"2026-07-09 13:21:46","92","10","17","8","2","7","상승","upstroke","125","rod","40.925","8","125","0","0","yes","1408","1800","0","65","65","0","0","250","final_normal_upstroke_input"
"2026-07-09 13:21:47","92","11","17","8","2","7","상승","upstroke","127.167","rod","40.926","8","127.167","0","0","yes","1441","1800","0","68.3","68.3","0","0","250","final_normal_upstroke_input"
"2026-07-09 13:21:48","92","12","17","8","2","7","상승","upstroke","129.333","rod","40.928","8","129.333","0","0","yes","1475","1800","0","71.7","71.7","0","0","250","final_normal_upstroke_input"
"2026-07-09 13:21:49","92","13","17","8","2","7","상승","upstroke","131.5","rod","40.93","8","131.5","0","0","yes","1508","1800","0","75","75","0","0","250","final_normal_upstroke_input"
"2026-07-09 13:21:50","92","14","17","8","2","7","상승","upstroke","133.667","rod","40.931","8","133.667","0","0","yes","1541","1800","0","78.3","78.3","0","0","250","final_normal_upstroke_input"
"2026-07-09 13:21:51","92","15","17","8","2","7","상승","upstroke","135.833","rod","40.932","8","135.833","0","0","yes","1575","1800","0","81.7","81.7","0","0","250","final_normal_upstroke_input"
"2026-07-09 13:21:52","92","16","17","8","2","7","상승","upstroke","138","rod","40.934","8","138","0","0","yes","1608","1800","0","85","85","0","0","250","final_normal_upstroke_input"
"2026-07-09 13:21:53","93","0","12","6","1","5","하강","downstroke","170.9","cap","40.92","170.9","8","0","0","yes","1605","1800","65","0","0","65","0","250","final_normal_downstroke_input"
"2026-07-09 13:21:54","93","1","12","6","1","5","하강","downstroke","176.5","cap","40.922","176.5","8.2","0","0","yes","1645","1800","69","0","0","69","0","250","final_normal_downstroke_input"
"2026-07-09 13:21:55","93","2","12","6","1","5","하강","downstroke","182.1","cap","40.923","182.1","8.4","0","0","yes","1685","1800","73","0","0","73","0","250","final_normal_downstroke_input"
"2026-07-09 13:21:56","93","3","12","6","1","5","하강","downstroke","187.7","cap","40.924","187.7","8.6","0","0","yes","1725","1800","77","0","0","77","0","250","final_normal_downstroke_input"
"2026-07-09 13:21:57","93","4","12","6","1","5","하강","downstroke","193.3","cap","40.926","193.3","8.8","0","0","yes","1765","1800","81","0","0","81","0","250","final_normal_downstroke_input"
"2026-07-09 13:21:58","93","5","12","6","1","5","하강","downstroke","198.9","cap","40.928","198.9","9","0","0","yes","1805","1800","85","0","0","85","0","250","final_normal_downstroke_input"
"2026-07-09 13:21:59","93","6","12","6","1","5","가압유지","downstroke","225","cap","40.929","225","8","0","0","yes","1100","1800","20","0","0","20","0","250","final_normal_pressure_hold_input"
"2026-07-09 13:22:00","93","7","12","6","1","5","상승","upstroke","125.3","rod","40.93","8","125.3","0","0","yes","1412","1800","0","65","65","0","0","250","final_normal_upstroke_input"
"2026-07-09 13:22:01","93","8","12","6","1","5","상승","upstroke","128.55","rod","40.932","8","128.55","0","0","yes","1462","1800","0","70","70","0","0","250","final_normal_upstroke_input"
"2026-07-09 13:22:02","93","9","12","6","1","5","상승","upstroke","131.8","rod","40.934","8","131.8","0","0","yes","1512","1800","0","75","75","0","0","250","final_normal_upstroke_input"
"2026-07-09 13:22:03","93","10","12","6","1","5","상승","upstroke","135.05","rod","40.935","8","135.05","0","0","yes","1562","1800","0","80","80","0","0","250","final_normal_upstroke_input"
"2026-07-09 13:22:04","93","11","12","6","1","5","상승","upstroke","138.3","rod","40.936","8","138.3","0","0","yes","1612","1800","0","85","85","0","0","250","final_normal_upstroke_input"
"2026-07-09 13:22:05","94","0","14","7","1","6","하강","downstroke","171.2","cap","40.93","171.2","8","0","0","yes","1610","1800","65","0","0","65","0","250","final_normal_downstroke_input"
"2026-07-09 13:22:06","94","1","14","7","1","6","하강","downstroke","175.867","cap","40.932","175.867","8.167","0","0","yes","1643","1800","68.3","0","0","68.3","0","250","final_normal_downstroke_input"
"2026-07-09 13:22:07","94","2","14","7","1","6","하강","downstroke","180.533","cap","40.933","180.533","8.333","0","0","yes","1677","1800","71.7","0","0","71.7","0","250","final_normal_downstroke_input"
"2026-07-09 13:22:08","94","3","14","7","1","6","하강","downstroke","185.2","cap","40.934","185.2","8.5","0","0","yes","1710","1800","75","0","0","75","0","250","final_normal_downstroke_input"
"2026-07-09 13:22:09","94","4","14","7","1","6","하강","downstroke","189.867","cap","40.936","189.867","8.667","0","0","yes","1743","1800","78.3","0","0","78.3","0","250","final_normal_downstroke_input"
"2026-07-09 13:22:10","94","5","14","7","1","6","하강","downstroke","194.533","cap","40.938","194.533","8.833","0","0","yes","1777","1800","81.7","0","0","81.7","0","250","final_normal_downstroke_input"
"2026-07-09 13:22:11","94","6","14","7","1","6","하강","downstroke","199.2","cap","40.939","199.2","9","0","0","yes","1810","1800","85","0","0","85","0","250","final_normal_downstroke_input"
"2026-07-09 13:22:12","94","7","14","7","1","6","가압유지","downstroke","225.3","cap","40.94","225.3","8","0","0","yes","1108","1800","20","0","0","20","0","250","final_normal_pressure_hold_input"
"2026-07-09 13:22:13","94","8","14","7","1","6","상승","upstroke","125.6","rod","40.942","8","125.6","0","0","yes","1416","1800","0","65","65","0","0","250","final_normal_upstroke_input"
"2026-07-09 13:22:14","94","9","14","7","1","6","상승","upstroke","128.2","rod","40.944","8","128.2","0","0","yes","1456","1800","0","69","69","0","0","250","final_normal_upstroke_input"
"2026-07-09 13:22:15","94","10","14","7","1","6","상승","upstroke","130.8","rod","40.945","8","130.8","0","0","yes","1496","1800","0","73","73","0","0","250","final_normal_upstroke_input"
"2026-07-09 13:22:16","94","11","14","7","1","6","상승","upstroke","133.4","rod","40.946","8","133.4","0","0","yes","1536","1800","0","77","77","0","0","250","final_normal_upstroke_input"
"2026-07-09 13:22:17","94","12","14","7","1","6","상승","upstroke","136","rod","40.948","8","136","0","0","yes","1576","1800","0","81","81","0","0","250","final_normal_upstroke_input"
"2026-07-09 13:22:18","94","13","14","7","1","6","상승","upstroke","138.6","rod","40.95","8","138.6","0","0","yes","1616","1800","0","85","85","0","0","250","final_normal_upstroke_input"
"2026-07-09 13:22:19","95","0","16","8","1","7","하강","downstroke","170","cap","40.94","170","8","0","0","yes","1615","1800","65","0","0","65","0","250","final_normal_downstroke_input"
"2026-07-09 13:22:20","95","1","16","8","1","7","하강","downstroke","174","cap","40.942","174","8.143","0","0","yes","1644","1800","67.9","0","0","67.9","0","250","final_normal_downstroke_input"
"2026-07-09 13:22:21","95","2","16","8","1","7","하강","downstroke","178","cap","40.943","178","8.286","0","0","yes","1672","1800","70.7","0","0","70.7","0","250","final_normal_downstroke_input"
"2026-07-09 13:22:22","95","3","16","8","1","7","하강","downstroke","182","cap","40.944","182","8.429","0","0","yes","1701","1800","73.6","0","0","73.6","0","250","final_normal_downstroke_input"
"2026-07-09 13:22:23","95","4","16","8","1","7","하강","downstroke","186","cap","40.946","186","8.571","0","0","yes","1729","1800","76.4","0","0","76.4","0","250","final_normal_downstroke_input"
"2026-07-09 13:22:24","95","5","16","8","1","7","하강","downstroke","190","cap","40.948","190","8.714","0","0","yes","1758","1800","79.3","0","0","79.3","0","250","final_normal_downstroke_input"
"2026-07-09 13:22:25","95","6","16","8","1","7","하강","downstroke","194","cap","40.949","194","8.857","0","0","yes","1786","1800","82.1","0","0","82.1","0","250","final_normal_downstroke_input"
"2026-07-09 13:22:26","95","7","16","8","1","7","하강","downstroke","198","cap","40.95","198","9","0","0","yes","1815","1800","85","0","0","85","0","250","final_normal_downstroke_input"
"2026-07-09 13:22:27","95","8","16","8","1","7","가압유지","downstroke","225.6","cap","40.952","225.6","8","0","0","yes","1116","1800","20","0","0","20","0","250","final_normal_pressure_hold_input"
"2026-07-09 13:22:28","95","9","16","8","1","7","상승","upstroke","125.9","rod","40.954","8","125.9","0","0","yes","1400","1800","0","65","65","0","0","250","final_normal_upstroke_input"
"2026-07-09 13:22:29","95","10","16","8","1","7","상승","upstroke","128.067","rod","40.955","8","128.067","0","0","yes","1433","1800","0","68.3","68.3","0","0","250","final_normal_upstroke_input"
"2026-07-09 13:22:30","95","11","16","8","1","7","상승","upstroke","130.233","rod","40.956","8","130.233","0","0","yes","1467","1800","0","71.7","71.7","0","0","250","final_normal_upstroke_input"
"2026-07-09 13:22:31","95","12","16","8","1","7","상승","upstroke","132.4","rod","40.958","8","132.4","0","0","yes","1500","1800","0","75","75","0","0","250","final_normal_upstroke_input"
"2026-07-09 13:22:32","95","13","16","8","1","7","상승","upstroke","134.567","rod","40.96","8","134.567","0","0","yes","1533","1800","0","78.3","78.3","0","0","250","final_normal_upstroke_input"
"2026-07-09 13:22:33","95","14","16","8","1","7","상승","upstroke","136.733","rod","40.961","8","136.733","0","0","yes","1567","1800","0","81.7","81.7","0","0","250","final_normal_upstroke_input"
"2026-07-09 13:22:34","95","15","16","8","1","7","상승","upstroke","138.9","rod","40.962","8","138.9","0","0","yes","1600","1800","0","85","85","0","0","250","final_normal_upstroke_input"
"2026-07-09 13:22:35","96","0","13","6","2","5","하강","downstroke","170.3","cap","40.95","170.3","8","0","0","yes","1600","1800","65","0","0","65","0","250","final_normal_downstroke_input"
"2026-07-09 13:22:36","96","1","13","6","2","5","하강","downstroke","175.9","cap","40.952","175.9","8.2","0","0","yes","1640","1800","69","0","0","69","0","250","final_normal_downstroke_input"
"2026-07-09 13:22:37","96","2","13","6","2","5","하강","downstroke","181.5","cap","40.953","181.5","8.4","0","0","yes","1680","1800","73","0","0","73","0","250","final_normal_downstroke_input"
"2026-07-09 13:22:38","96","3","13","6","2","5","하강","downstroke","187.1","cap","40.954","187.1","8.6","0","0","yes","1720","1800","77","0","0","77","0","250","final_normal_downstroke_input"
"2026-07-09 13:22:39","96","4","13","6","2","5","하강","downstroke","192.7","cap","40.956","192.7","8.8","0","0","yes","1760","1800","81","0","0","81","0","250","final_normal_downstroke_input"
"2026-07-09 13:22:40","96","5","13","6","2","5","하강","downstroke","198.3","cap","40.958","198.3","9","0","0","yes","1800","1800","85","0","0","85","0","250","final_normal_downstroke_input"
"2026-07-09 13:22:41","96","6","13","6","2","5","가압유지","downstroke","215","cap","40.959","215","8","0","0","yes","1200","1800","28","0","0","28","0","250","final_normal_pressure_hold_input"
"2026-07-09 13:22:42","96","7","13","6","2","5","가압유지","downstroke","225","cap","40.96","225","8","0","0","yes","1100","1800","20","0","0","20","0","250","final_normal_pressure_hold_input"
"2026-07-09 13:22:43","96","8","13","6","2","5","상승","upstroke","125","rod","40.962","8","125","0","0","yes","1404","1800","0","65","65","0","0","250","final_normal_upstroke_input"
"2026-07-09 13:22:44","96","9","13","6","2","5","상승","upstroke","128.25","rod","40.964","8","128.25","0","0","yes","1454","1800","0","70","70","0","0","250","final_normal_upstroke_input"
"2026-07-09 13:22:45","96","10","13","6","2","5","상승","upstroke","131.5","rod","40.965","8","131.5","0","0","yes","1504","1800","0","75","75","0","0","250","final_normal_upstroke_input"
"2026-07-09 13:22:46","96","11","13","6","2","5","상승","upstroke","134.75","rod","40.966","8","134.75","0","0","yes","1554","1800","0","80","80","0","0","250","final_normal_upstroke_input"
"2026-07-09 13:22:47","96","12","13","6","2","5","상승","upstroke","138","rod","40.968","8","138","0","0","yes","1604","1800","0","85","85","0","0","250","final_normal_upstroke_input"
"2026-07-09 13:22:48","97","0","14","7","1","6","하강","downstroke","170.6","cap","40.96","170.6","8","0","0","yes","1605","1800","65","0","0","65","0","250","final_normal_downstroke_input"
"2026-07-09 13:22:49","97","1","14","7","1","6","하강","downstroke","175.267","cap","40.962","175.267","8.167","0","0","yes","1638","1800","68.3","0","0","68.3","0","250","final_normal_downstroke_input"
"2026-07-09 13:22:50","97","2","14","7","1","6","하강","downstroke","179.933","cap","40.963","179.933","8.333","0","0","yes","1672","1800","71.7","0","0","71.7","0","250","final_normal_downstroke_input"
"2026-07-09 13:22:51","97","3","14","7","1","6","하강","downstroke","184.6","cap","40.964","184.6","8.5","0","0","yes","1705","1800","75","0","0","75","0","250","final_normal_downstroke_input"
"2026-07-09 13:22:52","97","4","14","7","1","6","하강","downstroke","189.267","cap","40.966","189.267","8.667","0","0","yes","1738","1800","78.3","0","0","78.3","0","250","final_normal_downstroke_input"
"2026-07-09 13:22:53","97","5","14","7","1","6","하강","downstroke","193.933","cap","40.968","193.933","8.833","0","0","yes","1772","1800","81.7","0","0","81.7","0","250","final_normal_downstroke_input"
"2026-07-09 13:22:54","97","6","14","7","1","6","하강","downstroke","198.6","cap","40.969","198.6","9","0","0","yes","1805","1800","85","0","0","85","0","250","final_normal_downstroke_input"
"2026-07-09 13:22:55","97","7","14","7","1","6","가압유지","downstroke","225.3","cap","40.97","225.3","8","0","0","yes","1108","1800","20","0","0","20","0","250","final_normal_pressure_hold_input"
"2026-07-09 13:22:56","97","8","14","7","1","6","상승","upstroke","125.3","rod","40.972","8","125.3","0","0","yes","1408","1800","0","65","65","0","0","250","final_normal_upstroke_input"
"2026-07-09 13:22:57","97","9","14","7","1","6","상승","upstroke","127.9","rod","40.974","8","127.9","0","0","yes","1448","1800","0","69","69","0","0","250","final_normal_upstroke_input"
"2026-07-09 13:22:58","97","10","14","7","1","6","상승","upstroke","130.5","rod","40.975","8","130.5","0","0","yes","1488","1800","0","73","73","0","0","250","final_normal_upstroke_input"
"2026-07-09 13:22:59","97","11","14","7","1","6","상승","upstroke","133.1","rod","40.976","8","133.1","0","0","yes","1528","1800","0","77","77","0","0","250","final_normal_upstroke_input"
"2026-07-09 13:23:00","97","12","14","7","1","6","상승","upstroke","135.7","rod","40.978","8","135.7","0","0","yes","1568","1800","0","81","81","0","0","250","final_normal_upstroke_input"
"2026-07-09 13:23:01","97","13","14","7","1","6","상승","upstroke","138.3","rod","40.98","8","138.3","0","0","yes","1608","1800","0","85","85","0","0","250","final_normal_upstroke_input"
"2026-07-09 13:23:02","98","0","16","8","1","7","하강","downstroke","170.9","cap","40.97","170.9","8","0","0","yes","1610","1800","65","0","0","65","0","250","final_normal_downstroke_input"
"2026-07-09 13:23:03","98","1","16","8","1","7","하강","downstroke","174.9","cap","40.972","174.9","8.143","0","0","yes","1639","1800","67.9","0","0","67.9","0","250","final_normal_downstroke_input"
"2026-07-09 13:23:04","98","2","16","8","1","7","하강","downstroke","178.9","cap","40.973","178.9","8.286","0","0","yes","1667","1800","70.7","0","0","70.7","0","250","final_normal_downstroke_input"
"2026-07-09 13:23:05","98","3","16","8","1","7","하강","downstroke","182.9","cap","40.974","182.9","8.429","0","0","yes","1696","1800","73.6","0","0","73.6","0","250","final_normal_downstroke_input"
"2026-07-09 13:23:06","98","4","16","8","1","7","하강","downstroke","186.9","cap","40.976","186.9","8.571","0","0","yes","1724","1800","76.4","0","0","76.4","0","250","final_normal_downstroke_input"
"2026-07-09 13:23:07","98","5","16","8","1","7","하강","downstroke","190.9","cap","40.978","190.9","8.714","0","0","yes","1753","1800","79.3","0","0","79.3","0","250","final_normal_downstroke_input"
"2026-07-09 13:23:08","98","6","16","8","1","7","하강","downstroke","194.9","cap","40.979","194.9","8.857","0","0","yes","1781","1800","82.1","0","0","82.1","0","250","final_normal_downstroke_input"
"2026-07-09 13:23:09","98","7","16","8","1","7","하강","downstroke","198.9","cap","40.98","198.9","9","0","0","yes","1810","1800","85","0","0","85","0","250","final_normal_downstroke_input"
"2026-07-09 13:23:10","98","8","16","8","1","7","가압유지","downstroke","225.6","cap","40.982","225.6","8","0","0","yes","1116","1800","20","0","0","20","0","250","final_normal_pressure_hold_input"
"2026-07-09 13:23:11","98","9","16","8","1","7","상승","upstroke","125.6","rod","40.984","8","125.6","0","0","yes","1412","1800","0","65","65","0","0","250","final_normal_upstroke_input"
"2026-07-09 13:23:12","98","10","16","8","1","7","상승","upstroke","127.767","rod","40.985","8","127.767","0","0","yes","1445","1800","0","68.3","68.3","0","0","250","final_normal_upstroke_input"
"2026-07-09 13:23:13","98","11","16","8","1","7","상승","upstroke","129.933","rod","40.986","8","129.933","0","0","yes","1479","1800","0","71.7","71.7","0","0","250","final_normal_upstroke_input"
"2026-07-09 13:23:14","98","12","16","8","1","7","상승","upstroke","132.1","rod","40.988","8","132.1","0","0","yes","1512","1800","0","75","75","0","0","250","final_normal_upstroke_input"
"2026-07-09 13:23:15","98","13","16","8","1","7","상승","upstroke","134.267","rod","40.99","8","134.267","0","0","yes","1545","1800","0","78.3","78.3","0","0","250","final_normal_upstroke_input"
"2026-07-09 13:23:16","98","14","16","8","1","7","상승","upstroke","136.433","rod","40.991","8","136.433","0","0","yes","1579","1800","0","81.7","81.7","0","0","250","final_normal_upstroke_input"
"2026-07-09 13:23:17","98","15","16","8","1","7","상승","upstroke","138.6","rod","40.992","8","138.6","0","0","yes","1612","1800","0","85","85","0","0","250","final_normal_upstroke_input"
"2026-07-09 13:23:18","99","0","12","6","1","5","하강","downstroke","171.2","cap","40.98","171.2","8","0","0","yes","1615","1800","65","0","0","65","0","250","final_normal_downstroke_input"
"2026-07-09 13:23:19","99","1","12","6","1","5","하강","downstroke","176.8","cap","40.982","176.8","8.2","0","0","yes","1655","1800","69","0","0","69","0","250","final_normal_downstroke_input"
"2026-07-09 13:23:20","99","2","12","6","1","5","하강","downstroke","182.4","cap","40.983","182.4","8.4","0","0","yes","1695","1800","73","0","0","73","0","250","final_normal_downstroke_input"
"2026-07-09 13:23:21","99","3","12","6","1","5","하강","downstroke","188","cap","40.984","188","8.6","0","0","yes","1735","1800","77","0","0","77","0","250","final_normal_downstroke_input"
"2026-07-09 13:23:22","99","4","12","6","1","5","하강","downstroke","193.6","cap","40.986","193.6","8.8","0","0","yes","1775","1800","81","0","0","81","0","250","final_normal_downstroke_input"
"2026-07-09 13:23:23","99","5","12","6","1","5","하강","downstroke","199.2","cap","40.988","199.2","9","0","0","yes","1815","1800","85","0","0","85","0","250","final_normal_downstroke_input"
"2026-07-09 13:23:24","99","6","12","6","1","5","가압유지","downstroke","225","cap","40.989","225","8","0","0","yes","1100","1800","20","0","0","20","0","250","final_normal_pressure_hold_input"
"2026-07-09 13:23:25","99","7","12","6","1","5","상승","upstroke","125.9","rod","40.99","8","125.9","0","0","yes","1416","1800","0","65","65","0","0","250","final_normal_upstroke_input"
"2026-07-09 13:23:26","99","8","12","6","1","5","상승","upstroke","129.15","rod","40.992","8","129.15","0","0","yes","1466","1800","0","70","70","0","0","250","final_normal_upstroke_input"
"2026-07-09 13:23:27","99","9","12","6","1","5","상승","upstroke","132.4","rod","40.994","8","132.4","0","0","yes","1516","1800","0","75","75","0","0","250","final_normal_upstroke_input"
"2026-07-09 13:23:28","99","10","12","6","1","5","상승","upstroke","135.65","rod","40.995","8","135.65","0","0","yes","1566","1800","0","80","80","0","0","250","final_normal_upstroke_input"
"2026-07-09 13:23:29","99","11","12","6","1","5","상승","upstroke","138.9","rod","40.996","8","138.9","0","0","yes","1616","1800","0","85","85","0","0","250","final_normal_upstroke_input"
"2026-07-09 13:23:30","100","0","15","7","2","6","하강","downstroke","170","cap","40.99","170","8","0","0","yes","1600","1800","65","0","0","65","0","250","final_normal_downstroke_input"
"2026-07-09 13:23:31","100","1","15","7","2","6","하강","downstroke","174.667","cap","40.992","174.667","8.167","0","0","yes","1633","1800","68.3","0","0","68.3","0","250","final_normal_downstroke_input"
"2026-07-09 13:23:32","100","2","15","7","2","6","하강","downstroke","179.333","cap","40.993","179.333","8.333","0","0","yes","1667","1800","71.7","0","0","71.7","0","250","final_normal_downstroke_input"
"2026-07-09 13:23:33","100","3","15","7","2","6","하강","downstroke","184","cap","40.994","184","8.5","0","0","yes","1700","1800","75","0","0","75","0","250","final_normal_downstroke_input"
"2026-07-09 13:23:34","100","4","15","7","2","6","하강","downstroke","188.667","cap","40.996","188.667","8.667","0","0","yes","1733","1800","78.3","0","0","78.3","0","250","final_normal_downstroke_input"
"2026-07-09 13:23:35","100","5","15","7","2","6","하강","downstroke","193.333","cap","40.998","193.333","8.833","0","0","yes","1767","1800","81.7","0","0","81.7","0","250","final_normal_downstroke_input"
"2026-07-09 13:23:36","100","6","15","7","2","6","하강","downstroke","198","cap","40.999","198","9","0","0","yes","1800","1800","85","0","0","85","0","250","final_normal_downstroke_input"
"2026-07-09 13:23:37","100","7","15","7","2","6","가압유지","downstroke","215.3","cap","41","215.3","8","0","0","yes","1208","1800","28","0","0","28","0","250","final_normal_pressure_hold_input"
"2026-07-09 13:23:38","100","8","15","7","2","6","가압유지","downstroke","225.3","cap","41.002","225.3","8","0","0","yes","1108","1800","20","0","0","20","0","250","final_normal_pressure_hold_input"
"2026-07-09 13:23:39","100","9","15","7","2","6","상승","upstroke","125","rod","41.004","8","125","0","0","yes","1400","1800","0","65","65","0","0","250","final_normal_upstroke_input"
"2026-07-09 13:23:40","100","10","15","7","2","6","상승","upstroke","127.6","rod","41.005","8","127.6","0","0","yes","1440","1800","0","69","69","0","0","250","final_normal_upstroke_input"
"2026-07-09 13:23:41","100","11","15","7","2","6","상승","upstroke","130.2","rod","41.006","8","130.2","0","0","yes","1480","1800","0","73","73","0","0","250","final_normal_upstroke_input"
"2026-07-09 13:23:42","100","12","15","7","2","6","상승","upstroke","132.8","rod","41.008","8","132.8","0","0","yes","1520","1800","0","77","77","0","0","250","final_normal_upstroke_input"
"2026-07-09 13:23:43","100","13","15","7","2","6","상승","upstroke","135.4","rod","41.01","8","135.4","0","0","yes","1560","1800","0","81","81","0","0","250","final_normal_upstroke_input"
"2026-07-09 13:23:44","100","14","15","7","2","6","상승","upstroke","138","rod","41.011","8","138","0","0","yes","1600","1800","0","85","85","0","0","250","final_normal_upstroke_input"
