timestamp,sample_index,cycle_id,cycle_second,risk_score_percent,window_rows,history_coverage_percent
2026-07-13 08:00:00,1,1,0,0.0,1,0.67
2026-07-13 08:00:01,2,1,1,0.0,2,1.33
2026-07-13 08:00:02,3,1,2,0.0,3,2.0
2026-07-13 08:00:03,4,1,3,0.0,4,2.67
2026-07-13 08:00:04,5,1,4,0.0,5,3.33
2026-07-13 08:00:05,6,1,5,0.0,6,4.0
2026-07-13 08:00:06,7,1,6,0.0,7,4.67
2026-07-13 08:00:07,8,1,7,0.0,8,5.33
2026-07-13 08:00:08,9,1,8,0.0,9,6.0
2026-07-13 08:00:09,10,1,9,0.0,10,6.67
2026-07-13 08:00:10,11,1,10,0.0,11,7.33
2026-07-13 08:00:11,12,1,11,0.0,12,8.0
2026-07-13 08:00:12,13,1,12,0.0,13,8.67
2026-07-13 08:00:13,14,1,13,0.0,14,9.33
2026-07-13 08:00:14,15,1,14,0.0,15,10.0
2026-07-13 08:00:15,16,2,0,0.0,16,10.67
2026-07-13 08:00:16,17,2,1,0.0,17,11.33
2026-07-13 08:00:17,18,2,2,0.0,18,12.0
2026-07-13 08:00:18,19,2,3,0.0,19,12.67
2026-07-13 08:00:19,20,2,4,0.0,20,13.33
2026-07-13 08:00:20,21,2,5,0.0,21,14.0
2026-07-13 08:00:21,22,2,6,0.0,22,14.67
2026-07-13 08:00:22,23,2,7,0.0,23,15.33
2026-07-13 08:00:23,24,2,8,0.0,24,16.0
2026-07-13 08:00:24,25,2,9,0.0,25,16.67
2026-07-13 08:00:25,26,2,10,0.0,26,17.33
2026-07-13 08:00:26,27,2,11,0.0,27,18.0
2026-07-13 08:00:27,28,2,12,0.0,28,18.67
2026-07-13 08:00:28,29,2,13,0.0,29,19.33
2026-07-13 08:00:29,30,3,0,0.0,30,20.0
2026-07-13 08:00:30,31,3,1,0.0,31,20.67
2026-07-13 08:00:31,32,3,2,0.0,32,21.33
2026-07-13 08:00:32,33,3,3,0.0,33,22.0
2026-07-13 08:00:33,34,3,4,0.0,34,22.67
2026-07-13 08:00:34,35,3,5,0.0,35,23.33
2026-07-13 08:00:35,36,3,6,0.0,36,24.0
2026-07-13 08:00:36,37,3,7,0.0,37,24.67
2026-07-13 08:00:37,38,3,8,0.0,38,25.33
2026-07-13 08:00:38,39,3,9,0.0,39,26.0
2026-07-13 08:00:39,40,3,10,0.0,40,26.67
2026-07-13 08:00:40,41,3,11,0.0,41,27.33
2026-07-13 08:00:41,42,3,12,0.0,42,28.0
2026-07-13 08:00:42,43,3,13,0.0,43,28.67
2026-07-13 08:00:43,44,4,0,0.0,44,29.33
2026-07-13 08:00:44,45,4,1,0.0,45,30.0
2026-07-13 08:00:45,46,4,2,0.0,46,30.67
2026-07-13 08:00:46,47,4,3,0.0,47,31.33
2026-07-13 08:00:47,48,4,4,0.0,48,32.0
2026-07-13 08:00:48,49,4,5,0.0,49,32.67
2026-07-13 08:00:49,50,4,6,0.0,50,33.33
2026-07-13 08:00:50,51,4,7,0.0,51,34.0
2026-07-13 08:00:51,52,4,8,0.0,52,34.67
2026-07-13 08:00:52,53,4,9,0.0,53,35.33
2026-07-13 08:00:53,54,4,10,0.0,54,36.0
2026-07-13 08:00:54,55,4,11,0.0,55,36.67
2026-07-13 08:00:55,56,4,12,0.0,56,37.33
2026-07-13 08:00:56,57,4,13,0.0,57,38.0
2026-07-13 08:00:57,58,4,14,0.0,58,38.67
2026-07-13 08:00:58,59,4,15,0.0,59,39.33
2026-07-13 08:00:59,60,4,16,0.0,60,40.0
2026-07-13 08:01:00,61,5,0,0.0,61,40.67
2026-07-13 08:01:01,62,5,1,0.0,62,41.33
2026-07-13 08:01:02,63,5,2,0.0,63,42.0
2026-07-13 08:01:03,64,5,3,0.0,64,42.67
2026-07-13 08:01:04,65,5,4,0.0,65,43.33
2026-07-13 08:01:05,66,5,5,0.0,66,44.0
2026-07-13 08:01:06,67,5,6,0.0,67,44.67
2026-07-13 08:01:07,68,5,7,0.0,68,45.33
2026-07-13 08:01:08,69,5,8,0.0,69,46.0
2026-07-13 08:01:09,70,5,9,0.0,70,46.67
2026-07-13 08:01:10,71,5,10,0.0,71,47.33
2026-07-13 08:01:11,72,5,11,0.0,72,48.0
2026-07-13 08:01:12,73,5,12,0.0,73,48.67
2026-07-13 08:01:13,74,5,13,0.0,74,49.33
2026-07-13 08:01:14,75,5,14,0.0,75,50.0
2026-07-13 08:01:15,76,6,0,0.0,76,50.67
2026-07-13 08:01:16,77,6,1,0.0,77,51.33
2026-07-13 08:01:17,78,6,2,0.0,78,52.0
2026-07-13 08:01:18,79,6,3,0.0,79,52.67
2026-07-13 08:01:19,80,6,4,0.0,80,53.33
2026-07-13 08:01:20,81,6,5,0.0,81,54.0
2026-07-13 08:01:21,82,6,6,0.0,82,54.67
2026-07-13 08:01:22,83,6,7,0.0,83,55.33
2026-07-13 08:01:23,84,6,8,0.0,84,56.0
2026-07-13 08:01:24,85,6,9,0.0,85,56.67
2026-07-13 08:01:25,86,6,10,0.0,86,57.33
2026-07-13 08:01:26,87,6,11,0.0,87,58.0
2026-07-13 08:01:27,88,6,12,0.0,88,58.67
2026-07-13 08:01:28,89,6,13,0.0,89,59.33
2026-07-13 08:01:29,90,7,0,0.0,90,60.0
2026-07-13 08:01:30,91,7,1,0.0,91,60.67
2026-07-13 08:01:31,92,7,2,0.0,92,61.33
2026-07-13 08:01:32,93,7,3,0.0,93,62.0
2026-07-13 08:01:33,94,7,4,0.0,94,62.67
2026-07-13 08:01:34,95,7,5,0.0,95,63.33
2026-07-13 08:01:35,96,7,6,0.0,96,64.0
2026-07-13 08:01:36,97,7,7,0.0,97,64.67
2026-07-13 08:01:37,98,7,8,0.0,98,65.33
2026-07-13 08:01:38,99,7,9,0.0,99,66.0
2026-07-13 08:01:39,100,7,10,0.0,100,66.67
2026-07-13 08:01:40,101,7,11,0.0,101,67.33
2026-07-13 08:01:41,102,7,12,0.0,102,68.0
2026-07-13 08:01:42,103,7,13,0.0,103,68.67
2026-07-13 08:01:43,104,7,14,0.0,104,69.33
2026-07-13 08:01:44,105,8,0,0.0,105,70.0
2026-07-13 08:01:45,106,8,1,0.0,106,70.67
2026-07-13 08:01:46,107,8,2,0.0,107,71.33
2026-07-13 08:01:47,108,8,3,0.0,108,72.0
2026-07-13 08:01:48,109,8,4,0.0,109,72.67
2026-07-13 08:01:49,110,8,5,0.0,110,73.33
2026-07-13 08:01:50,111,8,6,0.0,111,74.0
2026-07-13 08:01:51,112,8,7,0.0,112,74.67
2026-07-13 08:01:52,113,8,8,0.0,113,75.33
2026-07-13 08:01:53,114,8,9,0.0,114,76.0
2026-07-13 08:01:54,115,8,10,0.0,115,76.67
2026-07-13 08:01:55,116,8,11,0.0,116,77.33
2026-07-13 08:01:56,117,8,12,0.0,117,78.0
2026-07-13 08:01:57,118,8,13,0.0,118,78.67
2026-07-13 08:01:58,119,9,0,0.0,119,79.33
2026-07-13 08:01:59,120,9,1,0.0,120,80.0
2026-07-13 08:02:00,121,9,2,0.0,121,80.67
2026-07-13 08:02:01,122,9,3,0.0,122,81.33
2026-07-13 08:02:02,123,9,4,0.0,123,82.0
2026-07-13 08:02:03,124,9,5,0.0,124,82.67
2026-07-13 08:02:04,125,9,6,0.0,125,83.33
2026-07-13 08:02:05,126,9,7,0.0,126,84.0
2026-07-13 08:02:06,127,9,8,0.0,127,84.67
2026-07-13 08:02:07,128,9,9,0.0,128,85.33
2026-07-13 08:02:08,129,9,10,0.0,129,86.0
2026-07-13 08:02:09,130,9,11,0.0,130,86.67
2026-07-13 08:02:10,131,9,12,0.0,131,87.33
2026-07-13 08:02:11,132,9,13,0.0,132,88.0
2026-07-13 08:02:12,133,10,0,0.0,133,88.67
2026-07-13 08:02:13,134,10,1,0.0,134,89.33
2026-07-13 08:02:14,135,10,2,0.0,135,90.0
2026-07-13 08:02:15,136,10,3,0.0,136,90.67
2026-07-13 08:02:16,137,10,4,0.0,137,91.33
2026-07-13 08:02:17,138,10,5,0.0,138,92.0
2026-07-13 08:02:18,139,10,6,0.0,139,92.67
2026-07-13 08:02:19,140,10,7,0.0,140,93.33
2026-07-13 08:02:20,141,10,8,0.0,141,94.0
2026-07-13 08:02:21,142,10,9,0.0,142,94.67
2026-07-13 08:02:22,143,10,10,0.0,143,95.33
2026-07-13 08:02:23,144,10,11,0.0,144,96.0
2026-07-13 08:02:24,145,11,0,0.0,145,96.67
2026-07-13 08:02:25,146,11,1,0.0,146,97.33
2026-07-13 08:02:26,147,11,2,0.0,147,98.0
2026-07-13 08:02:27,148,11,3,0.0,148,98.67
2026-07-13 08:02:28,149,11,4,0.0,149,99.33
2026-07-13 08:02:29,150,11,5,0.0,150,100.0
2026-07-13 08:02:30,151,11,6,0.0,150,100.0
2026-07-13 08:02:31,152,11,7,0.0,150,100.0
2026-07-13 08:02:32,153,11,8,0.0,150,100.0
2026-07-13 08:02:33,154,11,9,0.0,150,100.0
2026-07-13 08:02:34,155,11,10,0.0,150,100.0
2026-07-13 08:02:35,156,11,11,0.0,150,100.0
2026-07-13 08:02:36,157,11,12,0.0,150,100.0
2026-07-13 08:02:37,158,11,13,0.0,150,100.0
2026-07-13 08:02:38,159,11,14,0.0,150,100.0
2026-07-13 08:02:39,160,11,15,0.0,150,100.0
2026-07-13 08:02:40,161,12,0,96.08,150,100.0
2026-07-13 08:02:41,162,12,1,100.0,150,100.0
2026-07-13 08:02:42,163,12,2,100.0,150,100.0
2026-07-13 08:02:43,164,12,3,0.0,150,100.0
2026-07-13 08:02:44,165,12,4,0.0,150,100.0
2026-07-13 08:02:45,166,12,5,0.0,150,100.0
2026-07-13 08:02:46,167,12,6,0.0,150,100.0
2026-07-13 08:02:47,168,12,7,0.0,150,100.0
2026-07-13 08:02:48,169,12,8,0.0,150,100.0
2026-07-13 08:02:49,170,12,9,0.0,150,100.0
2026-07-13 08:02:50,171,12,10,0.0,150,100.0
2026-07-13 08:02:51,172,12,11,0.0,150,100.0
2026-07-13 08:02:52,173,12,12,0.0,150,100.0
2026-07-13 08:02:53,174,13,0,0.0,150,100.0
2026-07-13 08:02:54,175,13,1,23.61,150,100.0
2026-07-13 08:02:55,176,13,2,100.0,150,100.0
2026-07-13 08:02:56,177,13,3,100.0,150,100.0
2026-07-13 08:02:57,178,13,4,0.0,150,100.0
2026-07-13 08:02:58,179,13,5,0.0,150,100.0
2026-07-13 08:02:59,180,13,6,0.0,150,100.0
2026-07-13 08:03:00,181,13,7,0.0,150,100.0
2026-07-13 08:03:01,182,13,8,0.0,150,100.0
2026-07-13 08:03:02,183,13,9,0.0,150,100.0
2026-07-13 08:03:03,184,13,10,0.0,150,100.0
2026-07-13 08:03:04,185,13,11,0.0,150,100.0
2026-07-13 08:03:05,186,13,12,0.0,150,100.0
2026-07-13 08:03:06,187,13,13,0.0,150,100.0
2026-07-13 08:03:07,188,13,14,100.0,150,100.0
2026-07-13 08:03:08,189,14,0,100.0,150,100.0
2026-07-13 08:03:09,190,14,1,100.0,150,100.0
2026-07-13 08:03:10,191,14,2,100.0,150,100.0
2026-07-13 08:03:11,192,14,3,4.89,150,100.0
2026-07-13 08:03:12,193,14,4,0.0,150,100.0
2026-07-13 08:03:13,194,14,5,0.0,150,100.0
2026-07-13 08:03:14,195,14,6,0.0,150,100.0
2026-07-13 08:03:15,196,14,7,0.0,150,100.0
2026-07-13 08:03:16,197,14,8,0.0,150,100.0
2026-07-13 08:03:17,198,14,9,0.0,150,100.0
2026-07-13 08:03:18,199,14,10,0.0,150,100.0
2026-07-13 08:03:19,200,14,11,0.0,150,100.0
2026-07-13 08:03:20,201,14,12,0.0,150,100.0
2026-07-13 08:03:21,202,14,13,0.0,150,100.0
2026-07-13 08:03:22,203,15,0,0.0,150,100.0
2026-07-13 08:03:23,204,15,1,0.0,150,100.0
2026-07-13 08:03:24,205,15,2,0.0,150,100.0
2026-07-13 08:03:25,206,15,3,0.0,150,100.0
2026-07-13 08:03:26,207,15,4,0.0,150,100.0
2026-07-13 08:03:27,208,15,5,0.0,150,100.0
2026-07-13 08:03:28,209,15,6,0.0,150,100.0
2026-07-13 08:03:29,210,15,7,0.0,150,100.0
2026-07-13 08:03:30,211,15,8,0.0,150,100.0
2026-07-13 08:03:31,212,15,9,0.0,150,100.0
2026-07-13 08:03:32,213,15,10,0.0,150,100.0
2026-07-13 08:03:33,214,15,11,0.0,150,100.0
2026-07-13 08:03:34,215,15,12,0.0,150,100.0
2026-07-13 08:03:35,216,15,13,0.0,150,100.0
2026-07-13 08:03:36,217,16,0,72.2,150,100.0
2026-07-13 08:03:37,218,16,1,0.0,150,100.0
2026-07-13 08:03:38,219,16,2,0.0,150,100.0
2026-07-13 08:03:39,220,16,3,0.0,150,100.0
2026-07-13 08:03:40,221,16,4,0.0,150,100.0
2026-07-13 08:03:41,222,16,5,0.0,150,100.0
2026-07-13 08:03:42,223,16,6,0.0,150,100.0
2026-07-13 08:03:43,224,16,7,0.0,150,100.0
2026-07-13 08:03:44,225,16,8,0.0,150,100.0
2026-07-13 08:03:45,226,16,9,0.0,150,100.0
2026-07-13 08:03:46,227,16,10,0.0,150,100.0
2026-07-13 08:03:47,228,16,11,0.0,150,100.0
2026-07-13 08:03:48,229,16,12,0.0,150,100.0
2026-07-13 08:03:49,230,16,13,0.0,150,100.0
2026-07-13 08:03:50,231,17,0,14.61,150,100.0
2026-07-13 08:03:51,232,17,1,26.99,150,100.0
2026-07-13 08:03:52,233,17,2,0.0,150,100.0
2026-07-13 08:03:53,234,17,3,0.0,150,100.0
2026-07-13 08:03:54,235,17,4,0.0,150,100.0
2026-07-13 08:03:55,236,17,5,0.0,150,100.0
2026-07-13 08:03:56,237,17,6,0.0,150,100.0
2026-07-13 08:03:57,238,17,7,0.0,150,100.0
2026-07-13 08:03:58,239,17,8,0.0,150,100.0
2026-07-13 08:03:59,240,17,9,39.1,150,100.0
2026-07-13 08:04:00,241,17,10,48.94,150,100.0
2026-07-13 08:04:01,242,17,11,0.0,150,100.0
2026-07-13 08:04:02,243,18,0,0.0,150,100.0
2026-07-13 08:04:03,244,18,1,0.0,150,100.0
2026-07-13 08:04:04,245,18,2,15.78,150,100.0
2026-07-13 08:04:05,246,18,3,0.0,150,100.0
2026-07-13 08:04:06,247,18,4,0.0,150,100.0
2026-07-13 08:04:07,248,18,5,0.0,150,100.0
2026-07-13 08:04:08,249,18,6,0.0,150,100.0
2026-07-13 08:04:09,250,18,7,0.0,150,100.0
2026-07-13 08:04:10,251,18,8,0.0,150,100.0
2026-07-13 08:04:11,252,18,9,0.0,150,100.0
2026-07-13 08:04:12,253,18,10,0.0,150,100.0
2026-07-13 08:04:13,254,18,11,3.74,150,100.0
2026-07-13 08:04:14,255,18,12,13.9,150,100.0
2026-07-13 08:04:15,256,18,13,44.41,150,100.0
2026-07-13 08:04:16,257,19,0,32.38,150,100.0
2026-07-13 08:04:17,258,19,1,0.0,150,100.0
2026-07-13 08:04:18,259,19,2,0.0,150,100.0
2026-07-13 08:04:19,260,19,3,0.0,150,100.0
2026-07-13 08:04:20,261,19,4,0.0,150,100.0
2026-07-13 08:04:21,262,19,5,0.0,150,100.0
2026-07-13 08:04:22,263,19,6,0.0,150,100.0
2026-07-13 08:04:23,264,19,7,0.0,150,100.0
2026-07-13 08:04:24,265,19,8,0.0,150,100.0
2026-07-13 08:04:25,266,19,9,0.0,150,100.0
2026-07-13 08:04:26,267,19,10,0.0,150,100.0
2026-07-13 08:04:27,268,19,11,13.12,150,100.0
2026-07-13 08:04:28,269,19,12,55.33,150,100.0
2026-07-13 08:04:29,270,19,13,56.57,150,100.0
2026-07-13 08:04:30,271,19,14,0.0,150,100.0
2026-07-13 08:04:31,272,19,15,0.0,150,100.0
2026-07-13 08:04:32,273,20,0,19.82,150,100.0
2026-07-13 08:04:33,274,20,1,0.0,150,100.0
2026-07-13 08:04:34,275,20,2,0.0,150,100.0
2026-07-13 08:04:35,276,20,3,0.0,150,100.0
2026-07-13 08:04:36,277,20,4,0.0,150,100.0
2026-07-13 08:04:37,278,20,5,0.0,150,100.0
2026-07-13 08:04:38,279,20,6,0.0,150,100.0
2026-07-13 08:04:39,280,20,7,0.0,150,100.0
2026-07-13 08:04:40,281,20,8,0.0,150,100.0
2026-07-13 08:04:41,282,20,9,0.0,150,100.0
2026-07-13 08:04:42,283,20,10,33.92,150,100.0
2026-07-13 08:04:43,284,20,11,86.63,150,100.0
2026-07-13 08:04:44,285,21,0,100.0,150,100.0
2026-07-13 08:04:45,286,21,1,33.53,150,100.0
2026-07-13 08:04:46,287,21,2,2.21,150,100.0
2026-07-13 08:04:47,288,21,3,0.0,150,100.0
2026-07-13 08:04:48,289,21,4,0.0,150,100.0
2026-07-13 08:04:49,290,21,5,0.0,150,100.0
2026-07-13 08:04:50,291,21,6,0.0,150,100.0
2026-07-13 08:04:51,292,21,7,0.0,150,100.0
2026-07-13 08:04:52,293,21,8,0.0,150,100.0
2026-07-13 08:04:53,294,21,9,0.0,150,100.0
2026-07-13 08:04:54,295,21,10,0.0,150,100.0
2026-07-13 08:04:55,296,21,11,0.0,150,100.0
2026-07-13 08:04:56,297,21,12,0.0,150,100.0
2026-07-13 08:04:57,298,21,13,0.0,150,100.0
2026-07-13 08:04:58,299,21,14,0.0,150,100.0
2026-07-13 08:04:59,300,22,0,0.0,150,100.0
2026-07-13 08:05:00,301,22,1,0.0,150,100.0
2026-07-13 08:05:01,302,22,2,0.0,150,100.0
2026-07-13 08:05:02,303,22,3,0.0,150,100.0
2026-07-13 08:05:03,304,22,4,0.0,150,100.0
2026-07-13 08:05:04,305,22,5,0.0,150,100.0
2026-07-13 08:05:05,306,22,6,0.0,150,100.0
2026-07-13 08:05:06,307,22,7,0.0,150,100.0
2026-07-13 08:05:07,308,22,8,0.0,150,100.0
2026-07-13 08:05:08,309,22,9,0.0,150,100.0
2026-07-13 08:05:09,310,22,10,0.0,150,100.0
2026-07-13 08:05:10,311,22,11,0.0,150,100.0
2026-07-13 08:05:11,312,22,12,0.0,150,100.0
2026-07-13 08:05:12,313,22,13,0.0,150,100.0
2026-07-13 08:05:13,314,23,0,0.0,150,100.0
2026-07-13 08:05:14,315,23,1,0.0,150,100.0
2026-07-13 08:05:15,316,23,2,0.0,150,100.0
2026-07-13 08:05:16,317,23,3,0.0,150,100.0
2026-07-13 08:05:17,318,23,4,0.0,150,100.0
2026-07-13 08:05:18,319,23,5,0.0,150,100.0
2026-07-13 08:05:19,320,23,6,0.0,150,100.0
2026-07-13 08:05:20,321,23,7,0.0,150,100.0
2026-07-13 08:05:21,322,23,8,0.0,150,100.0
2026-07-13 08:05:22,323,23,9,0.0,150,100.0
2026-07-13 08:05:23,324,23,10,0.0,150,100.0
2026-07-13 08:05:24,325,23,11,0.0,150,100.0
2026-07-13 08:05:25,326,23,12,23.97,150,100.0
2026-07-13 08:05:26,327,23,13,30.26,150,100.0
2026-07-13 08:05:27,328,23,14,0.0,150,100.0
2026-07-13 08:05:28,329,24,0,0.0,150,100.0
2026-07-13 08:05:29,330,24,1,0.0,150,100.0
2026-07-13 08:05:30,331,24,2,71.36,150,100.0
2026-07-13 08:05:31,332,24,3,0.0,150,100.0
2026-07-13 08:05:32,333,24,4,0.0,150,100.0
2026-07-13 08:05:33,334,24,5,0.0,150,100.0
2026-07-13 08:05:34,335,24,6,0.0,150,100.0
2026-07-13 08:05:35,336,24,7,0.0,150,100.0
2026-07-13 08:05:36,337,24,8,0.0,150,100.0
2026-07-13 08:05:37,338,24,9,36.03,150,100.0
2026-07-13 08:05:38,339,24,10,55.75,150,100.0
2026-07-13 08:05:39,340,24,11,11.3,150,100.0
2026-07-13 08:05:40,341,24,12,0.0,150,100.0
2026-07-13 08:05:41,342,24,13,0.0,150,100.0
2026-07-13 08:05:42,343,25,0,0.0,150,100.0
2026-07-13 08:05:43,344,25,1,15.35,150,100.0
2026-07-13 08:05:44,345,25,2,100.0,150,100.0
2026-07-13 08:05:45,346,25,3,17.24,150,100.0
2026-07-13 08:05:46,347,25,4,0.0,150,100.0
2026-07-13 08:05:47,348,25,5,0.0,150,100.0
2026-07-13 08:05:48,349,25,6,0.0,150,100.0
2026-07-13 08:05:49,350,25,7,0.0,150,100.0
2026-07-13 08:05:50,351,25,8,0.0,150,100.0
2026-07-13 08:05:51,352,25,9,99.36,150,100.0
2026-07-13 08:05:52,353,25,10,100.0,150,100.0
2026-07-13 08:05:53,354,25,11,100.0,150,100.0
2026-07-13 08:05:54,355,25,12,20.76,150,100.0
2026-07-13 08:05:55,356,25,13,0.0,150,100.0
2026-07-13 08:05:56,357,25,14,0.0,150,100.0
2026-07-13 08:05:57,358,25,15,88.07,150,100.0
2026-07-13 08:05:58,359,26,0,100.0,150,100.0
2026-07-13 08:05:59,360,26,1,0.0,150,100.0
2026-07-13 08:06:00,361,26,2,0.0,150,100.0
2026-07-13 08:06:01,362,26,3,0.0,150,100.0
2026-07-13 08:06:02,363,26,4,0.0,150,100.0
2026-07-13 08:06:03,364,26,5,0.0,150,100.0
2026-07-13 08:06:04,365,26,6,0.0,150,100.0
2026-07-13 08:06:05,366,26,7,100.0,150,100.0
2026-07-13 08:06:06,367,26,8,100.0,150,100.0
2026-07-13 08:06:07,368,26,9,100.0,150,100.0
2026-07-13 08:06:08,369,26,10,93.66,150,100.0
2026-07-13 08:06:09,370,26,11,21.89,150,100.0
2026-07-13 08:06:10,371,26,12,22.33,150,100.0
2026-07-13 08:06:11,372,26,13,100.0,150,100.0
2026-07-13 08:06:12,373,27,0,100.0,150,100.0
2026-07-13 08:06:13,374,27,1,71.24,150,100.0
2026-07-13 08:06:14,375,27,2,0.0,150,100.0
2026-07-13 08:06:15,376,27,3,0.0,150,100.0
2026-07-13 08:06:16,377,27,4,0.0,150,100.0
2026-07-13 08:06:17,378,27,5,0.0,150,100.0
2026-07-13 08:06:18,379,27,6,0.0,150,100.0
2026-07-13 08:06:19,380,27,7,100.0,150,100.0
2026-07-13 08:06:20,381,27,8,100.0,150,100.0
2026-07-13 08:06:21,382,27,9,100.0,150,100.0
2026-07-13 08:06:22,383,27,10,40.95,150,100.0
2026-07-13 08:06:23,384,27,11,25.1,150,100.0
2026-07-13 08:06:24,385,27,12,92.89,150,100.0
2026-07-13 08:06:25,386,27,13,47.0,150,100.0
2026-07-13 08:06:26,387,27,14,0.0,150,100.0
2026-07-13 08:06:27,388,28,0,0.0,150,100.0
2026-07-13 08:06:28,389,28,1,0.0,150,100.0
2026-07-13 08:06:29,390,28,2,0.0,150,100.0
2026-07-13 08:06:30,391,28,3,0.0,150,100.0
2026-07-13 08:06:31,392,28,4,0.0,150,100.0
2026-07-13 08:06:32,393,28,5,0.0,150,100.0
2026-07-13 08:06:33,394,28,6,0.0,150,100.0
2026-07-13 08:06:34,395,28,7,46.48,150,100.0
2026-07-13 08:06:35,396,28,8,100.0,150,100.0
2026-07-13 08:06:36,397,28,9,56.69,150,100.0
2026-07-13 08:06:37,398,28,10,22.17,150,100.0
2026-07-13 08:06:38,399,28,11,0.0,150,100.0
2026-07-13 08:06:39,400,28,12,0.0,150,100.0
2026-07-13 08:06:40,401,28,13,0.0,150,100.0
2026-07-13 08:06:41,402,29,0,0.0,150,100.0
2026-07-13 08:06:42,403,29,1,21.84,150,100.0
2026-07-13 08:06:43,404,29,2,0.0,150,100.0
2026-07-13 08:06:44,405,29,3,0.0,150,100.0
2026-07-13 08:06:45,406,29,4,0.0,150,100.0
2026-07-13 08:06:46,407,29,5,39.66,150,100.0
2026-07-13 08:06:47,408,29,6,55.08,150,100.0
2026-07-13 08:06:48,409,29,7,25.8,150,100.0
2026-07-13 08:06:49,410,29,8,96.52,150,100.0
2026-07-13 08:06:50,411,29,9,100.0,150,100.0
2026-07-13 08:06:51,412,29,10,81.93,150,100.0
2026-07-13 08:06:52,413,29,11,99.45,150,100.0
2026-07-13 08:06:53,414,30,0,0.0,150,100.0
2026-07-13 08:06:54,415,30,1,83.45,150,100.0
2026-07-13 08:06:55,416,30,2,0.0,150,100.0
2026-07-13 08:06:56,417,30,3,0.0,150,100.0
2026-07-13 08:06:57,418,30,4,0.0,150,100.0
2026-07-13 08:06:58,419,30,5,0.0,150,100.0
2026-07-13 08:06:59,420,30,6,0.0,150,100.0
2026-07-13 08:07:00,421,30,7,0.0,150,100.0
2026-07-13 08:07:01,422,30,8,6.89,150,100.0
2026-07-13 08:07:02,423,30,9,52.58,150,100.0
2026-07-13 08:07:03,424,30,10,100.0,150,100.0
2026-07-13 08:07:04,425,30,11,100.0,150,100.0
2026-07-13 08:07:05,426,30,12,100.0,150,100.0
2026-07-13 08:07:06,427,30,13,100.0,150,100.0
2026-07-13 08:07:07,428,30,14,0.0,150,100.0
2026-07-13 08:07:08,429,30,15,0.0,150,100.0
2026-07-13 08:07:09,430,31,0,100.0,150,100.0
2026-07-13 08:07:10,431,31,1,89.17,150,100.0
2026-07-13 08:07:11,432,31,2,0.0,150,100.0
2026-07-13 08:07:12,433,31,3,0.0,150,100.0
2026-07-13 08:07:13,434,31,4,0.0,150,100.0
2026-07-13 08:07:14,435,31,5,0.0,150,100.0
2026-07-13 08:07:15,436,31,6,0.0,150,100.0
2026-07-13 08:07:16,437,31,7,0.0,150,100.0
2026-07-13 08:07:17,438,31,8,0.0,150,100.0
2026-07-13 08:07:18,439,31,9,0.0,150,100.0
2026-07-13 08:07:19,440,31,10,0.0,150,100.0
2026-07-13 08:07:20,441,31,11,0.0,150,100.0
2026-07-13 08:07:21,442,31,12,19.0,150,100.0
2026-07-13 08:07:22,443,31,13,0.0,150,100.0
2026-07-13 08:07:23,444,31,14,0.0,150,100.0
2026-07-13 08:07:24,445,31,15,0.0,150,100.0
2026-07-13 08:07:25,446,32,0,0.0,150,100.0
2026-07-13 08:07:26,447,32,1,0.0,150,100.0
2026-07-13 08:07:27,448,32,2,0.0,150,100.0
2026-07-13 08:07:28,449,32,3,0.0,150,100.0
2026-07-13 08:07:29,450,32,4,0.0,150,100.0
2026-07-13 08:07:30,451,32,5,0.0,150,100.0
2026-07-13 08:07:31,452,32,6,0.0,150,100.0
2026-07-13 08:07:32,453,32,7,0.0,150,100.0
2026-07-13 08:07:33,454,32,8,0.0,150,100.0
2026-07-13 08:07:34,455,32,9,0.0,150,100.0
2026-07-13 08:07:35,456,32,10,0.0,150,100.0
2026-07-13 08:07:36,457,32,11,0.0,150,100.0
2026-07-13 08:07:37,458,33,0,0.0,150,100.0
2026-07-13 08:07:38,459,33,1,0.0,150,100.0
2026-07-13 08:07:39,460,33,2,82.18,150,100.0
2026-07-13 08:07:40,461,33,3,3.51,150,100.0
2026-07-13 08:07:41,462,33,4,0.0,150,100.0
2026-07-13 08:07:42,463,33,5,0.0,150,100.0
2026-07-13 08:07:43,464,33,6,0.0,150,100.0
2026-07-13 08:07:44,465,33,7,0.0,150,100.0
2026-07-13 08:07:45,466,33,8,0.0,150,100.0
2026-07-13 08:07:46,467,33,9,0.0,150,100.0
2026-07-13 08:07:47,468,33,10,0.0,150,100.0
2026-07-13 08:07:48,469,33,11,0.0,150,100.0
2026-07-13 08:07:49,470,34,0,0.0,150,100.0
2026-07-13 08:07:50,471,34,1,0.0,150,100.0
2026-07-13 08:07:51,472,34,2,0.0,150,100.0
2026-07-13 08:07:52,473,34,3,0.0,150,100.0
2026-07-13 08:07:53,474,34,4,0.0,150,100.0
2026-07-13 08:07:54,475,34,5,0.0,150,100.0
2026-07-13 08:07:55,476,34,6,0.0,150,100.0
2026-07-13 08:07:56,477,34,7,0.0,150,100.0
2026-07-13 08:07:57,478,34,8,0.0,150,100.0
2026-07-13 08:07:58,479,34,9,0.0,150,100.0
2026-07-13 08:07:59,480,34,10,0.0,150,100.0
2026-07-13 08:08:00,481,34,11,0.0,150,100.0
2026-07-13 08:08:01,482,34,12,0.0,150,100.0
2026-07-13 08:08:02,483,34,13,0.0,150,100.0
2026-07-13 08:08:03,484,34,14,0.0,150,100.0
2026-07-13 08:08:04,485,35,0,0.0,150,100.0
2026-07-13 08:08:05,486,35,1,0.0,150,100.0
2026-07-13 08:08:06,487,35,2,0.0,150,100.0
2026-07-13 08:08:07,488,35,3,0.0,150,100.0
2026-07-13 08:08:08,489,35,4,0.0,150,100.0
2026-07-13 08:08:09,490,35,5,0.0,150,100.0
2026-07-13 08:08:10,491,35,6,0.0,150,100.0
2026-07-13 08:08:11,492,35,7,0.0,150,100.0
2026-07-13 08:08:12,493,35,8,0.0,150,100.0
2026-07-13 08:08:13,494,35,9,0.0,150,100.0
2026-07-13 08:08:14,495,35,10,0.0,150,100.0
2026-07-13 08:08:15,496,35,11,0.0,150,100.0
2026-07-13 08:08:16,497,35,12,0.0,150,100.0
2026-07-13 08:08:17,498,35,13,0.0,150,100.0
2026-07-13 08:08:18,499,36,0,0.0,150,100.0
2026-07-13 08:08:19,500,36,1,0.0,150,100.0
2026-07-13 08:08:20,501,36,2,0.0,150,100.0
2026-07-13 08:08:21,502,36,3,0.0,150,100.0
2026-07-13 08:08:22,503,36,4,0.0,150,100.0
2026-07-13 08:08:23,504,36,5,0.0,150,100.0
2026-07-13 08:08:24,505,36,6,0.0,150,100.0
2026-07-13 08:08:25,506,36,7,0.0,150,100.0
2026-07-13 08:08:26,507,36,8,0.0,150,100.0
2026-07-13 08:08:27,508,36,9,0.0,150,100.0
2026-07-13 08:08:28,509,36,10,0.0,150,100.0
2026-07-13 08:08:29,510,36,11,0.0,150,100.0
2026-07-13 08:08:30,511,36,12,0.0,150,100.0
2026-07-13 08:08:31,512,37,0,0.0,150,100.0
2026-07-13 08:08:32,513,37,1,0.0,150,100.0
2026-07-13 08:08:33,514,37,2,0.0,150,100.0
2026-07-13 08:08:34,515,37,3,0.0,150,100.0
2026-07-13 08:08:35,516,37,4,0.0,150,100.0
2026-07-13 08:08:36,517,37,5,0.0,150,100.0
2026-07-13 08:08:37,518,37,6,0.0,150,100.0
2026-07-13 08:08:38,519,37,7,0.0,150,100.0
2026-07-13 08:08:39,520,37,8,0.0,150,100.0
2026-07-13 08:08:40,521,37,9,0.0,150,100.0
2026-07-13 08:08:41,522,37,10,0.0,150,100.0
2026-07-13 08:08:42,523,37,11,0.0,150,100.0
2026-07-13 08:08:43,524,37,12,0.0,150,100.0
2026-07-13 08:08:44,525,37,13,0.0,150,100.0
2026-07-13 08:08:45,526,37,14,0.0,150,100.0
2026-07-13 08:08:46,527,37,15,0.0,150,100.0
2026-07-13 08:08:47,528,38,0,0.0,150,100.0
2026-07-13 08:08:48,529,38,1,0.0,150,100.0
2026-07-13 08:08:49,530,38,2,0.0,150,100.0
2026-07-13 08:08:50,531,38,3,0.0,150,100.0
2026-07-13 08:08:51,532,38,4,0.0,150,100.0
2026-07-13 08:08:52,533,38,5,0.0,150,100.0
2026-07-13 08:08:53,534,38,6,0.0,150,100.0
2026-07-13 08:08:54,535,38,7,0.0,150,100.0
2026-07-13 08:08:55,536,38,8,0.0,150,100.0
2026-07-13 08:08:56,537,38,9,4.89,150,100.0
2026-07-13 08:08:57,538,38,10,32.08,150,100.0
2026-07-13 08:08:58,539,38,11,0.0,150,100.0
2026-07-13 08:08:59,540,38,12,0.0,150,100.0
2026-07-13 08:09:00,541,38,13,0.0,150,100.0
2026-07-13 08:09:01,542,38,14,0.0,150,100.0
2026-07-13 08:09:02,543,39,0,0.0,150,100.0
2026-07-13 08:09:03,544,39,1,25.05,150,100.0
2026-07-13 08:09:04,545,39,2,0.0,150,100.0
2026-07-13 08:09:05,546,39,3,0.0,150,100.0
2026-07-13 08:09:06,547,39,4,0.0,150,100.0
2026-07-13 08:09:07,548,39,5,0.0,150,100.0
2026-07-13 08:09:08,549,39,6,0.0,150,100.0
2026-07-13 08:09:09,550,39,7,0.0,150,100.0
2026-07-13 08:09:10,551,39,8,1.81,150,100.0
2026-07-13 08:09:11,552,39,9,6.76,150,100.0
2026-07-13 08:09:12,553,39,10,0.0,150,100.0
2026-07-13 08:09:13,554,39,11,0.0,150,100.0
2026-07-13 08:09:14,555,39,12,0.0,150,100.0
2026-07-13 08:09:15,556,39,13,0.0,150,100.0
2026-07-13 08:09:16,557,39,14,0.0,150,100.0
2026-07-13 08:09:17,558,40,0,0.0,150,100.0
2026-07-13 08:09:18,559,40,1,0.0,150,100.0
2026-07-13 08:09:19,560,40,2,0.0,150,100.0
2026-07-13 08:09:20,561,40,3,0.0,150,100.0
2026-07-13 08:09:21,562,40,4,0.0,150,100.0
2026-07-13 08:09:22,563,40,5,4.96,150,100.0
2026-07-13 08:09:23,564,40,6,3.71,150,100.0
2026-07-13 08:09:24,565,40,7,25.13,150,100.0
2026-07-13 08:09:25,566,40,8,49.24,150,100.0
2026-07-13 08:09:26,567,40,9,0.0,150,100.0
2026-07-13 08:09:27,568,40,10,0.0,150,100.0
2026-07-13 08:09:28,569,40,11,0.0,150,100.0
2026-07-13 08:09:29,570,40,12,6.05,150,100.0
2026-07-13 08:09:30,571,40,13,0.0,150,100.0
2026-07-13 08:09:31,572,41,0,0.0,150,100.0
2026-07-13 08:09:32,573,41,1,31.52,150,100.0
2026-07-13 08:09:33,574,41,2,0.0,150,100.0
2026-07-13 08:09:34,575,41,3,0.0,150,100.0
2026-07-13 08:09:35,576,41,4,0.0,150,100.0
2026-07-13 08:09:36,577,41,5,0.0,150,100.0
2026-07-13 08:09:37,578,41,6,0.0,150,100.0
2026-07-13 08:09:38,579,41,7,76.82,150,100.0
2026-07-13 08:09:39,580,41,8,100.0,150,100.0
2026-07-13 08:09:40,581,41,9,100.0,150,100.0
2026-07-13 08:09:41,582,41,10,100.0,150,100.0
2026-07-13 08:09:42,583,41,11,81.35,150,100.0
2026-07-13 08:09:43,584,41,12,0.0,150,100.0
2026-07-13 08:09:44,585,41,13,0.0,150,100.0
2026-07-13 08:09:45,586,41,14,100.0,150,100.0
2026-07-13 08:09:46,587,41,15,100.0,150,100.0
2026-07-13 08:09:47,588,41,16,100.0,150,100.0
2026-07-13 08:09:48,589,42,0,94.91,150,100.0
2026-07-13 08:09:49,590,42,1,0.0,150,100.0
2026-07-13 08:09:50,591,42,2,0.0,150,100.0
2026-07-13 08:09:51,592,42,3,0.0,150,100.0
2026-07-13 08:09:52,593,42,4,0.0,150,100.0
2026-07-13 08:09:53,594,42,5,0.0,150,100.0
2026-07-13 08:09:54,595,42,6,100.0,150,100.0
2026-07-13 08:09:55,596,42,7,100.0,150,100.0
2026-07-13 08:09:56,597,42,8,100.0,150,100.0
2026-07-13 08:09:57,598,42,9,100.0,150,100.0
2026-07-13 08:09:58,599,42,10,67.03,150,100.0
2026-07-13 08:09:59,600,42,11,100.0,150,100.0
2026-07-13 08:10:00,601,42,12,100.0,150,100.0
2026-07-13 08:10:01,602,42,13,0.0,150,100.0
2026-07-13 08:10:02,603,42,14,0.0,150,100.0
2026-07-13 08:10:03,604,42,15,0.0,150,100.0
2026-07-13 08:10:04,605,43,0,0.0,150,100.0
2026-07-13 08:10:05,606,43,1,0.0,150,100.0
2026-07-13 08:10:06,607,43,2,55.17,150,100.0
2026-07-13 08:10:07,608,43,3,82.9,150,100.0
2026-07-13 08:10:08,609,43,4,100.0,150,100.0
2026-07-13 08:10:09,610,43,5,100.0,150,100.0
2026-07-13 08:10:10,611,43,6,100.0,150,100.0
2026-07-13 08:10:11,612,43,7,100.0,150,100.0
2026-07-13 08:10:12,613,43,8,0.0,150,100.0
2026-07-13 08:10:13,614,43,9,0.0,150,100.0
2026-07-13 08:10:14,615,43,10,0.0,150,100.0
2026-07-13 08:10:15,616,43,11,43.47,150,100.0
2026-07-13 08:10:16,617,43,12,12.36,150,100.0
2026-07-13 08:10:17,618,44,0,0.0,150,100.0
2026-07-13 08:10:18,619,44,1,0.0,150,100.0
2026-07-13 08:10:19,620,44,2,0.0,150,100.0
2026-07-13 08:10:20,621,44,3,0.0,150,100.0
2026-07-13 08:10:21,622,44,4,0.0,150,100.0
2026-07-13 08:10:22,623,44,5,0.0,150,100.0
2026-07-13 08:10:23,624,44,6,0.0,150,100.0
2026-07-13 08:10:24,625,44,7,0.0,150,100.0
2026-07-13 08:10:25,626,44,8,0.0,150,100.0
2026-07-13 08:10:26,627,44,9,0.0,150,100.0
2026-07-13 08:10:27,628,44,10,0.0,150,100.0
2026-07-13 08:10:28,629,44,11,0.0,150,100.0
2026-07-13 08:10:29,630,44,12,0.0,150,100.0
2026-07-13 08:10:30,631,44,13,1.31,150,100.0
2026-07-13 08:10:31,632,45,0,0.0,150,100.0
2026-07-13 08:10:32,633,45,1,0.0,150,100.0
2026-07-13 08:10:33,634,45,2,0.0,150,100.0
2026-07-13 08:10:34,635,45,3,0.0,150,100.0
2026-07-13 08:10:35,636,45,4,0.0,150,100.0
2026-07-13 08:10:36,637,45,5,0.0,150,100.0
2026-07-13 08:10:37,638,45,6,0.0,150,100.0
2026-07-13 08:10:38,639,45,7,0.0,150,100.0
2026-07-13 08:10:39,640,45,8,0.0,150,100.0
2026-07-13 08:10:40,641,45,9,0.0,150,100.0
2026-07-13 08:10:41,642,45,10,0.0,150,100.0
2026-07-13 08:10:42,643,45,11,0.0,150,100.0
2026-07-13 08:10:43,644,45,12,0.0,150,100.0
2026-07-13 08:10:44,645,45,13,88.73,150,100.0
2026-07-13 08:10:45,646,45,14,61.42,150,100.0
2026-07-13 08:10:46,647,45,15,0.0,150,100.0
2026-07-13 08:10:47,648,46,0,0.0,150,100.0
2026-07-13 08:10:48,649,46,1,0.0,150,100.0
2026-07-13 08:10:49,650,46,2,0.0,150,100.0
2026-07-13 08:10:50,651,46,3,0.0,150,100.0
2026-07-13 08:10:51,652,46,4,0.0,150,100.0
2026-07-13 08:10:52,653,46,5,0.0,150,100.0
2026-07-13 08:10:53,654,46,6,0.0,150,100.0
2026-07-13 08:10:54,655,46,7,0.0,150,100.0
2026-07-13 08:10:55,656,46,8,0.0,150,100.0
2026-07-13 08:10:56,657,46,9,0.0,150,100.0
2026-07-13 08:10:57,658,46,10,0.0,150,100.0
2026-07-13 08:10:58,659,46,11,100.0,150,100.0
2026-07-13 08:10:59,660,46,12,100.0,150,100.0
2026-07-13 08:11:00,661,46,13,0.0,150,100.0
2026-07-13 08:11:01,662,47,0,0.0,150,100.0
2026-07-13 08:11:02,663,47,1,0.0,150,100.0
2026-07-13 08:11:03,664,47,2,0.0,150,100.0
2026-07-13 08:11:04,665,47,3,0.0,150,100.0
2026-07-13 08:11:05,666,47,4,0.0,150,100.0
2026-07-13 08:11:06,667,47,5,0.0,150,100.0
2026-07-13 08:11:07,668,47,6,0.0,150,100.0
2026-07-13 08:11:08,669,47,7,0.0,150,100.0
2026-07-13 08:11:09,670,47,8,0.0,150,100.0
2026-07-13 08:11:10,671,47,9,0.0,150,100.0
2026-07-13 08:11:11,672,47,10,0.0,150,100.0
2026-07-13 08:11:12,673,47,11,0.0,150,100.0
2026-07-13 08:11:13,674,47,12,0.0,150,100.0
2026-07-13 08:11:14,675,47,13,100.0,150,100.0
2026-07-13 08:11:15,676,47,14,0.0,150,100.0
2026-07-13 08:11:16,677,48,0,0.0,150,100.0
2026-07-13 08:11:17,678,48,1,0.0,150,100.0
2026-07-13 08:11:18,679,48,2,0.0,150,100.0
2026-07-13 08:11:19,680,48,3,0.0,150,100.0
2026-07-13 08:11:20,681,48,4,0.0,150,100.0
2026-07-13 08:11:21,682,48,5,0.0,150,100.0
2026-07-13 08:11:22,683,48,6,0.0,150,100.0
2026-07-13 08:11:23,684,48,7,0.0,150,100.0
2026-07-13 08:11:24,685,48,8,0.0,150,100.0
2026-07-13 08:11:25,686,48,9,39.56,150,100.0
2026-07-13 08:11:26,687,48,10,0.0,150,100.0
2026-07-13 08:11:27,688,48,11,0.0,150,100.0
2026-07-13 08:11:28,689,48,12,0.0,150,100.0
2026-07-13 08:11:29,690,49,0,100.0,150,100.0
2026-07-13 08:11:30,691,49,1,0.0,150,100.0
2026-07-13 08:11:31,692,49,2,0.0,150,100.0
2026-07-13 08:11:32,693,49,3,0.0,150,100.0
2026-07-13 08:11:33,694,49,4,0.0,150,100.0
2026-07-13 08:11:34,695,49,5,0.0,150,100.0
2026-07-13 08:11:35,696,49,6,0.0,150,100.0
2026-07-13 08:11:36,697,49,7,0.0,150,100.0
2026-07-13 08:11:37,698,49,8,0.0,150,100.0
2026-07-13 08:11:38,699,49,9,0.0,150,100.0
2026-07-13 08:11:39,700,49,10,0.0,150,100.0
2026-07-13 08:11:40,701,49,11,0.0,150,100.0
2026-07-13 08:11:41,702,49,12,0.0,150,100.0
2026-07-13 08:11:42,703,49,13,0.0,150,100.0
2026-07-13 08:11:43,704,49,14,100.0,150,100.0
2026-07-13 08:11:44,705,49,15,100.0,150,100.0
2026-07-13 08:11:45,706,50,0,0.0,150,100.0
2026-07-13 08:11:46,707,50,1,0.0,150,100.0
2026-07-13 08:11:47,708,50,2,0.0,150,100.0
2026-07-13 08:11:48,709,50,3,0.0,150,100.0
2026-07-13 08:11:49,710,50,4,0.0,150,100.0
2026-07-13 08:11:50,711,50,5,0.0,150,100.0
2026-07-13 08:11:51,712,50,6,0.0,150,100.0
2026-07-13 08:11:52,713,50,7,0.0,150,100.0
2026-07-13 08:11:53,714,50,8,0.0,150,100.0
2026-07-13 08:11:54,715,50,9,0.0,150,100.0
2026-07-13 08:11:55,716,50,10,0.0,150,100.0
2026-07-13 08:11:56,717,50,11,0.0,150,100.0
2026-07-13 08:11:57,718,50,12,0.0,150,100.0
2026-07-13 08:11:58,719,50,13,100.0,150,100.0
2026-07-13 08:11:59,720,50,14,29.7,150,100.0
2026-07-13 08:12:00,721,51,0,0.0,150,100.0
2026-07-13 08:12:01,722,51,1,0.0,150,100.0
2026-07-13 08:12:02,723,51,2,0.0,150,100.0
2026-07-13 08:12:03,724,51,3,0.0,150,100.0
2026-07-13 08:12:04,725,51,4,0.0,150,100.0
2026-07-13 08:12:05,726,51,5,0.0,150,100.0
2026-07-13 08:12:06,727,51,6,0.0,150,100.0
2026-07-13 08:12:07,728,51,7,0.0,150,100.0
2026-07-13 08:12:08,729,51,8,0.0,150,100.0
2026-07-13 08:12:09,730,51,9,0.0,150,100.0
2026-07-13 08:12:10,731,51,10,0.0,150,100.0
2026-07-13 08:12:11,732,51,11,0.0,150,100.0
2026-07-13 08:12:12,733,51,12,0.0,150,100.0
2026-07-13 08:12:13,734,52,0,0.0,150,100.0
2026-07-13 08:12:14,735,52,1,0.0,150,100.0
2026-07-13 08:12:15,736,52,2,0.0,150,100.0
2026-07-13 08:12:16,737,52,3,0.0,150,100.0
2026-07-13 08:12:17,738,52,4,0.0,150,100.0
2026-07-13 08:12:18,739,52,5,0.0,150,100.0
2026-07-13 08:12:19,740,52,6,0.0,150,100.0
2026-07-13 08:12:20,741,52,7,0.0,150,100.0
2026-07-13 08:12:21,742,52,8,0.0,150,100.0
2026-07-13 08:12:22,743,52,9,0.0,150,100.0
2026-07-13 08:12:23,744,52,10,0.0,150,100.0
2026-07-13 08:12:24,745,52,11,0.0,150,100.0
2026-07-13 08:12:25,746,52,12,0.0,150,100.0
2026-07-13 08:12:26,747,52,13,19.43,150,100.0
2026-07-13 08:12:27,748,52,14,0.0,150,100.0
2026-07-13 08:12:28,749,53,0,0.0,150,100.0
2026-07-13 08:12:29,750,53,1,0.0,150,100.0
2026-07-13 08:12:30,751,53,2,0.0,150,100.0
2026-07-13 08:12:31,752,53,3,0.0,150,100.0
2026-07-13 08:12:32,753,53,4,0.0,150,100.0
2026-07-13 08:12:33,754,53,5,0.0,150,100.0
2026-07-13 08:12:34,755,53,6,0.0,150,100.0
2026-07-13 08:12:35,756,53,7,0.0,150,100.0
2026-07-13 08:12:36,757,53,8,0.0,150,100.0
2026-07-13 08:12:37,758,53,9,0.0,150,100.0
2026-07-13 08:12:38,759,53,10,0.0,150,100.0
2026-07-13 08:12:39,760,53,11,0.0,150,100.0
2026-07-13 08:12:40,761,53,12,67.76,150,100.0
2026-07-13 08:12:41,762,53,13,0.0,150,100.0
2026-07-13 08:12:42,763,54,0,0.0,150,100.0
2026-07-13 08:12:43,764,54,1,0.0,150,100.0
2026-07-13 08:12:44,765,54,2,0.0,150,100.0
2026-07-13 08:12:45,766,54,3,0.0,150,100.0
2026-07-13 08:12:46,767,54,4,0.0,150,100.0
2026-07-13 08:12:47,768,54,5,0.0,150,100.0
2026-07-13 08:12:48,769,54,6,0.0,150,100.0
2026-07-13 08:12:49,770,54,7,0.0,150,100.0
2026-07-13 08:12:50,771,54,8,0.0,150,100.0
2026-07-13 08:12:51,772,54,9,0.0,150,100.0
2026-07-13 08:12:52,773,54,10,0.0,150,100.0
2026-07-13 08:12:53,774,54,11,0.0,150,100.0
2026-07-13 08:12:54,775,54,12,0.0,150,100.0
2026-07-13 08:12:55,776,54,13,0.0,150,100.0
2026-07-13 08:12:56,777,54,14,0.0,150,100.0
2026-07-13 08:12:57,778,55,0,100.0,150,100.0
2026-07-13 08:12:58,779,55,1,68.55,150,100.0
2026-07-13 08:12:59,780,55,2,0.0,150,100.0
2026-07-13 08:13:00,781,55,3,0.0,150,100.0
2026-07-13 08:13:01,782,55,4,0.0,150,100.0
2026-07-13 08:13:02,783,55,5,0.0,150,100.0
2026-07-13 08:13:03,784,55,6,0.0,150,100.0
2026-07-13 08:13:04,785,55,7,0.0,150,100.0
2026-07-13 08:13:05,786,55,8,0.0,150,100.0
2026-07-13 08:13:06,787,55,9,0.0,150,100.0
2026-07-13 08:13:07,788,55,10,0.0,150,100.0
2026-07-13 08:13:08,789,55,11,0.0,150,100.0
2026-07-13 08:13:09,790,55,12,0.0,150,100.0
2026-07-13 08:13:10,791,56,0,0.0,150,100.0
2026-07-13 08:13:11,792,56,1,0.0,150,100.0
2026-07-13 08:13:12,793,56,2,0.0,150,100.0
2026-07-13 08:13:13,794,56,3,0.0,150,100.0
2026-07-13 08:13:14,795,56,4,0.0,150,100.0
2026-07-13 08:13:15,796,56,5,0.0,150,100.0
2026-07-13 08:13:16,797,56,6,0.0,150,100.0
2026-07-13 08:13:17,798,56,7,0.0,150,100.0
2026-07-13 08:13:18,799,56,8,0.0,150,100.0
2026-07-13 08:13:19,800,56,9,0.0,150,100.0
2026-07-13 08:13:20,801,56,10,0.0,150,100.0
2026-07-13 08:13:21,802,56,11,0.0,150,100.0
2026-07-13 08:13:22,803,56,12,0.0,150,100.0
2026-07-13 08:13:23,804,56,13,0.0,150,100.0
2026-07-13 08:13:24,805,57,0,0.0,150,100.0
2026-07-13 08:13:25,806,57,1,0.0,150,100.0
2026-07-13 08:13:26,807,57,2,0.0,150,100.0
2026-07-13 08:13:27,808,57,3,0.0,150,100.0
2026-07-13 08:13:28,809,57,4,0.0,150,100.0
2026-07-13 08:13:29,810,57,5,0.0,150,100.0
2026-07-13 08:13:30,811,57,6,0.0,150,100.0
2026-07-13 08:13:31,812,57,7,0.0,150,100.0
2026-07-13 08:13:32,813,57,8,0.0,150,100.0
2026-07-13 08:13:33,814,57,9,0.0,150,100.0
2026-07-13 08:13:34,815,57,10,0.0,150,100.0
2026-07-13 08:13:35,816,57,11,0.0,150,100.0
2026-07-13 08:13:36,817,57,12,0.0,150,100.0
2026-07-13 08:13:37,818,57,13,0.0,150,100.0
2026-07-13 08:13:38,819,57,14,0.0,150,100.0
2026-07-13 08:13:39,820,57,15,0.0,150,100.0
2026-07-13 08:13:40,821,58,0,0.0,150,100.0
2026-07-13 08:13:41,822,58,1,0.0,150,100.0
2026-07-13 08:13:42,823,58,2,0.0,150,100.0
2026-07-13 08:13:43,824,58,3,0.0,150,100.0
2026-07-13 08:13:44,825,58,4,0.0,150,100.0
2026-07-13 08:13:45,826,58,5,0.0,150,100.0
2026-07-13 08:13:46,827,58,6,0.0,150,100.0
2026-07-13 08:13:47,828,58,7,0.0,150,100.0
2026-07-13 08:13:48,829,58,8,0.0,150,100.0
2026-07-13 08:13:49,830,58,9,0.0,150,100.0
2026-07-13 08:13:50,831,58,10,0.0,150,100.0
2026-07-13 08:13:51,832,58,11,0.0,150,100.0
2026-07-13 08:13:52,833,58,12,0.0,150,100.0
2026-07-13 08:13:53,834,58,13,0.0,150,100.0
2026-07-13 08:13:54,835,59,0,0.0,150,100.0
2026-07-13 08:13:55,836,59,1,0.0,150,100.0
2026-07-13 08:13:56,837,59,2,0.0,150,100.0
2026-07-13 08:13:57,838,59,3,0.0,150,100.0
2026-07-13 08:13:58,839,59,4,0.0,150,100.0
2026-07-13 08:13:59,840,59,5,0.0,150,100.0
2026-07-13 08:14:00,841,59,6,0.0,150,100.0
2026-07-13 08:14:01,842,59,7,0.0,150,100.0
2026-07-13 08:14:02,843,59,8,0.0,150,100.0
2026-07-13 08:14:03,844,59,9,0.0,150,100.0
2026-07-13 08:14:04,845,59,10,0.0,150,100.0
2026-07-13 08:14:05,846,59,11,0.0,150,100.0
2026-07-13 08:14:06,847,59,12,0.0,150,100.0
2026-07-13 08:14:07,848,60,0,0.0,150,100.0
2026-07-13 08:14:08,849,60,1,0.0,150,100.0
2026-07-13 08:14:09,850,60,2,0.0,150,100.0
2026-07-13 08:14:10,851,60,3,0.0,150,100.0
2026-07-13 08:14:11,852,60,4,0.0,150,100.0
2026-07-13 08:14:12,853,60,5,0.0,150,100.0
2026-07-13 08:14:13,854,60,6,0.0,150,100.0
2026-07-13 08:14:14,855,60,7,0.0,150,100.0
2026-07-13 08:14:15,856,60,8,0.0,150,100.0
2026-07-13 08:14:16,857,60,9,62.46,150,100.0
2026-07-13 08:14:17,858,60,10,60.26,150,100.0
2026-07-13 08:14:18,859,60,11,36.9,150,100.0
2026-07-13 08:14:19,860,60,12,14.31,150,100.0
2026-07-13 08:14:20,861,60,13,9.92,150,100.0
2026-07-13 08:14:21,862,60,14,46.91,150,100.0
2026-07-13 08:14:22,863,60,15,0.0,150,100.0
2026-07-13 08:14:23,864,60,16,46.84,150,100.0
2026-07-13 08:14:24,865,61,0,0.0,150,100.0
2026-07-13 08:14:25,866,61,1,0.0,150,100.0
2026-07-13 08:14:26,867,61,2,0.0,150,100.0
2026-07-13 08:14:27,868,61,3,0.0,150,100.0
2026-07-13 08:14:28,869,61,4,0.0,150,100.0
2026-07-13 08:14:29,870,61,5,0.0,150,100.0
2026-07-13 08:14:30,871,61,6,0.0,150,100.0
2026-07-13 08:14:31,872,61,7,0.0,150,100.0
2026-07-13 08:14:32,873,61,8,0.0,150,100.0
2026-07-13 08:14:33,874,61,9,0.0,150,100.0
2026-07-13 08:14:34,875,61,10,0.0,150,100.0
2026-07-13 08:14:35,876,61,11,0.0,150,100.0
2026-07-13 08:14:36,877,62,0,0.0,150,100.0
2026-07-13 08:14:37,878,62,1,0.0,150,100.0
2026-07-13 08:14:38,879,62,2,0.0,150,100.0
2026-07-13 08:14:39,880,62,3,0.0,150,100.0
2026-07-13 08:14:40,881,62,4,0.0,150,100.0
2026-07-13 08:14:41,882,62,5,0.0,150,100.0
2026-07-13 08:14:42,883,62,6,0.0,150,100.0
2026-07-13 08:14:43,884,62,7,0.0,150,100.0
2026-07-13 08:14:44,885,62,8,0.0,150,100.0
2026-07-13 08:14:45,886,62,9,0.0,150,100.0
2026-07-13 08:14:46,887,62,10,0.0,150,100.0
2026-07-13 08:14:47,888,62,11,0.0,150,100.0
2026-07-13 08:14:48,889,62,12,0.0,150,100.0
2026-07-13 08:14:49,890,63,0,1.15,150,100.0
2026-07-13 08:14:50,891,63,1,0.0,150,100.0
2026-07-13 08:14:51,892,63,2,0.0,150,100.0
2026-07-13 08:14:52,893,63,3,0.0,150,100.0
2026-07-13 08:14:53,894,63,4,0.0,150,100.0
2026-07-13 08:14:54,895,63,5,0.0,150,100.0
2026-07-13 08:14:55,896,63,6,0.0,150,100.0
2026-07-13 08:14:56,897,63,7,0.0,150,100.0
2026-07-13 08:14:57,898,63,8,0.0,150,100.0
2026-07-13 08:14:58,899,63,9,0.0,150,100.0
2026-07-13 08:14:59,900,63,10,0.0,150,100.0
2026-07-13 08:15:00,901,63,11,0.0,150,100.0
2026-07-13 08:15:01,902,63,12,0.0,150,100.0
2026-07-13 08:15:02,903,63,13,0.0,150,100.0
2026-07-13 08:15:03,904,63,14,0.0,150,100.0
2026-07-13 08:15:04,905,64,0,0.0,150,100.0
2026-07-13 08:15:05,906,64,1,0.0,150,100.0
2026-07-13 08:15:06,907,64,2,0.0,150,100.0
2026-07-13 08:15:07,908,64,3,0.0,150,100.0
2026-07-13 08:15:08,909,64,4,0.0,150,100.0
2026-07-13 08:15:09,910,64,5,0.0,150,100.0
2026-07-13 08:15:10,911,64,6,0.0,150,100.0
2026-07-13 08:15:11,912,64,7,0.0,150,100.0
2026-07-13 08:15:12,913,64,8,0.0,150,100.0
2026-07-13 08:15:13,914,64,9,0.0,150,100.0
2026-07-13 08:15:14,915,64,10,0.0,150,100.0
2026-07-13 08:15:15,916,64,11,0.0,150,100.0
2026-07-13 08:15:16,917,64,12,0.0,150,100.0
2026-07-13 08:15:17,918,64,13,0.0,150,100.0
2026-07-13 08:15:18,919,65,0,3.44,150,100.0
2026-07-13 08:15:19,920,65,1,0.0,150,100.0
2026-07-13 08:15:20,921,65,2,0.0,150,100.0
2026-07-13 08:15:21,922,65,3,0.0,150,100.0
2026-07-13 08:15:22,923,65,4,0.0,150,100.0
2026-07-13 08:15:23,924,65,5,0.0,150,100.0
2026-07-13 08:15:24,925,65,6,0.0,150,100.0
2026-07-13 08:15:25,926,65,7,0.0,150,100.0
2026-07-13 08:15:26,927,65,8,0.0,150,100.0
2026-07-13 08:15:27,928,65,9,0.0,150,100.0
2026-07-13 08:15:28,929,65,10,0.0,150,100.0
2026-07-13 08:15:29,930,65,11,0.0,150,100.0
2026-07-13 08:15:30,931,65,12,0.0,150,100.0
2026-07-13 08:15:31,932,65,13,0.0,150,100.0
2026-07-13 08:15:32,933,65,14,0.0,150,100.0
2026-07-13 08:15:33,934,65,15,0.0,150,100.0
2026-07-13 08:15:34,935,66,0,0.0,150,100.0
2026-07-13 08:15:35,936,66,1,0.0,150,100.0
2026-07-13 08:15:36,937,66,2,0.0,150,100.0
2026-07-13 08:15:37,938,66,3,0.0,150,100.0
2026-07-13 08:15:38,939,66,4,0.0,150,100.0
2026-07-13 08:15:39,940,66,5,0.0,150,100.0
2026-07-13 08:15:40,941,66,6,0.0,150,100.0
2026-07-13 08:15:41,942,66,7,0.0,150,100.0
2026-07-13 08:15:42,943,66,8,0.0,150,100.0
2026-07-13 08:15:43,944,66,9,0.0,150,100.0
2026-07-13 08:15:44,945,66,10,0.0,150,100.0
2026-07-13 08:15:45,946,66,11,0.0,150,100.0
2026-07-13 08:15:46,947,66,12,0.0,150,100.0
2026-07-13 08:15:47,948,66,13,0.0,150,100.0
2026-07-13 08:15:48,949,67,0,0.0,150,100.0
2026-07-13 08:15:49,950,67,1,0.0,150,100.0
2026-07-13 08:15:50,951,67,2,0.0,150,100.0
2026-07-13 08:15:51,952,67,3,0.0,150,100.0
2026-07-13 08:15:52,953,67,4,0.0,150,100.0
2026-07-13 08:15:53,954,67,5,0.0,150,100.0
2026-07-13 08:15:54,955,67,6,0.0,150,100.0
2026-07-13 08:15:55,956,67,7,0.0,150,100.0
2026-07-13 08:15:56,957,67,8,0.0,150,100.0
2026-07-13 08:15:57,958,67,9,0.0,150,100.0
2026-07-13 08:15:58,959,67,10,0.0,150,100.0
2026-07-13 08:15:59,960,67,11,0.0,150,100.0
2026-07-13 08:16:00,961,67,12,0.0,150,100.0
2026-07-13 08:16:01,962,67,13,0.0,150,100.0
2026-07-13 08:16:02,963,67,14,0.0,150,100.0
2026-07-13 08:16:03,964,68,0,66.37,150,100.0
2026-07-13 08:16:04,965,68,1,0.0,150,100.0
2026-07-13 08:16:05,966,68,2,0.0,150,100.0
2026-07-13 08:16:06,967,68,3,0.0,150,100.0
2026-07-13 08:16:07,968,68,4,0.0,150,100.0
2026-07-13 08:16:08,969,68,5,0.0,150,100.0
2026-07-13 08:16:09,970,68,6,40.24,150,100.0
2026-07-13 08:16:10,971,68,7,99.24,150,100.0
2026-07-13 08:16:11,972,68,8,73.27,150,100.0
2026-07-13 08:16:12,973,68,9,0.0,150,100.0
2026-07-13 08:16:13,974,68,10,0.0,150,100.0
2026-07-13 08:16:14,975,68,11,0.0,150,100.0
2026-07-13 08:16:15,976,68,12,15.74,150,100.0
2026-07-13 08:16:16,977,68,13,100.0,150,100.0
2026-07-13 08:16:17,978,69,0,0.0,150,100.0
2026-07-13 08:16:18,979,69,1,0.0,150,100.0
2026-07-13 08:16:19,980,69,2,0.0,150,100.0
2026-07-13 08:16:20,981,69,3,0.0,150,100.0
2026-07-13 08:16:21,982,69,4,0.0,150,100.0
2026-07-13 08:16:22,983,69,5,0.0,150,100.0
2026-07-13 08:16:23,984,69,6,30.36,150,100.0
2026-07-13 08:16:24,985,69,7,87.2,150,100.0
2026-07-13 08:16:25,986,69,8,0.0,150,100.0
2026-07-13 08:16:26,987,69,9,0.0,150,100.0
2026-07-13 08:16:27,988,69,10,0.0,150,100.0
2026-07-13 08:16:28,989,69,11,0.0,150,100.0
2026-07-13 08:16:29,990,70,0,51.48,150,100.0
2026-07-13 08:16:30,991,70,1,43.62,150,100.0
2026-07-13 08:16:31,992,70,2,0.0,150,100.0
2026-07-13 08:16:32,993,70,3,0.0,150,100.0
2026-07-13 08:16:33,994,70,4,0.0,150,100.0
2026-07-13 08:16:34,995,70,5,0.0,150,100.0
2026-07-13 08:16:35,996,70,6,0.0,150,100.0
2026-07-13 08:16:36,997,70,7,5.52,150,100.0
2026-07-13 08:16:37,998,70,8,21.41,150,100.0
2026-07-13 08:16:38,999,70,9,64.39,150,100.0
2026-07-13 08:16:39,1000,70,10,0.0,150,100.0
2026-07-13 08:16:40,1001,70,11,0.0,150,100.0
2026-07-13 08:16:41,1002,70,12,0.0,150,100.0
2026-07-13 08:16:42,1003,70,13,0.0,150,100.0
2026-07-13 08:16:43,1004,70,14,55.76,150,100.0
2026-07-13 08:16:44,1005,70,15,0.0,150,100.0
2026-07-13 08:16:45,1006,71,0,33.65,150,100.0
2026-07-13 08:16:46,1007,71,1,100.0,150,100.0
2026-07-13 08:16:47,1008,71,2,98.9,150,100.0
2026-07-13 08:16:48,1009,71,3,0.0,150,100.0
2026-07-13 08:16:49,1010,71,4,0.0,150,100.0
2026-07-13 08:16:50,1011,71,5,0.0,150,100.0
2026-07-13 08:16:51,1012,71,6,0.0,150,100.0
2026-07-13 08:16:52,1013,71,7,0.0,150,100.0
2026-07-13 08:16:53,1014,71,8,100.0,150,100.0
2026-07-13 08:16:54,1015,71,9,100.0,150,100.0
2026-07-13 08:16:55,1016,71,10,100.0,150,100.0
2026-07-13 08:16:56,1017,71,11,51.73,150,100.0
2026-07-13 08:16:57,1018,71,12,49.76,150,100.0
2026-07-13 08:16:58,1019,71,13,100.0,150,100.0
2026-07-13 08:16:59,1020,71,14,0.0,150,100.0
2026-07-13 08:17:00,1021,72,0,0.0,150,100.0
2026-07-13 08:17:01,1022,72,1,0.0,150,100.0
2026-07-13 08:17:02,1023,72,2,0.0,150,100.0
2026-07-13 08:17:03,1024,72,3,0.0,150,100.0
2026-07-13 08:17:04,1025,72,4,0.0,150,100.0
2026-07-13 08:17:05,1026,72,5,0.0,150,100.0
2026-07-13 08:17:06,1027,72,6,0.0,150,100.0
2026-07-13 08:17:07,1028,72,7,0.0,150,100.0
2026-07-13 08:17:08,1029,72,8,0.0,150,100.0
2026-07-13 08:17:09,1030,72,9,0.0,150,100.0
2026-07-13 08:17:10,1031,72,10,0.0,150,100.0
2026-07-13 08:17:11,1032,72,11,0.0,150,100.0
2026-07-13 08:17:12,1033,72,12,0.0,150,100.0
2026-07-13 08:17:13,1034,73,0,0.0,150,100.0
2026-07-13 08:17:14,1035,73,1,0.0,150,100.0
2026-07-13 08:17:15,1036,73,2,0.0,150,100.0
2026-07-13 08:17:16,1037,73,3,0.0,150,100.0
2026-07-13 08:17:17,1038,73,4,0.0,150,100.0
2026-07-13 08:17:18,1039,73,5,0.0,150,100.0
2026-07-13 08:17:19,1040,73,6,0.0,150,100.0
2026-07-13 08:17:20,1041,73,7,0.0,150,100.0
2026-07-13 08:17:21,1042,73,8,0.0,150,100.0
2026-07-13 08:17:22,1043,73,9,0.0,150,100.0
2026-07-13 08:17:23,1044,73,10,0.0,150,100.0
2026-07-13 08:17:24,1045,73,11,0.0,150,100.0
2026-07-13 08:17:25,1046,73,12,0.0,150,100.0
2026-07-13 08:17:26,1047,73,13,0.0,150,100.0
2026-07-13 08:17:27,1048,73,14,0.0,150,100.0
2026-07-13 08:17:28,1049,73,15,0.0,150,100.0
2026-07-13 08:17:29,1050,74,0,0.0,150,100.0
2026-07-13 08:17:30,1051,74,1,0.0,150,100.0
2026-07-13 08:17:31,1052,74,2,0.0,150,100.0
2026-07-13 08:17:32,1053,74,3,0.0,150,100.0
2026-07-13 08:17:33,1054,74,4,0.0,150,100.0
2026-07-13 08:17:34,1055,74,5,0.0,150,100.0
2026-07-13 08:17:35,1056,74,6,0.0,150,100.0
2026-07-13 08:17:36,1057,74,7,0.0,150,100.0
2026-07-13 08:17:37,1058,74,8,0.0,150,100.0
2026-07-13 08:17:38,1059,74,9,0.0,150,100.0
2026-07-13 08:17:39,1060,74,10,0.0,150,100.0
2026-07-13 08:17:40,1061,74,11,0.0,150,100.0
2026-07-13 08:17:41,1062,74,12,0.0,150,100.0
2026-07-13 08:17:42,1063,74,13,0.0,150,100.0
2026-07-13 08:17:43,1064,75,0,0.0,150,100.0
2026-07-13 08:17:44,1065,75,1,0.0,150,100.0
2026-07-13 08:17:45,1066,75,2,0.0,150,100.0
2026-07-13 08:17:46,1067,75,3,0.0,150,100.0
2026-07-13 08:17:47,1068,75,4,0.0,150,100.0
2026-07-13 08:17:48,1069,75,5,0.0,150,100.0
2026-07-13 08:17:49,1070,75,6,0.0,150,100.0
2026-07-13 08:17:50,1071,75,7,0.0,150,100.0
2026-07-13 08:17:51,1072,75,8,0.0,150,100.0
2026-07-13 08:17:52,1073,75,9,0.0,150,100.0
2026-07-13 08:17:53,1074,75,10,0.0,150,100.0
2026-07-13 08:17:54,1075,75,11,0.0,150,100.0
2026-07-13 08:17:55,1076,75,12,0.0,150,100.0
2026-07-13 08:17:56,1077,75,13,13.61,150,100.0
2026-07-13 08:17:57,1078,75,14,0.0,150,100.0
2026-07-13 08:17:58,1079,76,0,0.0,150,100.0
2026-07-13 08:17:59,1080,76,1,0.0,150,100.0
2026-07-13 08:18:00,1081,76,2,0.0,150,100.0
2026-07-13 08:18:01,1082,76,3,0.0,150,100.0
2026-07-13 08:18:02,1083,76,4,0.0,150,100.0
2026-07-13 08:18:03,1084,76,5,0.0,150,100.0
2026-07-13 08:18:04,1085,76,6,7.6,150,100.0
2026-07-13 08:18:05,1086,76,7,4.23,150,100.0
2026-07-13 08:18:06,1087,76,8,0.0,150,100.0
2026-07-13 08:18:07,1088,76,9,0.0,150,100.0
2026-07-13 08:18:08,1089,76,10,0.0,150,100.0
2026-07-13 08:18:09,1090,76,11,0.0,150,100.0
2026-07-13 08:18:10,1091,76,12,0.0,150,100.0
2026-07-13 08:18:11,1092,77,0,0.0,150,100.0
2026-07-13 08:18:12,1093,77,1,0.0,150,100.0
2026-07-13 08:18:13,1094,77,2,0.0,150,100.0
2026-07-13 08:18:14,1095,77,3,0.0,150,100.0
2026-07-13 08:18:15,1096,77,4,0.0,150,100.0
2026-07-13 08:18:16,1097,77,5,0.0,150,100.0
2026-07-13 08:18:17,1098,77,6,0.0,150,100.0
2026-07-13 08:18:18,1099,77,7,0.0,150,100.0
2026-07-13 08:18:19,1100,77,8,0.0,150,100.0
2026-07-13 08:18:20,1101,77,9,0.0,150,100.0
2026-07-13 08:18:21,1102,77,10,0.0,150,100.0
2026-07-13 08:18:22,1103,77,11,0.0,150,100.0
2026-07-13 08:18:23,1104,78,0,0.0,150,100.0
2026-07-13 08:18:24,1105,78,1,0.0,150,100.0
2026-07-13 08:18:25,1106,78,2,7.96,150,100.0
2026-07-13 08:18:26,1107,78,3,0.0,150,100.0
2026-07-13 08:18:27,1108,78,4,0.0,150,100.0
2026-07-13 08:18:28,1109,78,5,0.0,150,100.0
2026-07-13 08:18:29,1110,78,6,0.0,150,100.0
2026-07-13 08:18:30,1111,78,7,0.0,150,100.0
2026-07-13 08:18:31,1112,78,8,0.0,150,100.0
2026-07-13 08:18:32,1113,78,9,0.0,150,100.0
2026-07-13 08:18:33,1114,78,10,0.0,150,100.0
2026-07-13 08:18:34,1115,78,11,0.0,150,100.0
2026-07-13 08:18:35,1116,78,12,0.0,150,100.0
2026-07-13 08:18:36,1117,78,13,0.0,150,100.0
2026-07-13 08:18:37,1118,79,0,8.46,150,100.0
2026-07-13 08:18:38,1119,79,1,0.0,150,100.0
2026-07-13 08:18:39,1120,79,2,0.0,150,100.0
2026-07-13 08:18:40,1121,79,3,0.0,150,100.0
2026-07-13 08:18:41,1122,79,4,0.0,150,100.0
2026-07-13 08:18:42,1123,79,5,0.0,150,100.0
2026-07-13 08:18:43,1124,79,6,0.0,150,100.0
2026-07-13 08:18:44,1125,79,7,0.0,150,100.0
2026-07-13 08:18:45,1126,79,8,0.0,150,100.0
2026-07-13 08:18:46,1127,79,9,0.0,150,100.0
2026-07-13 08:18:47,1128,79,10,0.0,150,100.0
2026-07-13 08:18:48,1129,79,11,0.0,150,100.0
2026-07-13 08:18:49,1130,79,12,0.0,150,100.0
2026-07-13 08:18:50,1131,80,0,0.0,150,100.0
2026-07-13 08:18:51,1132,80,1,0.0,150,100.0
2026-07-13 08:18:52,1133,80,2,0.0,150,100.0
2026-07-13 08:18:53,1134,80,3,0.0,150,100.0
2026-07-13 08:18:54,1135,80,4,0.0,150,100.0
2026-07-13 08:18:55,1136,80,5,0.0,150,100.0
2026-07-13 08:18:56,1137,80,6,0.0,150,100.0
2026-07-13 08:18:57,1138,80,7,0.0,150,100.0
2026-07-13 08:18:58,1139,80,8,0.0,150,100.0
2026-07-13 08:18:59,1140,80,9,0.0,150,100.0
2026-07-13 08:19:00,1141,80,10,0.0,150,100.0
2026-07-13 08:19:01,1142,80,11,0.0,150,100.0
2026-07-13 08:19:02,1143,80,12,0.0,150,100.0
2026-07-13 08:19:03,1144,80,13,0.0,150,100.0
2026-07-13 08:19:04,1145,80,14,0.0,150,100.0
2026-07-13 08:19:05,1146,80,15,0.0,150,100.0
2026-07-13 08:19:06,1147,81,0,0.0,150,100.0
2026-07-13 08:19:07,1148,81,1,0.0,150,100.0
2026-07-13 08:19:08,1149,81,2,0.0,150,100.0
2026-07-13 08:19:09,1150,81,3,0.0,150,100.0
2026-07-13 08:19:10,1151,81,4,0.0,150,100.0
2026-07-13 08:19:11,1152,81,5,0.0,150,100.0
2026-07-13 08:19:12,1153,81,6,0.0,150,100.0
2026-07-13 08:19:13,1154,81,7,0.0,150,100.0
2026-07-13 08:19:14,1155,81,8,0.0,150,100.0
2026-07-13 08:19:15,1156,81,9,0.0,150,100.0
2026-07-13 08:19:16,1157,81,10,0.0,150,100.0
2026-07-13 08:19:17,1158,81,11,0.0,150,100.0
2026-07-13 08:19:18,1159,82,0,0.0,150,100.0
2026-07-13 08:19:19,1160,82,1,0.0,150,100.0
2026-07-13 08:19:20,1161,82,2,0.0,150,100.0
2026-07-13 08:19:21,1162,82,3,0.0,150,100.0
2026-07-13 08:19:22,1163,82,4,0.0,150,100.0
2026-07-13 08:19:23,1164,82,5,8.8,150,100.0
2026-07-13 08:19:24,1165,82,6,0.0,150,100.0
2026-07-13 08:19:25,1166,82,7,0.0,150,100.0
2026-07-13 08:19:26,1167,82,8,0.0,150,100.0
2026-07-13 08:19:27,1168,82,9,0.0,150,100.0
2026-07-13 08:19:28,1169,82,10,0.0,150,100.0
2026-07-13 08:19:29,1170,82,11,0.0,150,100.0
2026-07-13 08:19:30,1171,82,12,0.0,150,100.0
2026-07-13 08:19:31,1172,82,13,0.0,150,100.0
2026-07-13 08:19:32,1173,82,14,0.0,150,100.0
2026-07-13 08:19:33,1174,83,0,0.0,150,100.0
2026-07-13 08:19:34,1175,83,1,0.0,150,100.0
2026-07-13 08:19:35,1176,83,2,0.0,150,100.0
2026-07-13 08:19:36,1177,83,3,0.0,150,100.0
2026-07-13 08:19:37,1178,83,4,0.0,150,100.0
2026-07-13 08:19:38,1179,83,5,0.0,150,100.0
2026-07-13 08:19:39,1180,83,6,0.0,150,100.0
2026-07-13 08:19:40,1181,83,7,0.0,150,100.0
2026-07-13 08:19:41,1182,83,8,0.0,150,100.0
2026-07-13 08:19:42,1183,83,9,0.0,150,100.0
2026-07-13 08:19:43,1184,83,10,0.0,150,100.0
2026-07-13 08:19:44,1185,83,11,0.0,150,100.0
2026-07-13 08:19:45,1186,83,12,0.0,150,100.0
2026-07-13 08:19:46,1187,83,13,0.0,150,100.0
2026-07-13 08:19:47,1188,83,14,0.0,150,100.0
2026-07-13 08:19:48,1189,84,0,0.0,150,100.0
2026-07-13 08:19:49,1190,84,1,0.0,150,100.0
2026-07-13 08:19:50,1191,84,2,0.0,150,100.0
2026-07-13 08:19:51,1192,84,3,3.21,150,100.0
2026-07-13 08:19:52,1193,84,4,0.0,150,100.0
2026-07-13 08:19:53,1194,84,5,0.0,150,100.0
2026-07-13 08:19:54,1195,84,6,0.0,150,100.0
2026-07-13 08:19:55,1196,84,7,0.0,150,100.0
2026-07-13 08:19:56,1197,84,8,0.0,150,100.0
2026-07-13 08:19:57,1198,84,9,0.0,150,100.0
2026-07-13 08:19:58,1199,84,10,18.96,150,100.0
2026-07-13 08:19:59,1200,84,11,1.12,150,100.0
2026-07-13 08:20:00,1201,84,12,0.0,150,100.0
2026-07-13 08:20:01,1202,84,13,0.0,150,100.0
2026-07-13 08:20:02,1203,84,14,0.0,150,100.0
2026-07-13 08:20:03,1204,84,15,31.14,150,100.0
2026-07-13 08:20:04,1205,84,16,38.73,150,100.0
2026-07-13 08:20:05,1206,85,0,75.49,150,100.0
2026-07-13 08:20:06,1207,85,1,40.88,150,100.0
2026-07-13 08:20:07,1208,85,2,60.92,150,100.0
2026-07-13 08:20:08,1209,85,3,3.51,150,100.0
2026-07-13 08:20:09,1210,85,4,0.0,150,100.0
2026-07-13 08:20:10,1211,85,5,0.0,150,100.0
2026-07-13 08:20:11,1212,85,6,0.0,150,100.0
2026-07-13 08:20:12,1213,85,7,89.27,150,100.0
2026-07-13 08:20:13,1214,85,8,100.0,150,100.0
2026-07-13 08:20:14,1215,85,9,59.01,150,100.0
2026-07-13 08:20:15,1216,85,10,0.0,150,100.0
2026-07-13 08:20:16,1217,85,11,0.0,150,100.0
2026-07-13 08:20:17,1218,85,12,0.0,150,100.0
2026-07-13 08:20:18,1219,85,13,0.0,150,100.0
2026-07-13 08:20:19,1220,86,0,52.23,150,100.0
2026-07-13 08:20:20,1221,86,1,0.0,150,100.0
2026-07-13 08:20:21,1222,86,2,98.89,150,100.0
2026-07-13 08:20:22,1223,86,3,100.0,150,100.0
2026-07-13 08:20:23,1224,86,4,60.63,150,100.0
2026-07-13 08:20:24,1225,86,5,20.17,150,100.0
2026-07-13 08:20:25,1226,86,6,0.0,150,100.0
2026-07-13 08:20:26,1227,86,7,0.0,150,100.0
2026-07-13 08:20:27,1228,86,8,100.0,150,100.0
2026-07-13 08:20:28,1229,86,9,100.0,150,100.0
2026-07-13 08:20:29,1230,86,10,13.84,150,100.0
2026-07-13 08:20:30,1231,86,11,0.0,150,100.0
2026-07-13 08:20:31,1232,87,0,0.0,150,100.0
2026-07-13 08:20:32,1233,87,1,81.71,150,100.0
2026-07-13 08:20:33,1234,87,2,100.0,150,100.0
2026-07-13 08:20:34,1235,87,3,100.0,150,100.0
2026-07-13 08:20:35,1236,87,4,100.0,150,100.0
2026-07-13 08:20:36,1237,87,5,0.0,150,100.0
2026-07-13 08:20:37,1238,87,6,0.0,150,100.0
2026-07-13 08:20:38,1239,87,7,0.0,150,100.0
2026-07-13 08:20:39,1240,87,8,0.0,150,100.0
2026-07-13 08:20:40,1241,87,9,2.03,150,100.0
2026-07-13 08:20:41,1242,87,10,0.0,150,100.0
2026-07-13 08:20:42,1243,87,11,0.0,150,100.0
2026-07-13 08:20:43,1244,87,12,0.0,150,100.0
2026-07-13 08:20:44,1245,87,13,41.38,150,100.0
2026-07-13 08:20:45,1246,87,14,100.0,150,100.0
2026-07-13 08:20:46,1247,88,0,0.0,150,100.0
2026-07-13 08:20:47,1248,88,1,0.0,150,100.0
2026-07-13 08:20:48,1249,88,2,0.0,150,100.0
2026-07-13 08:20:49,1250,88,3,0.0,150,100.0
2026-07-13 08:20:50,1251,88,4,0.0,150,100.0
2026-07-13 08:20:51,1252,88,5,0.0,150,100.0
2026-07-13 08:20:52,1253,88,6,29.5,150,100.0
2026-07-13 08:20:53,1254,88,7,84.81,150,100.0
2026-07-13 08:20:54,1255,88,8,33.87,150,100.0
2026-07-13 08:20:55,1256,88,9,97.66,150,100.0
2026-07-13 08:20:56,1257,88,10,1.72,150,100.0
2026-07-13 08:20:57,1258,88,11,15.54,150,100.0
2026-07-13 08:20:58,1259,88,12,72.3,150,100.0
2026-07-13 08:20:59,1260,88,13,0.0,150,100.0
2026-07-13 08:21:00,1261,88,14,0.0,150,100.0
2026-07-13 08:21:01,1262,88,15,0.0,150,100.0
2026-07-13 08:21:02,1263,89,0,0.0,150,100.0
2026-07-13 08:21:03,1264,89,1,0.0,150,100.0
2026-07-13 08:21:04,1265,89,2,0.0,150,100.0
2026-07-13 08:21:05,1266,89,3,0.0,150,100.0
2026-07-13 08:21:06,1267,89,4,0.0,150,100.0
2026-07-13 08:21:07,1268,89,5,0.0,150,100.0
2026-07-13 08:21:08,1269,89,6,0.0,150,100.0
2026-07-13 08:21:09,1270,89,7,0.0,150,100.0
2026-07-13 08:21:10,1271,89,8,0.0,150,100.0
2026-07-13 08:21:11,1272,89,9,0.0,150,100.0
2026-07-13 08:21:12,1273,89,10,0.0,150,100.0
2026-07-13 08:21:13,1274,89,11,0.0,150,100.0
2026-07-13 08:21:14,1275,89,12,0.0,150,100.0
2026-07-13 08:21:15,1276,90,0,0.0,150,100.0
2026-07-13 08:21:16,1277,90,1,0.0,150,100.0
2026-07-13 08:21:17,1278,90,2,0.0,150,100.0
2026-07-13 08:21:18,1279,90,3,0.0,150,100.0
2026-07-13 08:21:19,1280,90,4,0.0,150,100.0
2026-07-13 08:21:20,1281,90,5,0.0,150,100.0
2026-07-13 08:21:21,1282,90,6,0.0,150,100.0
2026-07-13 08:21:22,1283,90,7,0.0,150,100.0
2026-07-13 08:21:23,1284,90,8,0.0,150,100.0
2026-07-13 08:21:24,1285,90,9,26.06,150,100.0
2026-07-13 08:21:25,1286,90,10,0.0,150,100.0
2026-07-13 08:21:26,1287,90,11,0.0,150,100.0
2026-07-13 08:21:27,1288,90,12,0.0,150,100.0
2026-07-13 08:21:28,1289,90,13,81.37,150,100.0
2026-07-13 08:21:29,1290,90,14,0.0,150,100.0
2026-07-13 08:21:30,1291,91,0,0.0,150,100.0
2026-07-13 08:21:31,1292,91,1,0.0,150,100.0
2026-07-13 08:21:32,1293,91,2,0.0,150,100.0
2026-07-13 08:21:33,1294,91,3,0.0,150,100.0
2026-07-13 08:21:34,1295,91,4,0.0,150,100.0
2026-07-13 08:21:35,1296,91,5,0.0,150,100.0
2026-07-13 08:21:36,1297,91,6,0.0,150,100.0
2026-07-13 08:21:37,1298,91,7,0.0,150,100.0
2026-07-13 08:21:38,1299,91,8,0.0,150,100.0
2026-07-13 08:21:39,1300,91,9,0.0,150,100.0
2026-07-13 08:21:40,1301,91,10,0.0,150,100.0
2026-07-13 08:21:41,1302,91,11,0.0,150,100.0
2026-07-13 08:21:42,1303,91,12,0.0,150,100.0
2026-07-13 08:21:43,1304,92,0,0.0,150,100.0
2026-07-13 08:21:44,1305,92,1,0.0,150,100.0
2026-07-13 08:21:45,1306,92,2,0.0,150,100.0
2026-07-13 08:21:46,1307,92,3,0.0,150,100.0
2026-07-13 08:21:47,1308,92,4,0.0,150,100.0
2026-07-13 08:21:48,1309,92,5,0.0,150,100.0
2026-07-13 08:21:49,1310,92,6,0.0,150,100.0
2026-07-13 08:21:50,1311,92,7,0.0,150,100.0
2026-07-13 08:21:51,1312,92,8,0.0,150,100.0
2026-07-13 08:21:52,1313,92,9,0.0,150,100.0
2026-07-13 08:21:53,1314,92,10,0.0,150,100.0
2026-07-13 08:21:54,1315,92,11,0.0,150,100.0
2026-07-13 08:21:55,1316,92,12,0.0,150,100.0
2026-07-13 08:21:56,1317,92,13,0.0,150,100.0
2026-07-13 08:21:57,1318,92,14,0.0,150,100.0
2026-07-13 08:21:58,1319,92,15,0.0,150,100.0
2026-07-13 08:21:59,1320,92,16,0.0,150,100.0
2026-07-13 08:22:00,1321,93,0,0.0,150,100.0
2026-07-13 08:22:01,1322,93,1,0.0,150,100.0
2026-07-13 08:22:02,1323,93,2,0.0,150,100.0
2026-07-13 08:22:03,1324,93,3,0.0,150,100.0
2026-07-13 08:22:04,1325,93,4,0.0,150,100.0
2026-07-13 08:22:05,1326,93,5,0.0,150,100.0
2026-07-13 08:22:06,1327,93,6,0.0,150,100.0
2026-07-13 08:22:07,1328,93,7,0.0,150,100.0
2026-07-13 08:22:08,1329,93,8,0.0,150,100.0
2026-07-13 08:22:09,1330,93,9,29.71,150,100.0
2026-07-13 08:22:10,1331,93,10,0.0,150,100.0
2026-07-13 08:22:11,1332,93,11,0.0,150,100.0
2026-07-13 08:22:12,1333,93,12,0.0,150,100.0
2026-07-13 08:22:13,1334,93,13,0.0,150,100.0
2026-07-13 08:22:14,1335,94,0,0.0,150,100.0
2026-07-13 08:22:15,1336,94,1,0.0,150,100.0
2026-07-13 08:22:16,1337,94,2,0.0,150,100.0
2026-07-13 08:22:17,1338,94,3,0.0,150,100.0
2026-07-13 08:22:18,1339,94,4,0.0,150,100.0
2026-07-13 08:22:19,1340,94,5,0.0,150,100.0
2026-07-13 08:22:20,1341,94,6,0.0,150,100.0
2026-07-13 08:22:21,1342,94,7,0.0,150,100.0
2026-07-13 08:22:22,1343,94,8,0.0,150,100.0
2026-07-13 08:22:23,1344,94,9,0.0,150,100.0
2026-07-13 08:22:24,1345,94,10,0.0,150,100.0
2026-07-13 08:22:25,1346,94,11,0.0,150,100.0
2026-07-13 08:22:26,1347,94,12,0.0,150,100.0
2026-07-13 08:22:27,1348,94,13,100.0,150,100.0
2026-07-13 08:22:28,1349,94,14,100.0,150,100.0
2026-07-13 08:22:29,1350,95,0,49.44,150,100.0
2026-07-13 08:22:30,1351,95,1,0.0,150,100.0
2026-07-13 08:22:31,1352,95,2,0.0,150,100.0
2026-07-13 08:22:32,1353,95,3,0.0,150,100.0
2026-07-13 08:22:33,1354,95,4,0.0,150,100.0
2026-07-13 08:22:34,1355,95,5,24.06,150,100.0
2026-07-13 08:22:35,1356,95,6,100.0,150,100.0
2026-07-13 08:22:36,1357,95,7,6.96,150,100.0
2026-07-13 08:22:37,1358,95,8,0.0,150,100.0
2026-07-13 08:22:38,1359,95,9,75.3,150,100.0
2026-07-13 08:22:39,1360,95,10,68.7,150,100.0
2026-07-13 08:22:40,1361,95,11,100.0,150,100.0
2026-07-13 08:22:41,1362,95,12,0.0,150,100.0
2026-07-13 08:22:42,1363,95,13,37.17,150,100.0
2026-07-13 08:22:43,1364,95,14,100.0,150,100.0
2026-07-13 08:22:44,1365,95,15,0.0,150,100.0
2026-07-13 08:22:45,1366,96,0,0.0,150,100.0
2026-07-13 08:22:46,1367,96,1,0.0,150,100.0
2026-07-13 08:22:47,1368,96,2,0.0,150,100.0
2026-07-13 08:22:48,1369,96,3,0.0,150,100.0
2026-07-13 08:22:49,1370,96,4,0.0,150,100.0
2026-07-13 08:22:50,1371,96,5,0.0,150,100.0
2026-07-13 08:22:51,1372,96,6,0.0,150,100.0
2026-07-13 08:22:52,1373,96,7,0.0,150,100.0
2026-07-13 08:22:53,1374,96,8,0.0,150,100.0
2026-07-13 08:22:54,1375,96,9,0.0,150,100.0
2026-07-13 08:22:55,1376,96,10,0.0,150,100.0
2026-07-13 08:22:56,1377,96,11,0.0,150,100.0
2026-07-13 08:22:57,1378,96,12,0.0,150,100.0
2026-07-13 08:22:58,1379,97,0,0.0,150,100.0
2026-07-13 08:22:59,1380,97,1,0.0,150,100.0
2026-07-13 08:23:00,1381,97,2,0.0,150,100.0
2026-07-13 08:23:01,1382,97,3,0.0,150,100.0
2026-07-13 08:23:02,1383,97,4,0.0,150,100.0
2026-07-13 08:23:03,1384,97,5,0.0,150,100.0
2026-07-13 08:23:04,1385,97,6,0.0,150,100.0
2026-07-13 08:23:05,1386,97,7,0.0,150,100.0
2026-07-13 08:23:06,1387,97,8,0.0,150,100.0
2026-07-13 08:23:07,1388,97,9,0.0,150,100.0
2026-07-13 08:23:08,1389,97,10,0.0,150,100.0
2026-07-13 08:23:09,1390,97,11,0.0,150,100.0
2026-07-13 08:23:10,1391,97,12,0.0,150,100.0
2026-07-13 08:23:11,1392,97,13,0.0,150,100.0
2026-07-13 08:23:12,1393,98,0,0.0,150,100.0
2026-07-13 08:23:13,1394,98,1,0.0,150,100.0
2026-07-13 08:23:14,1395,98,2,0.0,150,100.0
2026-07-13 08:23:15,1396,98,3,0.0,150,100.0
2026-07-13 08:23:16,1397,98,4,0.0,150,100.0
2026-07-13 08:23:17,1398,98,5,0.0,150,100.0
2026-07-13 08:23:18,1399,98,6,0.0,150,100.0
2026-07-13 08:23:19,1400,98,7,0.0,150,100.0
2026-07-13 08:23:20,1401,98,8,0.0,150,100.0
2026-07-13 08:23:21,1402,98,9,0.0,150,100.0
2026-07-13 08:23:22,1403,98,10,0.0,150,100.0
2026-07-13 08:23:23,1404,98,11,0.0,150,100.0
2026-07-13 08:23:24,1405,98,12,14.71,150,100.0
2026-07-13 08:23:25,1406,98,13,48.97,150,100.0
2026-07-13 08:23:26,1407,98,14,0.0,150,100.0
2026-07-13 08:23:27,1408,99,0,0.0,150,100.0
2026-07-13 08:23:28,1409,99,1,0.0,150,100.0
2026-07-13 08:23:29,1410,99,2,0.0,150,100.0
2026-07-13 08:23:30,1411,99,3,0.0,150,100.0
2026-07-13 08:23:31,1412,99,4,0.0,150,100.0
2026-07-13 08:23:32,1413,99,5,0.0,150,100.0
2026-07-13 08:23:33,1414,99,6,0.0,150,100.0
2026-07-13 08:23:34,1415,99,7,0.0,150,100.0
2026-07-13 08:23:35,1416,99,8,0.0,150,100.0
2026-07-13 08:23:36,1417,99,9,0.0,150,100.0
2026-07-13 08:23:37,1418,99,10,0.0,150,100.0
2026-07-13 08:23:38,1419,99,11,0.0,150,100.0
2026-07-13 08:23:39,1420,99,12,0.0,150,100.0
2026-07-13 08:23:40,1421,99,13,0.0,150,100.0
2026-07-13 08:23:41,1422,100,0,0.0,150,100.0
2026-07-13 08:23:42,1423,100,1,0.0,150,100.0
2026-07-13 08:23:43,1424,100,2,0.0,150,100.0
2026-07-13 08:23:44,1425,100,3,0.0,150,100.0
2026-07-13 08:23:45,1426,100,4,0.0,150,100.0
2026-07-13 08:23:46,1427,100,5,0.0,150,100.0
2026-07-13 08:23:47,1428,100,6,0.0,150,100.0
2026-07-13 08:23:48,1429,100,7,0.0,150,100.0
2026-07-13 08:23:49,1430,100,8,0.0,150,100.0
2026-07-13 08:23:50,1431,100,9,0.0,150,100.0
2026-07-13 08:23:51,1432,100,10,0.0,150,100.0
2026-07-13 08:23:52,1433,100,11,0.0,150,100.0
2026-07-13 08:23:53,1434,100,12,0.0,150,100.0
2026-07-13 08:23:54,1435,100,13,68.81,150,100.0
2026-07-13 08:23:55,1436,100,14,0.0,150,100.0
2026-07-13 08:23:56,1437,100,15,0.0,150,100.0
2026-07-13 08:23:57,1438,101,0,0.0,150,100.0
2026-07-13 08:23:58,1439,101,1,0.0,150,100.0
2026-07-13 08:23:59,1440,101,2,0.0,150,100.0
2026-07-13 08:24:00,1441,101,3,0.0,150,100.0
2026-07-13 08:24:01,1442,101,4,0.0,150,100.0
2026-07-13 08:24:02,1443,101,5,0.0,150,100.0
2026-07-13 08:24:03,1444,101,6,0.0,150,100.0
2026-07-13 08:24:04,1445,101,7,0.0,150,100.0
2026-07-13 08:24:05,1446,101,8,0.0,150,100.0
2026-07-13 08:24:06,1447,101,9,0.0,150,100.0
2026-07-13 08:24:07,1448,101,10,0.0,150,100.0
2026-07-13 08:24:08,1449,101,11,0.0,150,100.0
2026-07-13 08:24:09,1450,101,12,0.0,150,100.0
2026-07-13 08:24:10,1451,102,0,0.0,150,100.0
2026-07-13 08:24:11,1452,102,1,36.24,150,100.0
2026-07-13 08:24:12,1453,102,2,0.0,150,100.0
2026-07-13 08:24:13,1454,102,3,0.0,150,100.0
2026-07-13 08:24:14,1455,102,4,0.0,150,100.0
2026-07-13 08:24:15,1456,102,5,0.0,150,100.0
2026-07-13 08:24:16,1457,102,6,0.0,150,100.0
2026-07-13 08:24:17,1458,102,7,0.0,150,100.0
2026-07-13 08:24:18,1459,102,8,0.0,150,100.0
2026-07-13 08:24:19,1460,102,9,0.0,150,100.0
2026-07-13 08:24:20,1461,102,10,0.0,150,100.0
2026-07-13 08:24:21,1462,102,11,0.0,150,100.0
2026-07-13 08:24:22,1463,102,12,0.0,150,100.0
2026-07-13 08:24:23,1464,102,13,0.0,150,100.0
2026-07-13 08:24:24,1465,102,14,0.0,150,100.0
2026-07-13 08:24:25,1466,102,15,0.0,150,100.0
2026-07-13 08:24:26,1467,103,0,0.0,150,100.0
2026-07-13 08:24:27,1468,103,1,0.0,150,100.0
2026-07-13 08:24:28,1469,103,2,0.0,150,100.0
2026-07-13 08:24:29,1470,103,3,0.0,150,100.0
2026-07-13 08:24:30,1471,103,4,0.0,150,100.0
2026-07-13 08:24:31,1472,103,5,0.0,150,100.0
2026-07-13 08:24:32,1473,103,6,0.0,150,100.0
2026-07-13 08:24:33,1474,103,7,0.0,150,100.0
2026-07-13 08:24:34,1475,103,8,0.0,150,100.0
2026-07-13 08:24:35,1476,103,9,0.0,150,100.0
2026-07-13 08:24:36,1477,103,10,0.0,150,100.0
2026-07-13 08:24:37,1478,103,11,0.0,150,100.0
2026-07-13 08:24:38,1479,103,12,0.0,150,100.0
2026-07-13 08:24:39,1480,103,13,0.0,150,100.0
2026-07-13 08:24:40,1481,103,14,0.0,150,100.0
2026-07-13 08:24:41,1482,104,0,0.0,150,100.0
2026-07-13 08:24:42,1483,104,1,0.0,150,100.0
2026-07-13 08:24:43,1484,104,2,0.0,150,100.0
2026-07-13 08:24:44,1485,104,3,0.0,150,100.0
2026-07-13 08:24:45,1486,104,4,0.0,150,100.0
2026-07-13 08:24:46,1487,104,5,0.0,150,100.0
2026-07-13 08:24:47,1488,104,6,0.0,150,100.0
2026-07-13 08:24:48,1489,104,7,0.0,150,100.0
2026-07-13 08:24:49,1490,104,8,0.0,150,100.0
2026-07-13 08:24:50,1491,104,9,0.0,150,100.0
2026-07-13 08:24:51,1492,104,10,34.4,150,100.0
2026-07-13 08:24:52,1493,104,11,0.0,150,100.0
2026-07-13 08:24:53,1494,104,12,0.0,150,100.0
2026-07-13 08:24:54,1495,105,0,0.0,150,100.0
2026-07-13 08:24:55,1496,105,1,0.0,150,100.0
2026-07-13 08:24:56,1497,105,2,0.0,150,100.0
2026-07-13 08:24:57,1498,105,3,0.0,150,100.0
2026-07-13 08:24:58,1499,105,4,0.0,150,100.0
2026-07-13 08:24:59,1500,105,5,0.0,150,100.0
2026-07-13 08:25:00,1501,105,6,0.0,150,100.0
2026-07-13 08:25:01,1502,105,7,0.0,150,100.0
2026-07-13 08:25:02,1503,105,8,0.0,150,100.0
2026-07-13 08:25:03,1504,105,9,0.0,150,100.0
2026-07-13 08:25:04,1505,105,10,0.0,150,100.0
2026-07-13 08:25:05,1506,105,11,34.65,150,100.0
2026-07-13 08:25:06,1507,105,12,0.0,150,100.0
2026-07-13 08:25:07,1508,105,13,0.0,150,100.0
2026-07-13 08:25:08,1509,106,0,99.54,150,100.0
2026-07-13 08:25:09,1510,106,1,0.0,150,100.0
2026-07-13 08:25:10,1511,106,2,0.0,150,100.0
2026-07-13 08:25:11,1512,106,3,0.0,150,100.0
2026-07-13 08:25:12,1513,106,4,0.0,150,100.0
2026-07-13 08:25:13,1514,106,5,0.0,150,100.0
2026-07-13 08:25:14,1515,106,6,0.0,150,100.0
2026-07-13 08:25:15,1516,106,7,56.56,150,100.0
2026-07-13 08:25:16,1517,106,8,0.0,150,100.0
2026-07-13 08:25:17,1518,106,9,0.0,150,100.0
2026-07-13 08:25:18,1519,106,10,0.0,150,100.0
2026-07-13 08:25:19,1520,106,11,0.0,150,100.0
2026-07-13 08:25:20,1521,106,12,0.0,150,100.0
2026-07-13 08:25:21,1522,106,13,58.18,150,100.0
2026-07-13 08:25:22,1523,107,0,0.0,150,100.0
2026-07-13 08:25:23,1524,107,1,0.0,150,100.0
2026-07-13 08:25:24,1525,107,2,0.0,150,100.0
2026-07-13 08:25:25,1526,107,3,0.0,150,100.0
2026-07-13 08:25:26,1527,107,4,0.0,150,100.0
2026-07-13 08:25:27,1528,107,5,0.0,150,100.0
2026-07-13 08:25:28,1529,107,6,0.0,150,100.0
2026-07-13 08:25:29,1530,107,7,0.0,150,100.0
2026-07-13 08:25:30,1531,107,8,0.0,150,100.0
2026-07-13 08:25:31,1532,107,9,0.0,150,100.0
2026-07-13 08:25:32,1533,107,10,0.0,150,100.0
2026-07-13 08:25:33,1534,107,11,0.0,150,100.0
2026-07-13 08:25:34,1535,107,12,0.0,150,100.0
2026-07-13 08:25:35,1536,108,0,0.0,150,100.0
2026-07-13 08:25:36,1537,108,1,0.0,150,100.0
2026-07-13 08:25:37,1538,108,2,0.0,150,100.0
2026-07-13 08:25:38,1539,108,3,0.0,150,100.0
2026-07-13 08:25:39,1540,108,4,0.0,150,100.0
2026-07-13 08:25:40,1541,108,5,0.0,150,100.0
2026-07-13 08:25:41,1542,108,6,0.0,150,100.0
2026-07-13 08:25:42,1543,108,7,0.0,150,100.0
2026-07-13 08:25:43,1544,108,8,0.0,150,100.0
2026-07-13 08:25:44,1545,108,9,0.0,150,100.0
2026-07-13 08:25:45,1546,108,10,0.0,150,100.0
2026-07-13 08:25:46,1547,108,11,0.0,150,100.0
2026-07-13 08:25:47,1548,108,12,0.0,150,100.0
2026-07-13 08:25:48,1549,108,13,0.0,150,100.0
2026-07-13 08:25:49,1550,109,0,0.0,150,100.0
2026-07-13 08:25:50,1551,109,1,0.0,150,100.0
2026-07-13 08:25:51,1552,109,2,0.0,150,100.0
2026-07-13 08:25:52,1553,109,3,0.0,150,100.0
2026-07-13 08:25:53,1554,109,4,0.0,150,100.0
2026-07-13 08:25:54,1555,109,5,0.0,150,100.0
2026-07-13 08:25:55,1556,109,6,0.0,150,100.0
2026-07-13 08:25:56,1557,109,7,0.0,150,100.0
2026-07-13 08:25:57,1558,109,8,0.0,150,100.0
2026-07-13 08:25:58,1559,109,9,0.0,150,100.0
2026-07-13 08:25:59,1560,109,10,0.0,150,100.0
2026-07-13 08:26:00,1561,109,11,0.0,150,100.0
2026-07-13 08:26:01,1562,109,12,0.0,150,100.0
2026-07-13 08:26:02,1563,110,0,0.0,150,100.0
2026-07-13 08:26:03,1564,110,1,0.0,150,100.0
2026-07-13 08:26:04,1565,110,2,0.0,150,100.0
2026-07-13 08:26:05,1566,110,3,0.0,150,100.0
2026-07-13 08:26:06,1567,110,4,0.0,150,100.0
2026-07-13 08:26:07,1568,110,5,0.0,150,100.0
2026-07-13 08:26:08,1569,110,6,0.0,150,100.0
2026-07-13 08:26:09,1570,110,7,0.0,150,100.0
2026-07-13 08:26:10,1571,110,8,0.0,150,100.0
2026-07-13 08:26:11,1572,110,9,0.0,150,100.0
2026-07-13 08:26:12,1573,110,10,0.0,150,100.0
2026-07-13 08:26:13,1574,110,11,0.0,150,100.0
2026-07-13 08:26:14,1575,110,12,0.0,150,100.0
2026-07-13 08:26:15,1576,110,13,0.0,150,100.0
2026-07-13 08:26:16,1577,110,14,0.0,150,100.0
2026-07-13 08:26:17,1578,110,15,0.0,150,100.0
2026-07-13 08:26:18,1579,111,0,0.0,150,100.0
2026-07-13 08:26:19,1580,111,1,0.0,150,100.0
2026-07-13 08:26:20,1581,111,2,0.0,150,100.0
2026-07-13 08:26:21,1582,111,3,0.0,150,100.0
2026-07-13 08:26:22,1583,111,4,0.0,150,100.0
2026-07-13 08:26:23,1584,111,5,0.0,150,100.0
2026-07-13 08:26:24,1585,111,6,0.0,150,100.0
2026-07-13 08:26:25,1586,111,7,0.0,150,100.0
2026-07-13 08:26:26,1587,111,8,0.0,150,100.0
2026-07-13 08:26:27,1588,111,9,0.0,150,100.0
2026-07-13 08:26:28,1589,111,10,0.0,150,100.0
2026-07-13 08:26:29,1590,111,11,0.0,150,100.0
2026-07-13 08:26:30,1591,111,12,0.0,150,100.0
2026-07-13 08:26:31,1592,111,13,0.0,150,100.0
2026-07-13 08:26:32,1593,111,14,0.0,150,100.0
2026-07-13 08:26:33,1594,112,0,0.0,150,100.0
2026-07-13 08:26:34,1595,112,1,0.0,150,100.0
2026-07-13 08:26:35,1596,112,2,0.0,150,100.0
2026-07-13 08:26:36,1597,112,3,0.0,150,100.0
2026-07-13 08:26:37,1598,112,4,0.0,150,100.0
2026-07-13 08:26:38,1599,112,5,0.0,150,100.0
2026-07-13 08:26:39,1600,112,6,0.0,150,100.0
2026-07-13 08:26:40,1601,112,7,0.0,150,100.0
2026-07-13 08:26:41,1602,112,8,0.0,150,100.0
2026-07-13 08:26:42,1603,112,9,0.0,150,100.0
2026-07-13 08:26:43,1604,112,10,0.0,150,100.0
2026-07-13 08:26:44,1605,112,11,0.0,150,100.0
2026-07-13 08:26:45,1606,113,0,0.0,150,100.0
2026-07-13 08:26:46,1607,113,1,0.0,150,100.0
2026-07-13 08:26:47,1608,113,2,0.0,150,100.0
2026-07-13 08:26:48,1609,113,3,0.0,150,100.0
2026-07-13 08:26:49,1610,113,4,0.0,150,100.0
2026-07-13 08:26:50,1611,113,5,0.0,150,100.0
2026-07-13 08:26:51,1612,113,6,0.0,150,100.0
2026-07-13 08:26:52,1613,113,7,0.0,150,100.0
2026-07-13 08:26:53,1614,113,8,0.0,150,100.0
2026-07-13 08:26:54,1615,113,9,0.0,150,100.0
2026-07-13 08:26:55,1616,113,10,27.42,150,100.0
2026-07-13 08:26:56,1617,113,11,0.0,150,100.0
2026-07-13 08:26:57,1618,113,12,0.0,150,100.0
2026-07-13 08:26:58,1619,113,13,0.0,150,100.0
2026-07-13 08:26:59,1620,113,14,0.0,150,100.0
2026-07-13 08:27:00,1621,113,15,0.0,150,100.0
2026-07-13 08:27:01,1622,113,16,0.0,150,100.0
2026-07-13 08:27:02,1623,114,0,12.89,150,100.0
2026-07-13 08:27:03,1624,114,1,99.58,150,100.0
2026-07-13 08:27:04,1625,114,2,0.0,150,100.0
2026-07-13 08:27:05,1626,114,3,86.05,150,100.0
2026-07-13 08:27:06,1627,114,4,71.17,150,100.0
2026-07-13 08:27:07,1628,114,5,36.63,150,100.0
2026-07-13 08:27:08,1629,114,6,0.0,150,100.0
2026-07-13 08:27:09,1630,114,7,0.0,150,100.0
2026-07-13 08:27:10,1631,114,8,100.0,150,100.0
2026-07-13 08:27:11,1632,114,9,100.0,150,100.0
2026-07-13 08:27:12,1633,114,10,0.0,150,100.0
2026-07-13 08:27:13,1634,114,11,0.0,150,100.0
2026-07-13 08:27:14,1635,114,12,5.71,150,100.0
2026-07-13 08:27:15,1636,114,13,100.0,150,100.0
2026-07-13 08:27:16,1637,114,14,0.0,150,100.0
2026-07-13 08:27:17,1638,114,15,100.0,150,100.0
2026-07-13 08:27:18,1639,115,0,98.35,150,100.0
2026-07-13 08:27:19,1640,115,1,0.0,150,100.0
2026-07-13 08:27:20,1641,115,2,0.0,150,100.0
2026-07-13 08:27:21,1642,115,3,0.0,150,100.0
2026-07-13 08:27:22,1643,115,4,0.0,150,100.0
2026-07-13 08:27:23,1644,115,5,68.89,150,100.0
2026-07-13 08:27:24,1645,115,6,0.0,150,100.0
2026-07-13 08:27:25,1646,115,7,0.0,150,100.0
2026-07-13 08:27:26,1647,115,8,0.0,150,100.0
2026-07-13 08:27:27,1648,115,9,0.0,150,100.0
2026-07-13 08:27:28,1649,115,10,58.04,150,100.0
2026-07-13 08:27:29,1650,115,11,0.0,150,100.0
2026-07-13 08:27:30,1651,116,0,0.0,150,100.0
2026-07-13 08:27:31,1652,116,1,88.38,150,100.0
2026-07-13 08:27:32,1653,116,2,30.93,150,100.0
2026-07-13 08:27:33,1654,116,3,0.0,150,100.0
2026-07-13 08:27:34,1655,116,4,0.0,150,100.0
2026-07-13 08:27:35,1656,116,5,0.0,150,100.0
2026-07-13 08:27:36,1657,116,6,0.0,150,100.0
2026-07-13 08:27:37,1658,116,7,73.75,150,100.0
2026-07-13 08:27:38,1659,116,8,96.75,150,100.0
2026-07-13 08:27:39,1660,116,9,0.0,150,100.0
2026-07-13 08:27:40,1661,116,10,0.0,150,100.0
2026-07-13 08:27:41,1662,116,11,0.0,150,100.0
2026-07-13 08:27:42,1663,116,12,1.42,150,100.0
2026-07-13 08:27:43,1664,116,13,0.0,150,100.0
2026-07-13 08:27:44,1665,116,14,22.6,150,100.0
2026-07-13 08:27:45,1666,117,0,20.97,150,100.0
2026-07-13 08:27:46,1667,117,1,0.0,150,100.0
2026-07-13 08:27:47,1668,117,2,0.0,150,100.0
2026-07-13 08:27:48,1669,117,3,0.0,150,100.0
2026-07-13 08:27:49,1670,117,4,0.0,150,100.0
2026-07-13 08:27:50,1671,117,5,0.0,150,100.0
2026-07-13 08:27:51,1672,117,6,63.03,150,100.0
2026-07-13 08:27:52,1673,117,7,100.0,150,100.0
2026-07-13 08:27:53,1674,117,8,5.56,150,100.0
2026-07-13 08:27:54,1675,117,9,0.0,150,100.0
2026-07-13 08:27:55,1676,117,10,0.0,150,100.0
2026-07-13 08:27:56,1677,117,11,31.04,150,100.0
2026-07-13 08:27:57,1678,117,12,59.65,150,100.0
2026-07-13 08:27:58,1679,117,13,0.0,150,100.0
2026-07-13 08:27:59,1680,118,0,0.0,150,100.0
2026-07-13 08:28:00,1681,118,1,0.0,150,100.0
2026-07-13 08:28:01,1682,118,2,0.0,150,100.0
2026-07-13 08:28:02,1683,118,3,0.0,150,100.0
2026-07-13 08:28:03,1684,118,4,0.0,150,100.0
2026-07-13 08:28:04,1685,118,5,0.0,150,100.0
2026-07-13 08:28:05,1686,118,6,0.0,150,100.0
2026-07-13 08:28:06,1687,118,7,0.0,150,100.0
2026-07-13 08:28:07,1688,118,8,0.0,150,100.0
2026-07-13 08:28:08,1689,118,9,0.0,150,100.0
2026-07-13 08:28:09,1690,118,10,0.0,150,100.0
2026-07-13 08:28:10,1691,118,11,0.0,150,100.0
2026-07-13 08:28:11,1692,118,12,0.0,150,100.0
2026-07-13 08:28:12,1693,118,13,0.0,150,100.0
2026-07-13 08:28:13,1694,118,14,0.0,150,100.0
2026-07-13 08:28:14,1695,119,0,0.0,150,100.0
2026-07-13 08:28:15,1696,119,1,0.0,150,100.0
2026-07-13 08:28:16,1697,119,2,0.0,150,100.0
2026-07-13 08:28:17,1698,119,3,0.0,150,100.0
2026-07-13 08:28:18,1699,119,4,0.0,150,100.0
2026-07-13 08:28:19,1700,119,5,0.0,150,100.0
2026-07-13 08:28:20,1701,119,6,0.0,150,100.0
2026-07-13 08:28:21,1702,119,7,0.0,150,100.0
2026-07-13 08:28:22,1703,119,8,0.0,150,100.0
2026-07-13 08:28:23,1704,119,9,0.0,150,100.0
2026-07-13 08:28:24,1705,119,10,0.0,150,100.0
2026-07-13 08:28:25,1706,119,11,0.0,150,100.0
2026-07-13 08:28:26,1707,119,12,0.0,150,100.0
2026-07-13 08:28:27,1708,119,13,0.0,150,100.0
2026-07-13 08:28:28,1709,119,14,0.0,150,100.0
2026-07-13 08:28:29,1710,119,15,0.0,150,100.0
2026-07-13 08:28:30,1711,120,0,0.0,150,100.0
2026-07-13 08:28:31,1712,120,1,0.0,150,100.0
2026-07-13 08:28:32,1713,120,2,0.0,150,100.0
2026-07-13 08:28:33,1714,120,3,0.0,150,100.0
2026-07-13 08:28:34,1715,120,4,0.0,150,100.0
2026-07-13 08:28:35,1716,120,5,0.0,150,100.0
2026-07-13 08:28:36,1717,120,6,0.0,150,100.0
2026-07-13 08:28:37,1718,120,7,0.0,150,100.0
2026-07-13 08:28:38,1719,120,8,0.0,150,100.0
2026-07-13 08:28:39,1720,120,9,0.0,150,100.0
2026-07-13 08:28:40,1721,120,10,0.0,150,100.0
2026-07-13 08:28:41,1722,120,11,0.0,150,100.0
2026-07-13 08:28:42,1723,120,12,0.0,150,100.0
2026-07-13 08:28:43,1724,120,13,0.0,150,100.0
2026-07-13 08:28:44,1725,120,14,0.0,150,100.0
2026-07-13 08:28:45,1726,120,15,0.0,150,100.0
2026-07-13 08:28:46,1727,120,16,0.0,150,100.0
2026-07-13 08:28:47,1728,121,0,0.0,150,100.0
2026-07-13 08:28:48,1729,121,1,0.0,150,100.0
2026-07-13 08:28:49,1730,121,2,0.0,150,100.0
2026-07-13 08:28:50,1731,121,3,0.0,150,100.0
2026-07-13 08:28:51,1732,121,4,0.0,150,100.0
2026-07-13 08:28:52,1733,121,5,0.0,150,100.0
2026-07-13 08:28:53,1734,121,6,0.0,150,100.0
2026-07-13 08:28:54,1735,121,7,0.0,150,100.0
2026-07-13 08:28:55,1736,121,8,0.0,150,100.0
2026-07-13 08:28:56,1737,121,9,0.0,150,100.0
2026-07-13 08:28:57,1738,121,10,0.0,150,100.0
2026-07-13 08:28:58,1739,121,11,0.0,150,100.0
2026-07-13 08:28:59,1740,121,12,0.0,150,100.0
2026-07-13 08:29:00,1741,121,13,0.0,150,100.0
2026-07-13 08:29:01,1742,121,14,0.0,150,100.0
2026-07-13 08:29:02,1743,122,0,0.0,150,100.0
2026-07-13 08:29:03,1744,122,1,0.0,150,100.0
2026-07-13 08:29:04,1745,122,2,0.0,150,100.0
2026-07-13 08:29:05,1746,122,3,0.0,150,100.0
2026-07-13 08:29:06,1747,122,4,0.0,150,100.0
2026-07-13 08:29:07,1748,122,5,0.0,150,100.0
2026-07-13 08:29:08,1749,122,6,0.0,150,100.0
2026-07-13 08:29:09,1750,122,7,0.0,150,100.0
2026-07-13 08:29:10,1751,122,8,0.0,150,100.0
2026-07-13 08:29:11,1752,122,9,0.0,150,100.0
2026-07-13 08:29:12,1753,122,10,0.0,150,100.0
2026-07-13 08:29:13,1754,122,11,0.0,150,100.0
2026-07-13 08:29:14,1755,122,12,0.0,150,100.0
2026-07-13 08:29:15,1756,122,13,0.0,150,100.0
2026-07-13 08:29:16,1757,122,14,0.0,150,100.0
2026-07-13 08:29:17,1758,122,15,0.0,150,100.0
2026-07-13 08:29:18,1759,123,0,0.0,150,100.0
2026-07-13 08:29:19,1760,123,1,0.0,150,100.0
2026-07-13 08:29:20,1761,123,2,0.0,150,100.0
2026-07-13 08:29:21,1762,123,3,0.0,150,100.0
2026-07-13 08:29:22,1763,123,4,0.0,150,100.0
2026-07-13 08:29:23,1764,123,5,0.0,150,100.0
2026-07-13 08:29:24,1765,123,6,0.0,150,100.0
2026-07-13 08:29:25,1766,123,7,0.0,150,100.0
2026-07-13 08:29:26,1767,123,8,0.0,150,100.0
2026-07-13 08:29:27,1768,123,9,0.0,150,100.0
2026-07-13 08:29:28,1769,123,10,0.0,150,100.0
2026-07-13 08:29:29,1770,123,11,0.0,150,100.0
2026-07-13 08:29:30,1771,123,12,0.0,150,100.0
2026-07-13 08:29:31,1772,123,13,0.0,150,100.0
2026-07-13 08:29:32,1773,123,14,0.0,150,100.0
2026-07-13 08:29:33,1774,123,15,0.0,150,100.0
2026-07-13 08:29:34,1775,124,0,0.0,150,100.0
2026-07-13 08:29:35,1776,124,1,0.0,150,100.0
2026-07-13 08:29:36,1777,124,2,0.0,150,100.0
2026-07-13 08:29:37,1778,124,3,0.0,150,100.0
2026-07-13 08:29:38,1779,124,4,0.0,150,100.0
2026-07-13 08:29:39,1780,124,5,0.0,150,100.0
2026-07-13 08:29:40,1781,124,6,0.0,150,100.0
2026-07-13 08:29:41,1782,124,7,0.0,150,100.0
2026-07-13 08:29:42,1783,124,8,0.0,150,100.0
2026-07-13 08:29:43,1784,124,9,0.0,150,100.0
2026-07-13 08:29:44,1785,124,10,0.0,150,100.0
2026-07-13 08:29:45,1786,124,11,0.0,150,100.0
2026-07-13 08:29:46,1787,125,0,0.0,150,100.0
2026-07-13 08:29:47,1788,125,1,0.0,150,100.0
2026-07-13 08:29:48,1789,125,2,0.0,150,100.0
2026-07-13 08:29:49,1790,125,3,0.0,150,100.0
2026-07-13 08:29:50,1791,125,4,0.0,150,100.0
2026-07-13 08:29:51,1792,125,5,0.0,150,100.0
2026-07-13 08:29:52,1793,125,6,0.0,150,100.0
2026-07-13 08:29:53,1794,125,7,0.0,150,100.0
2026-07-13 08:29:54,1795,125,8,0.0,150,100.0
2026-07-13 08:29:55,1796,125,9,0.0,150,100.0
2026-07-13 08:29:56,1797,125,10,0.0,150,100.0
2026-07-13 08:29:57,1798,125,11,0.0,150,100.0
2026-07-13 08:29:58,1799,125,12,0.0,150,100.0
2026-07-13 08:29:59,1800,125,13,0.0,150,100.0
2026-07-13 08:30:00,1801,125,14,0.0,150,100.0
2026-07-13 08:30:01,1802,126,0,0.0,150,100.0
2026-07-13 08:30:02,1803,126,1,0.0,150,100.0
2026-07-13 08:30:03,1804,126,2,0.0,150,100.0
2026-07-13 08:30:04,1805,126,3,0.0,150,100.0
2026-07-13 08:30:05,1806,126,4,0.0,150,100.0
2026-07-13 08:30:06,1807,126,5,0.0,150,100.0
2026-07-13 08:30:07,1808,126,6,0.0,150,100.0
2026-07-13 08:30:08,1809,126,7,0.0,150,100.0
2026-07-13 08:30:09,1810,126,8,0.0,150,100.0
2026-07-13 08:30:10,1811,126,9,0.0,150,100.0
2026-07-13 08:30:11,1812,126,10,0.0,150,100.0
2026-07-13 08:30:12,1813,126,11,0.0,150,100.0
2026-07-13 08:30:13,1814,126,12,0.0,150,100.0
2026-07-13 08:30:14,1815,126,13,0.0,150,100.0
2026-07-13 08:30:15,1816,127,0,0.0,150,100.0
2026-07-13 08:30:16,1817,127,1,0.0,150,100.0
2026-07-13 08:30:17,1818,127,2,0.0,150,100.0
2026-07-13 08:30:18,1819,127,3,0.0,150,100.0
2026-07-13 08:30:19,1820,127,4,0.0,150,100.0
2026-07-13 08:30:20,1821,127,5,0.0,150,100.0
2026-07-13 08:30:21,1822,127,6,0.0,150,100.0
2026-07-13 08:30:22,1823,127,7,0.0,150,100.0
2026-07-13 08:30:23,1824,127,8,0.0,150,100.0
2026-07-13 08:30:24,1825,127,9,0.0,150,100.0
2026-07-13 08:30:25,1826,127,10,0.0,150,100.0
2026-07-13 08:30:26,1827,127,11,0.0,150,100.0
2026-07-13 08:30:27,1828,127,12,0.0,150,100.0
2026-07-13 08:30:28,1829,127,13,0.0,150,100.0
2026-07-13 08:30:29,1830,128,0,0.0,150,100.0
2026-07-13 08:30:30,1831,128,1,0.0,150,100.0
2026-07-13 08:30:31,1832,128,2,0.0,150,100.0
2026-07-13 08:30:32,1833,128,3,0.0,150,100.0
2026-07-13 08:30:33,1834,128,4,0.0,150,100.0
2026-07-13 08:30:34,1835,128,5,0.0,150,100.0
2026-07-13 08:30:35,1836,128,6,0.0,150,100.0
2026-07-13 08:30:36,1837,128,7,0.0,150,100.0
2026-07-13 08:30:37,1838,128,8,0.0,150,100.0
2026-07-13 08:30:38,1839,128,9,0.0,150,100.0
2026-07-13 08:30:39,1840,128,10,0.0,150,100.0
2026-07-13 08:30:40,1841,128,11,0.0,150,100.0
2026-07-13 08:30:41,1842,128,12,0.0,150,100.0
2026-07-13 08:30:42,1843,128,13,25.06,150,100.0
2026-07-13 08:30:43,1844,128,14,0.0,150,100.0
2026-07-13 08:30:44,1845,129,0,0.0,150,100.0
2026-07-13 08:30:45,1846,129,1,0.0,150,100.0
2026-07-13 08:30:46,1847,129,2,0.0,150,100.0
2026-07-13 08:30:47,1848,129,3,0.0,150,100.0
2026-07-13 08:30:48,1849,129,4,0.0,150,100.0
2026-07-13 08:30:49,1850,129,5,0.0,150,100.0
2026-07-13 08:30:50,1851,129,6,4.9,150,100.0
2026-07-13 08:30:51,1852,129,7,0.0,150,100.0
2026-07-13 08:30:52,1853,129,8,0.0,150,100.0
2026-07-13 08:30:53,1854,129,9,0.0,150,100.0
2026-07-13 08:30:54,1855,129,10,0.0,150,100.0
2026-07-13 08:30:55,1856,129,11,0.0,150,100.0
2026-07-13 08:30:56,1857,129,12,0.0,150,100.0
2026-07-13 08:30:57,1858,129,13,0.0,150,100.0
2026-07-13 08:30:58,1859,129,14,0.0,150,100.0
2026-07-13 08:30:59,1860,129,15,0.0,150,100.0
2026-07-13 08:31:00,1861,130,0,0.0,150,100.0
2026-07-13 08:31:01,1862,130,1,0.0,150,100.0
2026-07-13 08:31:02,1863,130,2,0.0,150,100.0
2026-07-13 08:31:03,1864,130,3,0.0,150,100.0
2026-07-13 08:31:04,1865,130,4,0.0,150,100.0
2026-07-13 08:31:05,1866,130,5,0.0,150,100.0
2026-07-13 08:31:06,1867,130,6,0.0,150,100.0
2026-07-13 08:31:07,1868,130,7,0.0,150,100.0
2026-07-13 08:31:08,1869,130,8,0.0,150,100.0
2026-07-13 08:31:09,1870,130,9,0.0,150,100.0
2026-07-13 08:31:10,1871,130,10,0.0,150,100.0
2026-07-13 08:31:11,1872,130,11,0.0,150,100.0
2026-07-13 08:31:12,1873,130,12,0.0,150,100.0
2026-07-13 08:31:13,1874,130,13,0.0,150,100.0
2026-07-13 08:31:14,1875,130,14,0.0,150,100.0
2026-07-13 08:31:15,1876,130,15,0.0,150,100.0
2026-07-13 08:31:16,1877,130,16,0.0,150,100.0
2026-07-13 08:31:17,1878,131,0,0.0,150,100.0
2026-07-13 08:31:18,1879,131,1,0.0,150,100.0
2026-07-13 08:31:19,1880,131,2,0.0,150,100.0
2026-07-13 08:31:20,1881,131,3,0.0,150,100.0
2026-07-13 08:31:21,1882,131,4,0.0,150,100.0
2026-07-13 08:31:22,1883,131,5,0.0,150,100.0
2026-07-13 08:31:23,1884,131,6,0.0,150,100.0
2026-07-13 08:31:24,1885,131,7,0.0,150,100.0
2026-07-13 08:31:25,1886,131,8,0.0,150,100.0
2026-07-13 08:31:26,1887,131,9,0.0,150,100.0
2026-07-13 08:31:27,1888,131,10,0.0,150,100.0
2026-07-13 08:31:28,1889,131,11,0.0,150,100.0
2026-07-13 08:31:29,1890,131,12,0.0,150,100.0
2026-07-13 08:31:30,1891,131,13,0.0,150,100.0
2026-07-13 08:31:31,1892,131,14,0.0,150,100.0
2026-07-13 08:31:32,1893,132,0,0.0,150,100.0
2026-07-13 08:31:33,1894,132,1,0.0,150,100.0
2026-07-13 08:31:34,1895,132,2,0.0,150,100.0
2026-07-13 08:31:35,1896,132,3,0.0,150,100.0
2026-07-13 08:31:36,1897,132,4,0.0,150,100.0
2026-07-13 08:31:37,1898,132,5,0.0,150,100.0
2026-07-13 08:31:38,1899,132,6,0.0,150,100.0
2026-07-13 08:31:39,1900,132,7,0.0,150,100.0
2026-07-13 08:31:40,1901,132,8,0.0,150,100.0
2026-07-13 08:31:41,1902,132,9,0.0,150,100.0
2026-07-13 08:31:42,1903,132,10,0.0,150,100.0
2026-07-13 08:31:43,1904,132,11,0.0,150,100.0
2026-07-13 08:31:44,1905,132,12,0.0,150,100.0
2026-07-13 08:31:45,1906,132,13,0.0,150,100.0
2026-07-13 08:31:46,1907,132,14,0.0,150,100.0
2026-07-13 08:31:47,1908,133,0,0.0,150,100.0
2026-07-13 08:31:48,1909,133,1,27.29,150,100.0
2026-07-13 08:31:49,1910,133,2,89.62,150,100.0
2026-07-13 08:31:50,1911,133,3,50.2,150,100.0
2026-07-13 08:31:51,1912,133,4,0.0,150,100.0
2026-07-13 08:31:52,1913,133,5,0.0,150,100.0
2026-07-13 08:31:53,1914,133,6,0.0,150,100.0
2026-07-13 08:31:54,1915,133,7,0.0,150,100.0
2026-07-13 08:31:55,1916,133,8,0.0,150,100.0
2026-07-13 08:31:56,1917,133,9,0.0,150,100.0
2026-07-13 08:31:57,1918,133,10,0.0,150,100.0
2026-07-13 08:31:58,1919,133,11,0.0,150,100.0
2026-07-13 08:31:59,1920,133,12,0.0,150,100.0
2026-07-13 08:32:00,1921,133,13,0.0,150,100.0
2026-07-13 08:32:01,1922,133,14,0.0,150,100.0
2026-07-13 08:32:02,1923,134,0,0.0,150,100.0
2026-07-13 08:32:03,1924,134,1,50.78,150,100.0
2026-07-13 08:32:04,1925,134,2,56.18,150,100.0
2026-07-13 08:32:05,1926,134,3,0.0,150,100.0
2026-07-13 08:32:06,1927,134,4,0.0,150,100.0
2026-07-13 08:32:07,1928,134,5,0.0,150,100.0
2026-07-13 08:32:08,1929,134,6,0.0,150,100.0
2026-07-13 08:32:09,1930,134,7,0.0,150,100.0
2026-07-13 08:32:10,1931,134,8,0.0,150,100.0
2026-07-13 08:32:11,1932,134,9,0.0,150,100.0
2026-07-13 08:32:12,1933,134,10,0.0,150,100.0
2026-07-13 08:32:13,1934,134,11,0.0,150,100.0
2026-07-13 08:32:14,1935,134,12,0.0,150,100.0
2026-07-13 08:32:15,1936,134,13,0.0,150,100.0
2026-07-13 08:32:16,1937,134,14,0.0,150,100.0
2026-07-13 08:32:17,1938,135,0,0.0,150,100.0
2026-07-13 08:32:18,1939,135,1,0.0,150,100.0
2026-07-13 08:32:19,1940,135,2,0.0,150,100.0
2026-07-13 08:32:20,1941,135,3,0.0,150,100.0
2026-07-13 08:32:21,1942,135,4,0.0,150,100.0
2026-07-13 08:32:22,1943,135,5,0.0,150,100.0
2026-07-13 08:32:23,1944,135,6,0.0,150,100.0
2026-07-13 08:32:24,1945,135,7,0.0,150,100.0
2026-07-13 08:32:25,1946,135,8,0.0,150,100.0
2026-07-13 08:32:26,1947,135,9,0.0,150,100.0
2026-07-13 08:32:27,1948,135,10,0.0,150,100.0
2026-07-13 08:32:28,1949,135,11,0.0,150,100.0
2026-07-13 08:32:29,1950,135,12,0.0,150,100.0
2026-07-13 08:32:30,1951,135,13,0.0,150,100.0
2026-07-13 08:32:31,1952,135,14,0.0,150,100.0
2026-07-13 08:32:32,1953,136,0,0.0,150,100.0
2026-07-13 08:32:33,1954,136,1,0.0,150,100.0
2026-07-13 08:32:34,1955,136,2,0.0,150,100.0
2026-07-13 08:32:35,1956,136,3,0.0,150,100.0
2026-07-13 08:32:36,1957,136,4,0.0,150,100.0
2026-07-13 08:32:37,1958,136,5,0.0,150,100.0
2026-07-13 08:32:38,1959,136,6,0.0,150,100.0
2026-07-13 08:32:39,1960,136,7,0.0,150,100.0
2026-07-13 08:32:40,1961,136,8,0.0,150,100.0
2026-07-13 08:32:41,1962,136,9,0.0,150,100.0
2026-07-13 08:32:42,1963,136,10,0.0,150,100.0
2026-07-13 08:32:43,1964,136,11,0.0,150,100.0
2026-07-13 08:32:44,1965,136,12,0.0,150,100.0
2026-07-13 08:32:45,1966,136,13,0.0,150,100.0
2026-07-13 08:32:46,1967,137,0,0.0,150,100.0
2026-07-13 08:32:47,1968,137,1,0.0,150,100.0
2026-07-13 08:32:48,1969,137,2,0.0,150,100.0
2026-07-13 08:32:49,1970,137,3,0.0,150,100.0
2026-07-13 08:32:50,1971,137,4,0.0,150,100.0
2026-07-13 08:32:51,1972,137,5,0.0,150,100.0
2026-07-13 08:32:52,1973,137,6,0.0,150,100.0
2026-07-13 08:32:53,1974,137,7,0.0,150,100.0
2026-07-13 08:32:54,1975,137,8,0.0,150,100.0
2026-07-13 08:32:55,1976,137,9,0.0,150,100.0
2026-07-13 08:32:56,1977,137,10,0.0,150,100.0
2026-07-13 08:32:57,1978,137,11,0.0,150,100.0
2026-07-13 08:32:58,1979,137,12,0.0,150,100.0
2026-07-13 08:32:59,1980,137,13,0.0,150,100.0
2026-07-13 08:33:00,1981,137,14,0.0,150,100.0
2026-07-13 08:33:01,1982,137,15,0.0,150,100.0
2026-07-13 08:33:02,1983,137,16,0.0,150,100.0
2026-07-13 08:33:03,1984,138,0,0.0,150,100.0
2026-07-13 08:33:04,1985,138,1,100.0,150,100.0
2026-07-13 08:33:05,1986,138,2,32.54,150,100.0
2026-07-13 08:33:06,1987,138,3,0.0,150,100.0
2026-07-13 08:33:07,1988,138,4,0.0,150,100.0
2026-07-13 08:33:08,1989,138,5,0.0,150,100.0
2026-07-13 08:33:09,1990,138,6,0.0,150,100.0
2026-07-13 08:33:10,1991,138,7,0.0,150,100.0
2026-07-13 08:33:11,1992,138,8,0.0,150,100.0
2026-07-13 08:33:12,1993,138,9,0.0,150,100.0
2026-07-13 08:33:13,1994,138,10,0.0,150,100.0
2026-07-13 08:33:14,1995,138,11,0.0,150,100.0
2026-07-13 08:33:15,1996,138,12,0.0,150,100.0
2026-07-13 08:33:16,1997,138,13,0.0,150,100.0
2026-07-13 08:33:17,1998,139,0,0.0,150,100.0
2026-07-13 08:33:18,1999,139,1,0.0,150,100.0
2026-07-13 08:33:19,2000,139,2,0.0,150,100.0
2026-07-13 08:33:20,2001,139,3,89.61,150,100.0
2026-07-13 08:33:21,2002,139,4,0.0,150,100.0
2026-07-13 08:33:22,2003,139,5,0.0,150,100.0
2026-07-13 08:33:23,2004,139,6,0.0,150,100.0
2026-07-13 08:33:24,2005,139,7,0.0,150,100.0
2026-07-13 08:33:25,2006,139,8,0.0,150,100.0
2026-07-13 08:33:26,2007,139,9,0.0,150,100.0
2026-07-13 08:33:27,2008,139,10,0.0,150,100.0
2026-07-13 08:33:28,2009,139,11,0.0,150,100.0
2026-07-13 08:33:29,2010,139,12,0.0,150,100.0
2026-07-13 08:33:30,2011,139,13,0.0,150,100.0
2026-07-13 08:33:31,2012,139,14,0.0,150,100.0
2026-07-13 08:33:32,2013,140,0,0.0,150,100.0
2026-07-13 08:33:33,2014,140,1,0.0,150,100.0
2026-07-13 08:33:34,2015,140,2,0.0,150,100.0
2026-07-13 08:33:35,2016,140,3,0.0,150,100.0
2026-07-13 08:33:36,2017,140,4,0.0,150,100.0
2026-07-13 08:33:37,2018,140,5,0.0,150,100.0
2026-07-13 08:33:38,2019,140,6,0.0,150,100.0
2026-07-13 08:33:39,2020,140,7,0.0,150,100.0
2026-07-13 08:33:40,2021,140,8,0.0,150,100.0
2026-07-13 08:33:41,2022,140,9,0.0,150,100.0
2026-07-13 08:33:42,2023,140,10,0.0,150,100.0
2026-07-13 08:33:43,2024,140,11,0.0,150,100.0
2026-07-13 08:33:44,2025,140,12,0.0,150,100.0
2026-07-13 08:33:45,2026,140,13,0.0,150,100.0
2026-07-13 08:33:46,2027,140,14,0.0,150,100.0
2026-07-13 08:33:47,2028,140,15,0.0,150,100.0
2026-07-13 08:33:48,2029,141,0,0.0,150,100.0
2026-07-13 08:33:49,2030,141,1,0.0,150,100.0
2026-07-13 08:33:50,2031,141,2,0.0,150,100.0
2026-07-13 08:33:51,2032,141,3,0.0,150,100.0
2026-07-13 08:33:52,2033,141,4,0.0,150,100.0
2026-07-13 08:33:53,2034,141,5,0.0,150,100.0
2026-07-13 08:33:54,2035,141,6,0.0,150,100.0
2026-07-13 08:33:55,2036,141,7,0.0,150,100.0
2026-07-13 08:33:56,2037,141,8,0.0,150,100.0
2026-07-13 08:33:57,2038,141,9,0.0,150,100.0
2026-07-13 08:33:58,2039,141,10,0.0,150,100.0
2026-07-13 08:33:59,2040,141,11,0.0,150,100.0
2026-07-13 08:34:00,2041,141,12,0.0,150,100.0
2026-07-13 08:34:01,2042,141,13,0.0,150,100.0
2026-07-13 08:34:02,2043,141,14,0.0,150,100.0
2026-07-13 08:34:03,2044,141,15,0.0,150,100.0
2026-07-13 08:34:04,2045,142,0,0.0,150,100.0
2026-07-13 08:34:05,2046,142,1,0.0,150,100.0
2026-07-13 08:34:06,2047,142,2,0.0,150,100.0
2026-07-13 08:34:07,2048,142,3,0.0,150,100.0
2026-07-13 08:34:08,2049,142,4,0.0,150,100.0
2026-07-13 08:34:09,2050,142,5,0.0,150,100.0
2026-07-13 08:34:10,2051,142,6,0.0,150,100.0
2026-07-13 08:34:11,2052,142,7,0.0,150,100.0
2026-07-13 08:34:12,2053,142,8,0.0,150,100.0
2026-07-13 08:34:13,2054,142,9,0.0,150,100.0
2026-07-13 08:34:14,2055,142,10,0.0,150,100.0
2026-07-13 08:34:15,2056,142,11,0.0,150,100.0
2026-07-13 08:34:16,2057,142,12,0.0,150,100.0
2026-07-13 08:34:17,2058,142,13,0.0,150,100.0
2026-07-13 08:34:18,2059,142,14,0.0,150,100.0
2026-07-13 08:34:19,2060,142,15,0.0,150,100.0
2026-07-13 08:34:20,2061,143,0,0.0,150,100.0
2026-07-13 08:34:21,2062,143,1,0.0,150,100.0
2026-07-13 08:34:22,2063,143,2,0.0,150,100.0
2026-07-13 08:34:23,2064,143,3,0.0,150,100.0
2026-07-13 08:34:24,2065,143,4,0.0,150,100.0
2026-07-13 08:34:25,2066,143,5,0.0,150,100.0
2026-07-13 08:34:26,2067,143,6,0.0,150,100.0
2026-07-13 08:34:27,2068,143,7,0.0,150,100.0
2026-07-13 08:34:28,2069,143,8,0.0,150,100.0
2026-07-13 08:34:29,2070,143,9,0.0,150,100.0
2026-07-13 08:34:30,2071,143,10,0.0,150,100.0
2026-07-13 08:34:31,2072,143,11,0.0,150,100.0
2026-07-13 08:34:32,2073,143,12,0.0,150,100.0
2026-07-13 08:34:33,2074,143,13,0.0,150,100.0
2026-07-13 08:34:34,2075,144,0,0.0,150,100.0
2026-07-13 08:34:35,2076,144,1,0.0,150,100.0
2026-07-13 08:34:36,2077,144,2,0.0,150,100.0
2026-07-13 08:34:37,2078,144,3,0.0,150,100.0
2026-07-13 08:34:38,2079,144,4,0.0,150,100.0
2026-07-13 08:34:39,2080,144,5,0.0,150,100.0
2026-07-13 08:34:40,2081,144,6,0.0,150,100.0
2026-07-13 08:34:41,2082,144,7,0.0,150,100.0
2026-07-13 08:34:42,2083,144,8,0.0,150,100.0
2026-07-13 08:34:43,2084,144,9,0.0,150,100.0
2026-07-13 08:34:44,2085,144,10,0.0,150,100.0
2026-07-13 08:34:45,2086,144,11,0.0,150,100.0
2026-07-13 08:34:46,2087,144,12,0.0,150,100.0
2026-07-13 08:34:47,2088,145,0,0.0,150,100.0
2026-07-13 08:34:48,2089,145,1,0.0,150,100.0
2026-07-13 08:34:49,2090,145,2,0.0,150,100.0
2026-07-13 08:34:50,2091,145,3,0.0,150,100.0
2026-07-13 08:34:51,2092,145,4,0.0,150,100.0
2026-07-13 08:34:52,2093,145,5,0.0,150,100.0
2026-07-13 08:34:53,2094,145,6,0.0,150,100.0
2026-07-13 08:34:54,2095,145,7,0.0,150,100.0
2026-07-13 08:34:55,2096,145,8,0.0,150,100.0
2026-07-13 08:34:56,2097,145,9,0.0,150,100.0
2026-07-13 08:34:57,2098,145,10,0.0,150,100.0
2026-07-13 08:34:58,2099,145,11,0.0,150,100.0
2026-07-13 08:34:59,2100,145,12,0.0,150,100.0
2026-07-13 08:35:00,2101,146,0,0.0,150,100.0
2026-07-13 08:35:01,2102,146,1,0.0,150,100.0
2026-07-13 08:35:02,2103,146,2,0.0,150,100.0
2026-07-13 08:35:03,2104,146,3,0.0,150,100.0
2026-07-13 08:35:04,2105,146,4,0.0,150,100.0
2026-07-13 08:35:05,2106,146,5,0.0,150,100.0
2026-07-13 08:35:06,2107,146,6,0.0,150,100.0
2026-07-13 08:35:07,2108,146,7,0.0,150,100.0
2026-07-13 08:35:08,2109,146,8,0.0,150,100.0
2026-07-13 08:35:09,2110,146,9,0.0,150,100.0
2026-07-13 08:35:10,2111,146,10,0.0,150,100.0
2026-07-13 08:35:11,2112,146,11,0.0,150,100.0
2026-07-13 08:35:12,2113,146,12,0.0,150,100.0
2026-07-13 08:35:13,2114,147,0,0.0,150,100.0
2026-07-13 08:35:14,2115,147,1,0.0,150,100.0
2026-07-13 08:35:15,2116,147,2,0.0,150,100.0
2026-07-13 08:35:16,2117,147,3,0.0,150,100.0
2026-07-13 08:35:17,2118,147,4,0.0,150,100.0
2026-07-13 08:35:18,2119,147,5,0.0,150,100.0
2026-07-13 08:35:19,2120,147,6,0.0,150,100.0
2026-07-13 08:35:20,2121,147,7,0.0,150,100.0
2026-07-13 08:35:21,2122,147,8,0.0,150,100.0
2026-07-13 08:35:22,2123,147,9,0.0,150,100.0
2026-07-13 08:35:23,2124,147,10,0.0,150,100.0
2026-07-13 08:35:24,2125,147,11,0.0,150,100.0
2026-07-13 08:35:25,2126,147,12,0.0,150,100.0
2026-07-13 08:35:26,2127,147,13,0.0,150,100.0
2026-07-13 08:35:27,2128,147,14,0.0,150,100.0
2026-07-13 08:35:28,2129,148,0,0.0,150,100.0
2026-07-13 08:35:29,2130,148,1,0.0,150,100.0
2026-07-13 08:35:30,2131,148,2,0.0,150,100.0
2026-07-13 08:35:31,2132,148,3,0.0,150,100.0
2026-07-13 08:35:32,2133,148,4,0.0,150,100.0
2026-07-13 08:35:33,2134,148,5,0.0,150,100.0
2026-07-13 08:35:34,2135,148,6,0.0,150,100.0
2026-07-13 08:35:35,2136,148,7,0.0,150,100.0
2026-07-13 08:35:36,2137,148,8,0.0,150,100.0
2026-07-13 08:35:37,2138,148,9,0.0,150,100.0
2026-07-13 08:35:38,2139,148,10,0.0,150,100.0
2026-07-13 08:35:39,2140,148,11,0.0,150,100.0
2026-07-13 08:35:40,2141,148,12,0.0,150,100.0
2026-07-13 08:35:41,2142,148,13,0.0,150,100.0
2026-07-13 08:35:42,2143,148,14,0.0,150,100.0
2026-07-13 08:35:43,2144,148,15,0.0,150,100.0
2026-07-13 08:35:44,2145,149,0,0.0,150,100.0
2026-07-13 08:35:45,2146,149,1,0.0,150,100.0
2026-07-13 08:35:46,2147,149,2,0.0,150,100.0
2026-07-13 08:35:47,2148,149,3,0.0,150,100.0
2026-07-13 08:35:48,2149,149,4,0.0,150,100.0
2026-07-13 08:35:49,2150,149,5,0.0,150,100.0
2026-07-13 08:35:50,2151,149,6,0.0,150,100.0
2026-07-13 08:35:51,2152,149,7,0.0,150,100.0
2026-07-13 08:35:52,2153,149,8,0.0,150,100.0
2026-07-13 08:35:53,2154,149,9,0.0,150,100.0
2026-07-13 08:35:54,2155,149,10,0.0,150,100.0
2026-07-13 08:35:55,2156,149,11,0.0,150,100.0
2026-07-13 08:35:56,2157,149,12,0.0,150,100.0
2026-07-13 08:35:57,2158,149,13,0.0,150,100.0
2026-07-13 08:35:58,2159,149,14,0.0,150,100.0
2026-07-13 08:35:59,2160,149,15,0.0,150,100.0
2026-07-13 08:36:00,2161,150,0,0.0,150,100.0
2026-07-13 08:36:01,2162,150,1,0.0,150,100.0
2026-07-13 08:36:02,2163,150,2,0.0,150,100.0
2026-07-13 08:36:03,2164,150,3,0.0,150,100.0
2026-07-13 08:36:04,2165,150,4,0.0,150,100.0
2026-07-13 08:36:05,2166,150,5,0.0,150,100.0
2026-07-13 08:36:06,2167,150,6,0.0,150,100.0
2026-07-13 08:36:07,2168,150,7,0.0,150,100.0
2026-07-13 08:36:08,2169,150,8,0.0,150,100.0
2026-07-13 08:36:09,2170,150,9,0.0,150,100.0
2026-07-13 08:36:10,2171,150,10,0.0,150,100.0
2026-07-13 08:36:11,2172,150,11,0.0,150,100.0
2026-07-13 08:36:12,2173,150,12,0.0,150,100.0
2026-07-13 08:36:13,2174,150,13,0.0,150,100.0
2026-07-13 08:36:14,2175,151,0,0.0,150,100.0
2026-07-13 08:36:15,2176,151,1,0.0,150,100.0
2026-07-13 08:36:16,2177,151,2,0.0,150,100.0
2026-07-13 08:36:17,2178,151,3,0.0,150,100.0
2026-07-13 08:36:18,2179,151,4,0.0,150,100.0
2026-07-13 08:36:19,2180,151,5,0.0,150,100.0
2026-07-13 08:36:20,2181,151,6,0.0,150,100.0
2026-07-13 08:36:21,2182,151,7,0.0,150,100.0
2026-07-13 08:36:22,2183,151,8,0.0,150,100.0
2026-07-13 08:36:23,2184,151,9,0.0,150,100.0
2026-07-13 08:36:24,2185,151,10,0.0,150,100.0
2026-07-13 08:36:25,2186,151,11,0.0,150,100.0
2026-07-13 08:36:26,2187,151,12,0.0,150,100.0
2026-07-13 08:36:27,2188,151,13,47.4,150,100.0
2026-07-13 08:36:28,2189,151,14,0.0,150,100.0
2026-07-13 08:36:29,2190,151,15,0.0,150,100.0
2026-07-13 08:36:30,2191,152,0,0.0,150,100.0
2026-07-13 08:36:31,2192,152,1,0.0,150,100.0
2026-07-13 08:36:32,2193,152,2,0.0,150,100.0
2026-07-13 08:36:33,2194,152,3,0.0,150,100.0
2026-07-13 08:36:34,2195,152,4,0.0,150,100.0
2026-07-13 08:36:35,2196,152,5,0.0,150,100.0
2026-07-13 08:36:36,2197,152,6,0.0,150,100.0
2026-07-13 08:36:37,2198,152,7,0.0,150,100.0
2026-07-13 08:36:38,2199,152,8,0.0,150,100.0
2026-07-13 08:36:39,2200,152,9,0.0,150,100.0
2026-07-13 08:36:40,2201,152,10,0.0,150,100.0
2026-07-13 08:36:41,2202,152,11,0.0,150,100.0
2026-07-13 08:36:42,2203,152,12,100.0,150,100.0
2026-07-13 08:36:43,2204,152,13,100.0,150,100.0
2026-07-13 08:36:44,2205,152,14,62.1,150,100.0
2026-07-13 08:36:45,2206,152,15,0.0,150,100.0
2026-07-13 08:36:46,2207,153,0,0.0,150,100.0
2026-07-13 08:36:47,2208,153,1,0.0,150,100.0
2026-07-13 08:36:48,2209,153,2,0.0,150,100.0
2026-07-13 08:36:49,2210,153,3,100.0,150,100.0
2026-07-13 08:36:50,2211,153,4,0.0,150,100.0
2026-07-13 08:36:51,2212,153,5,0.0,150,100.0
2026-07-13 08:36:52,2213,153,6,0.0,150,100.0
2026-07-13 08:36:53,2214,153,7,0.0,150,100.0
2026-07-13 08:36:54,2215,153,8,10.21,150,100.0
2026-07-13 08:36:55,2216,153,9,67.98,150,100.0
2026-07-13 08:36:56,2217,153,10,100.0,150,100.0
2026-07-13 08:36:57,2218,153,11,0.0,150,100.0
2026-07-13 08:36:58,2219,153,12,100.0,150,100.0
2026-07-13 08:36:59,2220,153,13,35.03,150,100.0
2026-07-13 08:37:00,2221,154,0,0.0,150,100.0
2026-07-13 08:37:01,2222,154,1,0.0,150,100.0
2026-07-13 08:37:02,2223,154,2,0.0,150,100.0
2026-07-13 08:37:03,2224,154,3,63.08,150,100.0
2026-07-13 08:37:04,2225,154,4,16.52,150,100.0
2026-07-13 08:37:05,2226,154,5,0.0,150,100.0
2026-07-13 08:37:06,2227,154,6,0.0,150,100.0
2026-07-13 08:37:07,2228,154,7,59.36,150,100.0
2026-07-13 08:37:08,2229,154,8,11.65,150,100.0
2026-07-13 08:37:09,2230,154,9,0.0,150,100.0
2026-07-13 08:37:10,2231,154,10,0.0,150,100.0
2026-07-13 08:37:11,2232,154,11,5.55,150,100.0
2026-07-13 08:37:12,2233,154,12,0.0,150,100.0
2026-07-13 08:37:13,2234,154,13,0.0,150,100.0
2026-07-13 08:37:14,2235,155,0,0.0,150,100.0
2026-07-13 08:37:15,2236,155,1,0.0,150,100.0
2026-07-13 08:37:16,2237,155,2,0.0,150,100.0
2026-07-13 08:37:17,2238,155,3,0.0,150,100.0
2026-07-13 08:37:18,2239,155,4,0.0,150,100.0
2026-07-13 08:37:19,2240,155,5,0.0,150,100.0
2026-07-13 08:37:20,2241,155,6,0.0,150,100.0
2026-07-13 08:37:21,2242,155,7,0.0,150,100.0
2026-07-13 08:37:22,2243,155,8,0.0,150,100.0
2026-07-13 08:37:23,2244,155,9,0.0,150,100.0
2026-07-13 08:37:24,2245,155,10,0.0,150,100.0
2026-07-13 08:37:25,2246,155,11,0.0,150,100.0
2026-07-13 08:37:26,2247,155,12,0.0,150,100.0
2026-07-13 08:37:27,2248,155,13,0.0,150,100.0
2026-07-13 08:37:28,2249,155,14,0.0,150,100.0
2026-07-13 08:37:29,2250,156,0,0.0,150,100.0
2026-07-13 08:37:30,2251,156,1,0.0,150,100.0
2026-07-13 08:37:31,2252,156,2,0.0,150,100.0
2026-07-13 08:37:32,2253,156,3,0.0,150,100.0
2026-07-13 08:37:33,2254,156,4,0.0,150,100.0
2026-07-13 08:37:34,2255,156,5,0.0,150,100.0
2026-07-13 08:37:35,2256,156,6,0.0,150,100.0
2026-07-13 08:37:36,2257,156,7,0.0,150,100.0
2026-07-13 08:37:37,2258,156,8,0.0,150,100.0
2026-07-13 08:37:38,2259,156,9,0.0,150,100.0
2026-07-13 08:37:39,2260,156,10,0.0,150,100.0
2026-07-13 08:37:40,2261,156,11,0.0,150,100.0
2026-07-13 08:37:41,2262,156,12,0.0,150,100.0
2026-07-13 08:37:42,2263,156,13,0.0,150,100.0
2026-07-13 08:37:43,2264,156,14,0.0,150,100.0
2026-07-13 08:37:44,2265,156,15,0.0,150,100.0
2026-07-13 08:37:45,2266,157,0,0.0,150,100.0
2026-07-13 08:37:46,2267,157,1,0.0,150,100.0
2026-07-13 08:37:47,2268,157,2,0.0,150,100.0
2026-07-13 08:37:48,2269,157,3,0.0,150,100.0
2026-07-13 08:37:49,2270,157,4,0.0,150,100.0
2026-07-13 08:37:50,2271,157,5,0.0,150,100.0
2026-07-13 08:37:51,2272,157,6,0.0,150,100.0
2026-07-13 08:37:52,2273,157,7,0.0,150,100.0
2026-07-13 08:37:53,2274,157,8,0.0,150,100.0
2026-07-13 08:37:54,2275,157,9,0.0,150,100.0
2026-07-13 08:37:55,2276,157,10,0.0,150,100.0
2026-07-13 08:37:56,2277,157,11,0.0,150,100.0
2026-07-13 08:37:57,2278,157,12,0.0,150,100.0
2026-07-13 08:37:58,2279,157,13,0.0,150,100.0
2026-07-13 08:37:59,2280,157,14,0.0,150,100.0
2026-07-13 08:38:00,2281,157,15,0.0,150,100.0
2026-07-13 08:38:01,2282,158,0,0.0,150,100.0
2026-07-13 08:38:02,2283,158,1,0.0,150,100.0
2026-07-13 08:38:03,2284,158,2,0.0,150,100.0
2026-07-13 08:38:04,2285,158,3,0.0,150,100.0
2026-07-13 08:38:05,2286,158,4,0.0,150,100.0
2026-07-13 08:38:06,2287,158,5,0.0,150,100.0
2026-07-13 08:38:07,2288,158,6,0.0,150,100.0
2026-07-13 08:38:08,2289,158,7,0.0,150,100.0
2026-07-13 08:38:09,2290,158,8,0.0,150,100.0
2026-07-13 08:38:10,2291,158,9,0.0,150,100.0
2026-07-13 08:38:11,2292,158,10,0.0,150,100.0
2026-07-13 08:38:12,2293,158,11,0.0,150,100.0
2026-07-13 08:38:13,2294,158,12,0.0,150,100.0
2026-07-13 08:38:14,2295,158,13,0.0,150,100.0
2026-07-13 08:38:15,2296,159,0,0.0,150,100.0
2026-07-13 08:38:16,2297,159,1,0.0,150,100.0
2026-07-13 08:38:17,2298,159,2,0.0,150,100.0
2026-07-13 08:38:18,2299,159,3,0.0,150,100.0
2026-07-13 08:38:19,2300,159,4,0.0,150,100.0
2026-07-13 08:38:20,2301,159,5,0.0,150,100.0
2026-07-13 08:38:21,2302,159,6,0.0,150,100.0
2026-07-13 08:38:22,2303,159,7,0.0,150,100.0
2026-07-13 08:38:23,2304,159,8,0.0,150,100.0
2026-07-13 08:38:24,2305,159,9,0.0,150,100.0
2026-07-13 08:38:25,2306,159,10,0.0,150,100.0
2026-07-13 08:38:26,2307,159,11,0.0,150,100.0
2026-07-13 08:38:27,2308,159,12,0.0,150,100.0
2026-07-13 08:38:28,2309,159,13,0.0,150,100.0
2026-07-13 08:38:29,2310,159,14,0.0,150,100.0
2026-07-13 08:38:30,2311,159,15,0.0,150,100.0
2026-07-13 08:38:31,2312,160,0,0.0,150,100.0
2026-07-13 08:38:32,2313,160,1,0.0,150,100.0
2026-07-13 08:38:33,2314,160,2,0.0,150,100.0
2026-07-13 08:38:34,2315,160,3,0.0,150,100.0
2026-07-13 08:38:35,2316,160,4,0.0,150,100.0
2026-07-13 08:38:36,2317,160,5,0.0,150,100.0
2026-07-13 08:38:37,2318,160,6,0.0,150,100.0
2026-07-13 08:38:38,2319,160,7,0.0,150,100.0
2026-07-13 08:38:39,2320,160,8,0.0,150,100.0
2026-07-13 08:38:40,2321,160,9,0.0,150,100.0
2026-07-13 08:38:41,2322,160,10,0.0,150,100.0
2026-07-13 08:38:42,2323,160,11,0.0,150,100.0
2026-07-13 08:38:43,2324,160,12,0.0,150,100.0
2026-07-13 08:38:44,2325,160,13,0.0,150,100.0
2026-07-13 08:38:45,2326,161,0,0.0,150,100.0
2026-07-13 08:38:46,2327,161,1,0.0,150,100.0
2026-07-13 08:38:47,2328,161,2,0.0,150,100.0
2026-07-13 08:38:48,2329,161,3,0.0,150,100.0
2026-07-13 08:38:49,2330,161,4,0.0,150,100.0
2026-07-13 08:38:50,2331,161,5,0.0,150,100.0
2026-07-13 08:38:51,2332,161,6,0.0,150,100.0
2026-07-13 08:38:52,2333,161,7,0.0,150,100.0
2026-07-13 08:38:53,2334,161,8,0.0,150,100.0
2026-07-13 08:38:54,2335,161,9,0.0,150,100.0
2026-07-13 08:38:55,2336,161,10,0.0,150,100.0
2026-07-13 08:38:56,2337,161,11,0.0,150,100.0
2026-07-13 08:38:57,2338,161,12,0.0,150,100.0
2026-07-13 08:38:58,2339,161,13,0.0,150,100.0
2026-07-13 08:38:59,2340,161,14,0.0,150,100.0
2026-07-13 08:39:00,2341,162,0,0.0,150,100.0
2026-07-13 08:39:01,2342,162,1,0.0,150,100.0
2026-07-13 08:39:02,2343,162,2,0.0,150,100.0
2026-07-13 08:39:03,2344,162,3,0.0,150,100.0
2026-07-13 08:39:04,2345,162,4,0.0,150,100.0
2026-07-13 08:39:05,2346,162,5,0.0,150,100.0
2026-07-13 08:39:06,2347,162,6,0.0,150,100.0
2026-07-13 08:39:07,2348,162,7,0.0,150,100.0
2026-07-13 08:39:08,2349,162,8,0.0,150,100.0
2026-07-13 08:39:09,2350,162,9,0.0,150,100.0
2026-07-13 08:39:10,2351,162,10,0.0,150,100.0
2026-07-13 08:39:11,2352,162,11,0.0,150,100.0
2026-07-13 08:39:12,2353,162,12,0.0,150,100.0
2026-07-13 08:39:13,2354,162,13,0.0,150,100.0
2026-07-13 08:39:14,2355,163,0,0.0,150,100.0
2026-07-13 08:39:15,2356,163,1,0.0,150,100.0
2026-07-13 08:39:16,2357,163,2,0.0,150,100.0
2026-07-13 08:39:17,2358,163,3,0.0,150,100.0
2026-07-13 08:39:18,2359,163,4,0.0,150,100.0
2026-07-13 08:39:19,2360,163,5,0.0,150,100.0
2026-07-13 08:39:20,2361,163,6,0.0,150,100.0
2026-07-13 08:39:21,2362,163,7,0.0,150,100.0
2026-07-13 08:39:22,2363,163,8,0.0,150,100.0
2026-07-13 08:39:23,2364,163,9,0.0,150,100.0
2026-07-13 08:39:24,2365,163,10,0.0,150,100.0
2026-07-13 08:39:25,2366,163,11,0.0,150,100.0
2026-07-13 08:39:26,2367,163,12,0.0,150,100.0
2026-07-13 08:39:27,2368,163,13,0.0,150,100.0
2026-07-13 08:39:28,2369,164,0,0.0,150,100.0
2026-07-13 08:39:29,2370,164,1,0.0,150,100.0
2026-07-13 08:39:30,2371,164,2,0.0,150,100.0
2026-07-13 08:39:31,2372,164,3,0.0,150,100.0
2026-07-13 08:39:32,2373,164,4,0.0,150,100.0
2026-07-13 08:39:33,2374,164,5,0.0,150,100.0
2026-07-13 08:39:34,2375,164,6,0.0,150,100.0
2026-07-13 08:39:35,2376,164,7,0.0,150,100.0
2026-07-13 08:39:36,2377,164,8,0.0,150,100.0
2026-07-13 08:39:37,2378,164,9,0.0,150,100.0
2026-07-13 08:39:38,2379,164,10,0.0,150,100.0
2026-07-13 08:39:39,2380,164,11,0.0,150,100.0
2026-07-13 08:39:40,2381,164,12,0.0,150,100.0
2026-07-13 08:39:41,2382,164,13,0.0,150,100.0
2026-07-13 08:39:42,2383,164,14,0.0,150,100.0
2026-07-13 08:39:43,2384,164,15,0.0,150,100.0
2026-07-13 08:39:44,2385,165,0,0.0,150,100.0
2026-07-13 08:39:45,2386,165,1,0.0,150,100.0
2026-07-13 08:39:46,2387,165,2,0.0,150,100.0
2026-07-13 08:39:47,2388,165,3,0.0,150,100.0
2026-07-13 08:39:48,2389,165,4,0.0,150,100.0
2026-07-13 08:39:49,2390,165,5,0.0,150,100.0
2026-07-13 08:39:50,2391,165,6,0.0,150,100.0
2026-07-13 08:39:51,2392,165,7,0.0,150,100.0
2026-07-13 08:39:52,2393,165,8,0.0,150,100.0
2026-07-13 08:39:53,2394,165,9,0.0,150,100.0
2026-07-13 08:39:54,2395,165,10,0.0,150,100.0
2026-07-13 08:39:55,2396,165,11,0.0,150,100.0
2026-07-13 08:39:56,2397,165,12,0.0,150,100.0
2026-07-13 08:39:57,2398,166,0,0.0,150,100.0
2026-07-13 08:39:58,2399,166,1,0.0,150,100.0
2026-07-13 08:39:59,2400,166,2,0.0,150,100.0
2026-07-13 08:40:00,2401,166,3,0.0,150,100.0
2026-07-13 08:40:01,2402,166,4,0.0,150,100.0
2026-07-13 08:40:02,2403,166,5,0.0,150,100.0
2026-07-13 08:40:03,2404,166,6,0.0,150,100.0
2026-07-13 08:40:04,2405,166,7,0.0,150,100.0
2026-07-13 08:40:05,2406,166,8,0.0,150,100.0
2026-07-13 08:40:06,2407,166,9,0.0,150,100.0
2026-07-13 08:40:07,2408,166,10,0.0,150,100.0
2026-07-13 08:40:08,2409,166,11,0.0,150,100.0
2026-07-13 08:40:09,2410,166,12,0.0,150,100.0
2026-07-13 08:40:10,2411,167,0,0.0,150,100.0
2026-07-13 08:40:11,2412,167,1,0.0,150,100.0
2026-07-13 08:40:12,2413,167,2,0.0,150,100.0
2026-07-13 08:40:13,2414,167,3,0.0,150,100.0
2026-07-13 08:40:14,2415,167,4,0.0,150,100.0
2026-07-13 08:40:15,2416,167,5,0.0,150,100.0
2026-07-13 08:40:16,2417,167,6,0.0,150,100.0
2026-07-13 08:40:17,2418,167,7,0.0,150,100.0
2026-07-13 08:40:18,2419,167,8,0.0,150,100.0
2026-07-13 08:40:19,2420,167,9,0.0,150,100.0
2026-07-13 08:40:20,2421,167,10,0.0,150,100.0
2026-07-13 08:40:21,2422,167,11,0.0,150,100.0
2026-07-13 08:40:22,2423,167,12,0.0,150,100.0
2026-07-13 08:40:23,2424,167,13,0.0,150,100.0
2026-07-13 08:40:24,2425,168,0,0.0,150,100.0
2026-07-13 08:40:25,2426,168,1,0.0,150,100.0
2026-07-13 08:40:26,2427,168,2,0.0,150,100.0
2026-07-13 08:40:27,2428,168,3,0.0,150,100.0
2026-07-13 08:40:28,2429,168,4,0.0,150,100.0
2026-07-13 08:40:29,2430,168,5,0.0,150,100.0
2026-07-13 08:40:30,2431,168,6,0.0,150,100.0
2026-07-13 08:40:31,2432,168,7,0.0,150,100.0
2026-07-13 08:40:32,2433,168,8,0.0,150,100.0
2026-07-13 08:40:33,2434,168,9,0.0,150,100.0
2026-07-13 08:40:34,2435,168,10,0.0,150,100.0
2026-07-13 08:40:35,2436,168,11,0.0,150,100.0
2026-07-13 08:40:36,2437,168,12,0.0,150,100.0
2026-07-13 08:40:37,2438,168,13,0.0,150,100.0
2026-07-13 08:40:38,2439,168,14,0.0,150,100.0
2026-07-13 08:40:39,2440,169,0,0.0,150,100.0
2026-07-13 08:40:40,2441,169,1,0.0,150,100.0
2026-07-13 08:40:41,2442,169,2,0.0,150,100.0
2026-07-13 08:40:42,2443,169,3,0.0,150,100.0
2026-07-13 08:40:43,2444,169,4,0.0,150,100.0
2026-07-13 08:40:44,2445,169,5,0.0,150,100.0
2026-07-13 08:40:45,2446,169,6,0.0,150,100.0
2026-07-13 08:40:46,2447,169,7,0.0,150,100.0
2026-07-13 08:40:47,2448,169,8,0.0,150,100.0
2026-07-13 08:40:48,2449,169,9,0.0,150,100.0
2026-07-13 08:40:49,2450,169,10,0.0,150,100.0
2026-07-13 08:40:50,2451,169,11,0.0,150,100.0
2026-07-13 08:40:51,2452,169,12,0.0,150,100.0
2026-07-13 08:40:52,2453,170,0,0.0,150,100.0
2026-07-13 08:40:53,2454,170,1,0.0,150,100.0
2026-07-13 08:40:54,2455,170,2,0.0,150,100.0
2026-07-13 08:40:55,2456,170,3,0.0,150,100.0
2026-07-13 08:40:56,2457,170,4,0.0,150,100.0
2026-07-13 08:40:57,2458,170,5,0.0,150,100.0
2026-07-13 08:40:58,2459,170,6,0.0,150,100.0
2026-07-13 08:40:59,2460,170,7,0.0,150,100.0
2026-07-13 08:41:00,2461,170,8,0.0,150,100.0
2026-07-13 08:41:01,2462,170,9,0.0,150,100.0
2026-07-13 08:41:02,2463,170,10,0.0,150,100.0
2026-07-13 08:41:03,2464,170,11,0.0,150,100.0
2026-07-13 08:41:04,2465,170,12,0.0,150,100.0
2026-07-13 08:41:05,2466,170,13,0.0,150,100.0
2026-07-13 08:41:06,2467,170,14,0.0,150,100.0
2026-07-13 08:41:07,2468,170,15,0.0,150,100.0
2026-07-13 08:41:08,2469,171,0,0.0,150,100.0
2026-07-13 08:41:09,2470,171,1,0.0,150,100.0
2026-07-13 08:41:10,2471,171,2,0.0,150,100.0
2026-07-13 08:41:11,2472,171,3,0.0,150,100.0
2026-07-13 08:41:12,2473,171,4,0.0,150,100.0
2026-07-13 08:41:13,2474,171,5,0.0,150,100.0
2026-07-13 08:41:14,2475,171,6,0.0,150,100.0
2026-07-13 08:41:15,2476,171,7,0.0,150,100.0
2026-07-13 08:41:16,2477,171,8,0.0,150,100.0
2026-07-13 08:41:17,2478,171,9,0.0,150,100.0
2026-07-13 08:41:18,2479,171,10,0.0,150,100.0
2026-07-13 08:41:19,2480,171,11,0.0,150,100.0
2026-07-13 08:41:20,2481,171,12,0.0,150,100.0
2026-07-13 08:41:21,2482,171,13,0.0,150,100.0
2026-07-13 08:41:22,2483,172,0,0.0,150,100.0
2026-07-13 08:41:23,2484,172,1,0.0,150,100.0
2026-07-13 08:41:24,2485,172,2,0.0,150,100.0
2026-07-13 08:41:25,2486,172,3,0.0,150,100.0
2026-07-13 08:41:26,2487,172,4,0.0,150,100.0
2026-07-13 08:41:27,2488,172,5,0.0,150,100.0
2026-07-13 08:41:28,2489,172,6,0.0,150,100.0
2026-07-13 08:41:29,2490,172,7,0.0,150,100.0
2026-07-13 08:41:30,2491,172,8,0.0,150,100.0
2026-07-13 08:41:31,2492,172,9,0.0,150,100.0
2026-07-13 08:41:32,2493,172,10,0.0,150,100.0
2026-07-13 08:41:33,2494,172,11,0.0,150,100.0
2026-07-13 08:41:34,2495,172,12,0.0,150,100.0
2026-07-13 08:41:35,2496,172,13,0.0,150,100.0
2026-07-13 08:41:36,2497,173,0,0.0,150,100.0
2026-07-13 08:41:37,2498,173,1,0.0,150,100.0
2026-07-13 08:41:38,2499,173,2,0.0,150,100.0
2026-07-13 08:41:39,2500,173,3,0.0,150,100.0
2026-07-13 08:41:40,2501,173,4,0.0,150,100.0
2026-07-13 08:41:41,2502,173,5,0.0,150,100.0
2026-07-13 08:41:42,2503,173,6,0.0,150,100.0
2026-07-13 08:41:43,2504,173,7,0.0,150,100.0
2026-07-13 08:41:44,2505,173,8,0.0,150,100.0
2026-07-13 08:41:45,2506,173,9,0.0,150,100.0
2026-07-13 08:41:46,2507,173,10,0.0,150,100.0
2026-07-13 08:41:47,2508,173,11,0.0,150,100.0
2026-07-13 08:41:48,2509,173,12,0.0,150,100.0
2026-07-13 08:41:49,2510,173,13,0.0,150,100.0
2026-07-13 08:41:50,2511,173,14,0.0,150,100.0
2026-07-13 08:41:51,2512,174,0,0.0,150,100.0
2026-07-13 08:41:52,2513,174,1,0.0,150,100.0
2026-07-13 08:41:53,2514,174,2,0.0,150,100.0
2026-07-13 08:41:54,2515,174,3,0.0,150,100.0
2026-07-13 08:41:55,2516,174,4,0.0,150,100.0
2026-07-13 08:41:56,2517,174,5,0.0,150,100.0
2026-07-13 08:41:57,2518,174,6,0.0,150,100.0
2026-07-13 08:41:58,2519,174,7,5.87,150,100.0
2026-07-13 08:41:59,2520,174,8,0.0,150,100.0
2026-07-13 08:42:00,2521,174,9,0.0,150,100.0
2026-07-13 08:42:01,2522,174,10,0.0,150,100.0
2026-07-13 08:42:02,2523,174,11,0.0,150,100.0
2026-07-13 08:42:03,2524,174,12,0.0,150,100.0
2026-07-13 08:42:04,2525,174,13,0.0,150,100.0
2026-07-13 08:42:05,2526,175,0,0.0,150,100.0
2026-07-13 08:42:06,2527,175,1,11.26,150,100.0
2026-07-13 08:42:07,2528,175,2,4.81,150,100.0
2026-07-13 08:42:08,2529,175,3,0.0,150,100.0
2026-07-13 08:42:09,2530,175,4,0.0,150,100.0
2026-07-13 08:42:10,2531,175,5,0.0,150,100.0
2026-07-13 08:42:11,2532,175,6,26.84,150,100.0
2026-07-13 08:42:12,2533,175,7,0.0,150,100.0
2026-07-13 08:42:13,2534,175,8,52.26,150,100.0
2026-07-13 08:42:14,2535,175,9,0.0,150,100.0
2026-07-13 08:42:15,2536,175,10,0.0,150,100.0
2026-07-13 08:42:16,2537,175,11,0.0,150,100.0
2026-07-13 08:42:17,2538,176,0,0.0,150,100.0
2026-07-13 08:42:18,2539,176,1,0.0,150,100.0
2026-07-13 08:42:19,2540,176,2,0.0,150,100.0
2026-07-13 08:42:20,2541,176,3,0.0,150,100.0
2026-07-13 08:42:21,2542,176,4,0.0,150,100.0
2026-07-13 08:42:22,2543,176,5,0.0,150,100.0
2026-07-13 08:42:23,2544,176,6,0.0,150,100.0
2026-07-13 08:42:24,2545,176,7,0.0,150,100.0
2026-07-13 08:42:25,2546,176,8,0.0,150,100.0
2026-07-13 08:42:26,2547,176,9,0.0,150,100.0
2026-07-13 08:42:27,2548,176,10,0.0,150,100.0
2026-07-13 08:42:28,2549,176,11,0.0,150,100.0
2026-07-13 08:42:29,2550,176,12,0.0,150,100.0
2026-07-13 08:42:30,2551,176,13,0.0,150,100.0
2026-07-13 08:42:31,2552,177,0,0.0,150,100.0
2026-07-13 08:42:32,2553,177,1,0.0,150,100.0
2026-07-13 08:42:33,2554,177,2,0.0,150,100.0
2026-07-13 08:42:34,2555,177,3,0.0,150,100.0
2026-07-13 08:42:35,2556,177,4,0.0,150,100.0
2026-07-13 08:42:36,2557,177,5,0.0,150,100.0
2026-07-13 08:42:37,2558,177,6,0.0,150,100.0
2026-07-13 08:42:38,2559,177,7,0.0,150,100.0
2026-07-13 08:42:39,2560,177,8,0.0,150,100.0
2026-07-13 08:42:40,2561,177,9,0.0,150,100.0
2026-07-13 08:42:41,2562,177,10,0.0,150,100.0
2026-07-13 08:42:42,2563,177,11,0.0,150,100.0
2026-07-13 08:42:43,2564,177,12,0.0,150,100.0
2026-07-13 08:42:44,2565,177,13,0.0,150,100.0
2026-07-13 08:42:45,2566,177,14,0.0,150,100.0
2026-07-13 08:42:46,2567,178,0,0.0,150,100.0
2026-07-13 08:42:47,2568,178,1,0.0,150,100.0
2026-07-13 08:42:48,2569,178,2,0.0,150,100.0
2026-07-13 08:42:49,2570,178,3,0.0,150,100.0
2026-07-13 08:42:50,2571,178,4,0.0,150,100.0
2026-07-13 08:42:51,2572,178,5,0.0,150,100.0
2026-07-13 08:42:52,2573,178,6,0.0,150,100.0
2026-07-13 08:42:53,2574,178,7,0.0,150,100.0
2026-07-13 08:42:54,2575,178,8,0.0,150,100.0
2026-07-13 08:42:55,2576,178,9,0.0,150,100.0
2026-07-13 08:42:56,2577,178,10,0.0,150,100.0
2026-07-13 08:42:57,2578,178,11,0.0,150,100.0
2026-07-13 08:42:58,2579,178,12,0.0,150,100.0
2026-07-13 08:42:59,2580,179,0,0.0,150,100.0
2026-07-13 08:43:00,2581,179,1,0.0,150,100.0
2026-07-13 08:43:01,2582,179,2,0.0,150,100.0
2026-07-13 08:43:02,2583,179,3,0.0,150,100.0
2026-07-13 08:43:03,2584,179,4,0.0,150,100.0
2026-07-13 08:43:04,2585,179,5,0.0,150,100.0
2026-07-13 08:43:05,2586,179,6,0.0,150,100.0
2026-07-13 08:43:06,2587,179,7,0.0,150,100.0
2026-07-13 08:43:07,2588,179,8,0.0,150,100.0
2026-07-13 08:43:08,2589,179,9,0.0,150,100.0
2026-07-13 08:43:09,2590,179,10,0.0,150,100.0
2026-07-13 08:43:10,2591,179,11,0.0,150,100.0
2026-07-13 08:43:11,2592,179,12,0.0,150,100.0
2026-07-13 08:43:12,2593,179,13,0.0,150,100.0
2026-07-13 08:43:13,2594,180,0,0.0,150,100.0
2026-07-13 08:43:14,2595,180,1,0.0,150,100.0
2026-07-13 08:43:15,2596,180,2,0.0,150,100.0
2026-07-13 08:43:16,2597,180,3,0.0,150,100.0
2026-07-13 08:43:17,2598,180,4,0.0,150,100.0
2026-07-13 08:43:18,2599,180,5,0.0,150,100.0
2026-07-13 08:43:19,2600,180,6,0.0,150,100.0
2026-07-13 08:43:20,2601,180,7,0.0,150,100.0
2026-07-13 08:43:21,2602,180,8,0.0,150,100.0
2026-07-13 08:43:22,2603,180,9,0.0,150,100.0
2026-07-13 08:43:23,2604,180,10,0.0,150,100.0
2026-07-13 08:43:24,2605,180,11,0.0,150,100.0
2026-07-13 08:43:25,2606,180,12,0.0,150,100.0
2026-07-13 08:43:26,2607,181,0,0.0,150,100.0
2026-07-13 08:43:27,2608,181,1,0.0,150,100.0
2026-07-13 08:43:28,2609,181,2,0.0,150,100.0
2026-07-13 08:43:29,2610,181,3,0.0,150,100.0
2026-07-13 08:43:30,2611,181,4,0.0,150,100.0
2026-07-13 08:43:31,2612,181,5,0.0,150,100.0
2026-07-13 08:43:32,2613,181,6,0.0,150,100.0
2026-07-13 08:43:33,2614,181,7,0.0,150,100.0
2026-07-13 08:43:34,2615,181,8,0.0,150,100.0
2026-07-13 08:43:35,2616,181,9,0.0,150,100.0
2026-07-13 08:43:36,2617,181,10,0.0,150,100.0
2026-07-13 08:43:37,2618,181,11,0.0,150,100.0
2026-07-13 08:43:38,2619,181,12,0.0,150,100.0
2026-07-13 08:43:39,2620,181,13,0.0,150,100.0
2026-07-13 08:43:40,2621,181,14,0.0,150,100.0
2026-07-13 08:43:41,2622,182,0,0.0,150,100.0
2026-07-13 08:43:42,2623,182,1,0.0,150,100.0
2026-07-13 08:43:43,2624,182,2,0.0,150,100.0
2026-07-13 08:43:44,2625,182,3,0.0,150,100.0
2026-07-13 08:43:45,2626,182,4,0.0,150,100.0
2026-07-13 08:43:46,2627,182,5,0.0,150,100.0
2026-07-13 08:43:47,2628,182,6,0.0,150,100.0
2026-07-13 08:43:48,2629,182,7,0.0,150,100.0
2026-07-13 08:43:49,2630,182,8,0.0,150,100.0
2026-07-13 08:43:50,2631,182,9,0.0,150,100.0
2026-07-13 08:43:51,2632,182,10,0.0,150,100.0
2026-07-13 08:43:52,2633,182,11,0.0,150,100.0
2026-07-13 08:43:53,2634,182,12,0.0,150,100.0
2026-07-13 08:43:54,2635,182,13,0.0,150,100.0
2026-07-13 08:43:55,2636,183,0,0.0,150,100.0
2026-07-13 08:43:56,2637,183,1,0.0,150,100.0
2026-07-13 08:43:57,2638,183,2,0.0,150,100.0
2026-07-13 08:43:58,2639,183,3,0.0,150,100.0
2026-07-13 08:43:59,2640,183,4,0.0,150,100.0
2026-07-13 08:44:00,2641,183,5,0.0,150,100.0
2026-07-13 08:44:01,2642,183,6,0.0,150,100.0
2026-07-13 08:44:02,2643,183,7,0.0,150,100.0
2026-07-13 08:44:03,2644,183,8,0.0,150,100.0
2026-07-13 08:44:04,2645,183,9,0.0,150,100.0
2026-07-13 08:44:05,2646,183,10,0.0,150,100.0
2026-07-13 08:44:06,2647,183,11,0.0,150,100.0
2026-07-13 08:44:07,2648,183,12,0.0,150,100.0
2026-07-13 08:44:08,2649,183,13,0.0,150,100.0
2026-07-13 08:44:09,2650,183,14,0.0,150,100.0
2026-07-13 08:44:10,2651,184,0,0.0,150,100.0
2026-07-13 08:44:11,2652,184,1,0.0,150,100.0
2026-07-13 08:44:12,2653,184,2,0.0,150,100.0
2026-07-13 08:44:13,2654,184,3,0.0,150,100.0
2026-07-13 08:44:14,2655,184,4,0.0,150,100.0
2026-07-13 08:44:15,2656,184,5,0.0,150,100.0
2026-07-13 08:44:16,2657,184,6,0.0,150,100.0
2026-07-13 08:44:17,2658,184,7,0.0,150,100.0
2026-07-13 08:44:18,2659,184,8,0.0,150,100.0
2026-07-13 08:44:19,2660,184,9,0.0,150,100.0
2026-07-13 08:44:20,2661,184,10,0.0,150,100.0
2026-07-13 08:44:21,2662,184,11,0.0,150,100.0
2026-07-13 08:44:22,2663,185,0,0.0,150,100.0
2026-07-13 08:44:23,2664,185,1,0.0,150,100.0
2026-07-13 08:44:24,2665,185,2,0.0,150,100.0
2026-07-13 08:44:25,2666,185,3,0.0,150,100.0
2026-07-13 08:44:26,2667,185,4,0.0,150,100.0
2026-07-13 08:44:27,2668,185,5,0.0,150,100.0
2026-07-13 08:44:28,2669,185,6,0.0,150,100.0
2026-07-13 08:44:29,2670,185,7,0.0,150,100.0
2026-07-13 08:44:30,2671,185,8,0.0,150,100.0
2026-07-13 08:44:31,2672,185,9,0.0,150,100.0
2026-07-13 08:44:32,2673,185,10,0.0,150,100.0
2026-07-13 08:44:33,2674,185,11,0.0,150,100.0
2026-07-13 08:44:34,2675,185,12,0.0,150,100.0
2026-07-13 08:44:35,2676,185,13,0.0,150,100.0
2026-07-13 08:44:36,2677,185,14,0.0,150,100.0
2026-07-13 08:44:37,2678,185,15,0.0,150,100.0
2026-07-13 08:44:38,2679,185,16,0.0,150,100.0
2026-07-13 08:44:39,2680,186,0,0.0,150,100.0
2026-07-13 08:44:40,2681,186,1,0.0,150,100.0
2026-07-13 08:44:41,2682,186,2,0.0,150,100.0
2026-07-13 08:44:42,2683,186,3,0.0,150,100.0
2026-07-13 08:44:43,2684,186,4,0.0,150,100.0
2026-07-13 08:44:44,2685,186,5,0.0,150,100.0
2026-07-13 08:44:45,2686,186,6,0.0,150,100.0
2026-07-13 08:44:46,2687,186,7,0.0,150,100.0
2026-07-13 08:44:47,2688,186,8,0.0,150,100.0
2026-07-13 08:44:48,2689,186,9,0.0,150,100.0
2026-07-13 08:44:49,2690,186,10,0.0,150,100.0
2026-07-13 08:44:50,2691,186,11,0.0,150,100.0
2026-07-13 08:44:51,2692,186,12,0.0,150,100.0
2026-07-13 08:44:52,2693,186,13,0.0,150,100.0
2026-07-13 08:44:53,2694,186,14,0.0,150,100.0
2026-07-13 08:44:54,2695,187,0,0.0,150,100.0
2026-07-13 08:44:55,2696,187,1,0.0,150,100.0
2026-07-13 08:44:56,2697,187,2,0.0,150,100.0
2026-07-13 08:44:57,2698,187,3,0.0,150,100.0
2026-07-13 08:44:58,2699,187,4,0.0,150,100.0
2026-07-13 08:44:59,2700,187,5,0.0,150,100.0
2026-07-13 08:45:00,2701,187,6,0.0,150,100.0
2026-07-13 08:45:01,2702,187,7,0.0,150,100.0
2026-07-13 08:45:02,2703,187,8,0.0,150,100.0
2026-07-13 08:45:03,2704,187,9,0.0,150,100.0
2026-07-13 08:45:04,2705,187,10,0.0,150,100.0
2026-07-13 08:45:05,2706,187,11,0.0,150,100.0
2026-07-13 08:45:06,2707,187,12,0.0,150,100.0
2026-07-13 08:45:07,2708,187,13,0.0,150,100.0
2026-07-13 08:45:08,2709,188,0,0.0,150,100.0
2026-07-13 08:45:09,2710,188,1,0.0,150,100.0
2026-07-13 08:45:10,2711,188,2,0.0,150,100.0
2026-07-13 08:45:11,2712,188,3,0.0,150,100.0
2026-07-13 08:45:12,2713,188,4,0.0,150,100.0
2026-07-13 08:45:13,2714,188,5,0.0,150,100.0
2026-07-13 08:45:14,2715,188,6,0.0,150,100.0
2026-07-13 08:45:15,2716,188,7,0.0,150,100.0
2026-07-13 08:45:16,2717,188,8,0.0,150,100.0
2026-07-13 08:45:17,2718,188,9,0.0,150,100.0
2026-07-13 08:45:18,2719,188,10,0.0,150,100.0
2026-07-13 08:45:19,2720,188,11,0.0,150,100.0
2026-07-13 08:45:20,2721,188,12,0.0,150,100.0
2026-07-13 08:45:21,2722,188,13,0.0,150,100.0
2026-07-13 08:45:22,2723,189,0,0.0,150,100.0
2026-07-13 08:45:23,2724,189,1,0.0,150,100.0
2026-07-13 08:45:24,2725,189,2,0.0,150,100.0
2026-07-13 08:45:25,2726,189,3,0.0,150,100.0
2026-07-13 08:45:26,2727,189,4,0.0,150,100.0
2026-07-13 08:45:27,2728,189,5,0.0,150,100.0
2026-07-13 08:45:28,2729,189,6,0.0,150,100.0
2026-07-13 08:45:29,2730,189,7,0.0,150,100.0
2026-07-13 08:45:30,2731,189,8,0.0,150,100.0
2026-07-13 08:45:31,2732,189,9,0.0,150,100.0
2026-07-13 08:45:32,2733,189,10,0.0,150,100.0
2026-07-13 08:45:33,2734,189,11,0.0,150,100.0
2026-07-13 08:45:34,2735,189,12,0.0,150,100.0
2026-07-13 08:45:35,2736,189,13,0.0,150,100.0
2026-07-13 08:45:36,2737,190,0,0.0,150,100.0
2026-07-13 08:45:37,2738,190,1,0.0,150,100.0
2026-07-13 08:45:38,2739,190,2,0.0,150,100.0
2026-07-13 08:45:39,2740,190,3,0.0,150,100.0
2026-07-13 08:45:40,2741,190,4,0.0,150,100.0
2026-07-13 08:45:41,2742,190,5,0.0,150,100.0
2026-07-13 08:45:42,2743,190,6,0.0,150,100.0
2026-07-13 08:45:43,2744,190,7,0.0,150,100.0
2026-07-13 08:45:44,2745,190,8,0.0,150,100.0
2026-07-13 08:45:45,2746,190,9,0.0,150,100.0
2026-07-13 08:45:46,2747,190,10,0.0,150,100.0
2026-07-13 08:45:47,2748,190,11,0.0,150,100.0
2026-07-13 08:45:48,2749,190,12,0.0,150,100.0
2026-07-13 08:45:49,2750,190,13,0.0,150,100.0
2026-07-13 08:45:50,2751,191,0,0.0,150,100.0
2026-07-13 08:45:51,2752,191,1,0.0,150,100.0
2026-07-13 08:45:52,2753,191,2,0.0,150,100.0
2026-07-13 08:45:53,2754,191,3,0.0,150,100.0
2026-07-13 08:45:54,2755,191,4,0.0,150,100.0
2026-07-13 08:45:55,2756,191,5,0.0,150,100.0
2026-07-13 08:45:56,2757,191,6,0.0,150,100.0
2026-07-13 08:45:57,2758,191,7,0.0,150,100.0
2026-07-13 08:45:58,2759,191,8,0.0,150,100.0
2026-07-13 08:45:59,2760,191,9,0.0,150,100.0
2026-07-13 08:46:00,2761,191,10,0.0,150,100.0
2026-07-13 08:46:01,2762,191,11,0.0,150,100.0
2026-07-13 08:46:02,2763,191,12,0.0,150,100.0
2026-07-13 08:46:03,2764,191,13,0.0,150,100.0
2026-07-13 08:46:04,2765,191,14,0.0,150,100.0
2026-07-13 08:46:05,2766,192,0,0.0,150,100.0
2026-07-13 08:46:06,2767,192,1,0.0,150,100.0
2026-07-13 08:46:07,2768,192,2,0.0,150,100.0
2026-07-13 08:46:08,2769,192,3,0.0,150,100.0
2026-07-13 08:46:09,2770,192,4,0.0,150,100.0
2026-07-13 08:46:10,2771,192,5,0.0,150,100.0
2026-07-13 08:46:11,2772,192,6,0.0,150,100.0
2026-07-13 08:46:12,2773,192,7,0.0,150,100.0
2026-07-13 08:46:13,2774,192,8,0.0,150,100.0
2026-07-13 08:46:14,2775,192,9,0.0,150,100.0
2026-07-13 08:46:15,2776,192,10,0.0,150,100.0
2026-07-13 08:46:16,2777,192,11,0.0,150,100.0
2026-07-13 08:46:17,2778,193,0,0.0,150,100.0
2026-07-13 08:46:18,2779,193,1,0.0,150,100.0
2026-07-13 08:46:19,2780,193,2,0.0,150,100.0
2026-07-13 08:46:20,2781,193,3,0.0,150,100.0
2026-07-13 08:46:21,2782,193,4,0.0,150,100.0
2026-07-13 08:46:22,2783,193,5,0.0,150,100.0
2026-07-13 08:46:23,2784,193,6,0.0,150,100.0
2026-07-13 08:46:24,2785,193,7,0.0,150,100.0
2026-07-13 08:46:25,2786,193,8,0.0,150,100.0
2026-07-13 08:46:26,2787,193,9,0.0,150,100.0
2026-07-13 08:46:27,2788,193,10,0.0,150,100.0
2026-07-13 08:46:28,2789,193,11,0.0,150,100.0
2026-07-13 08:46:29,2790,193,12,0.0,150,100.0
2026-07-13 08:46:30,2791,194,0,0.0,150,100.0
2026-07-13 08:46:31,2792,194,1,0.0,150,100.0
2026-07-13 08:46:32,2793,194,2,0.0,150,100.0
2026-07-13 08:46:33,2794,194,3,0.0,150,100.0
2026-07-13 08:46:34,2795,194,4,0.0,150,100.0
2026-07-13 08:46:35,2796,194,5,0.0,150,100.0
2026-07-13 08:46:36,2797,194,6,0.0,150,100.0
2026-07-13 08:46:37,2798,194,7,0.0,150,100.0
2026-07-13 08:46:38,2799,194,8,0.0,150,100.0
2026-07-13 08:46:39,2800,194,9,0.0,150,100.0
2026-07-13 08:46:40,2801,194,10,0.0,150,100.0
2026-07-13 08:46:41,2802,194,11,0.0,150,100.0
2026-07-13 08:46:42,2803,194,12,0.0,150,100.0
2026-07-13 08:46:43,2804,194,13,0.0,150,100.0
2026-07-13 08:46:44,2805,195,0,0.0,150,100.0
2026-07-13 08:46:45,2806,195,1,0.0,150,100.0
2026-07-13 08:46:46,2807,195,2,0.0,150,100.0
2026-07-13 08:46:47,2808,195,3,0.0,150,100.0
2026-07-13 08:46:48,2809,195,4,0.0,150,100.0
2026-07-13 08:46:49,2810,195,5,0.0,150,100.0
2026-07-13 08:46:50,2811,195,6,0.0,150,100.0
2026-07-13 08:46:51,2812,195,7,0.0,150,100.0
2026-07-13 08:46:52,2813,195,8,0.0,150,100.0
2026-07-13 08:46:53,2814,195,9,0.0,150,100.0
2026-07-13 08:46:54,2815,195,10,0.0,150,100.0
2026-07-13 08:46:55,2816,195,11,0.0,150,100.0
2026-07-13 08:46:56,2817,195,12,0.0,150,100.0
2026-07-13 08:46:57,2818,195,13,0.0,150,100.0
2026-07-13 08:46:58,2819,196,0,0.0,150,100.0
2026-07-13 08:46:59,2820,196,1,0.0,150,100.0
2026-07-13 08:47:00,2821,196,2,0.0,150,100.0
2026-07-13 08:47:01,2822,196,3,0.0,150,100.0
2026-07-13 08:47:02,2823,196,4,0.0,150,100.0
2026-07-13 08:47:03,2824,196,5,0.0,150,100.0
2026-07-13 08:47:04,2825,196,6,0.0,150,100.0
2026-07-13 08:47:05,2826,196,7,0.0,150,100.0
2026-07-13 08:47:06,2827,196,8,0.0,150,100.0
2026-07-13 08:47:07,2828,196,9,0.0,150,100.0
2026-07-13 08:47:08,2829,196,10,0.0,150,100.0
2026-07-13 08:47:09,2830,196,11,0.0,150,100.0
2026-07-13 08:47:10,2831,196,12,0.0,150,100.0
2026-07-13 08:47:11,2832,196,13,0.0,150,100.0
2026-07-13 08:47:12,2833,197,0,0.0,150,100.0
2026-07-13 08:47:13,2834,197,1,0.0,150,100.0
2026-07-13 08:47:14,2835,197,2,0.0,150,100.0
2026-07-13 08:47:15,2836,197,3,0.0,150,100.0
2026-07-13 08:47:16,2837,197,4,0.0,150,100.0
2026-07-13 08:47:17,2838,197,5,0.0,150,100.0
2026-07-13 08:47:18,2839,197,6,0.0,150,100.0
2026-07-13 08:47:19,2840,197,7,0.0,150,100.0
2026-07-13 08:47:20,2841,197,8,0.0,150,100.0
2026-07-13 08:47:21,2842,197,9,0.0,150,100.0
2026-07-13 08:47:22,2843,197,10,0.0,150,100.0
2026-07-13 08:47:23,2844,197,11,0.0,150,100.0
2026-07-13 08:47:24,2845,197,12,0.0,150,100.0
2026-07-13 08:47:25,2846,197,13,0.0,150,100.0
2026-07-13 08:47:26,2847,197,14,0.0,150,100.0
2026-07-13 08:47:27,2848,197,15,0.0,150,100.0
2026-07-13 08:47:28,2849,197,16,0.0,150,100.0
2026-07-13 08:47:29,2850,198,0,0.0,150,100.0
2026-07-13 08:47:30,2851,198,1,0.0,150,100.0
2026-07-13 08:47:31,2852,198,2,0.0,150,100.0
2026-07-13 08:47:32,2853,198,3,0.0,150,100.0
2026-07-13 08:47:33,2854,198,4,0.0,150,100.0
2026-07-13 08:47:34,2855,198,5,0.0,150,100.0
2026-07-13 08:47:35,2856,198,6,0.0,150,100.0
2026-07-13 08:47:36,2857,198,7,0.0,150,100.0
2026-07-13 08:47:37,2858,198,8,0.0,150,100.0
2026-07-13 08:47:38,2859,198,9,0.0,150,100.0
2026-07-13 08:47:39,2860,198,10,0.0,150,100.0
2026-07-13 08:47:40,2861,198,11,0.0,150,100.0
2026-07-13 08:47:41,2862,198,12,0.0,150,100.0
2026-07-13 08:47:42,2863,198,13,0.0,150,100.0
2026-07-13 08:47:43,2864,199,0,0.0,150,100.0
2026-07-13 08:47:44,2865,199,1,0.0,150,100.0
2026-07-13 08:47:45,2866,199,2,0.0,150,100.0
2026-07-13 08:47:46,2867,199,3,0.0,150,100.0
2026-07-13 08:47:47,2868,199,4,0.0,150,100.0
2026-07-13 08:47:48,2869,199,5,0.0,150,100.0
2026-07-13 08:47:49,2870,199,6,0.0,150,100.0
2026-07-13 08:47:50,2871,199,7,0.0,150,100.0
2026-07-13 08:47:51,2872,199,8,0.0,150,100.0
2026-07-13 08:47:52,2873,199,9,0.0,150,100.0
2026-07-13 08:47:53,2874,199,10,0.0,150,100.0
2026-07-13 08:47:54,2875,199,11,0.0,150,100.0
2026-07-13 08:47:55,2876,199,12,0.0,150,100.0
2026-07-13 08:47:56,2877,199,13,0.0,150,100.0
2026-07-13 08:47:57,2878,199,14,0.0,150,100.0
2026-07-13 08:47:58,2879,200,0,0.0,150,100.0
2026-07-13 08:47:59,2880,200,1,0.0,150,100.0
2026-07-13 08:48:00,2881,200,2,0.0,150,100.0
2026-07-13 08:48:01,2882,200,3,0.0,150,100.0
2026-07-13 08:48:02,2883,200,4,0.0,150,100.0
2026-07-13 08:48:03,2884,200,5,0.0,150,100.0
2026-07-13 08:48:04,2885,200,6,0.0,150,100.0
2026-07-13 08:48:05,2886,200,7,0.0,150,100.0
2026-07-13 08:48:06,2887,200,8,0.0,150,100.0
2026-07-13 08:48:07,2888,200,9,0.0,150,100.0
2026-07-13 08:48:08,2889,200,10,0.0,150,100.0
2026-07-13 08:48:09,2890,200,11,0.0,150,100.0
2026-07-13 08:48:10,2891,200,12,0.0,150,100.0
2026-07-13 08:48:11,2892,200,13,0.0,150,100.0
2026-07-13 08:48:12,2893,200,14,0.0,150,100.0
2026-07-13 08:48:13,2894,201,0,10.75,150,100.0
2026-07-13 08:48:14,2895,201,1,1.82,150,100.0
2026-07-13 08:48:15,2896,201,2,0.0,150,100.0
2026-07-13 08:48:16,2897,201,3,0.0,150,100.0
2026-07-13 08:48:17,2898,201,4,0.0,150,100.0
2026-07-13 08:48:18,2899,201,5,0.0,150,100.0
2026-07-13 08:48:19,2900,201,6,68.29,150,100.0
2026-07-13 08:48:20,2901,201,7,39.87,150,100.0
2026-07-13 08:48:21,2902,201,8,3.28,150,100.0
2026-07-13 08:48:22,2903,201,9,0.0,150,100.0
2026-07-13 08:48:23,2904,201,10,0.0,150,100.0
2026-07-13 08:48:24,2905,201,11,0.0,150,100.0
2026-07-13 08:48:25,2906,202,0,0.0,150,100.0
2026-07-13 08:48:26,2907,202,1,0.0,150,100.0
2026-07-13 08:48:27,2908,202,2,0.0,150,100.0
2026-07-13 08:48:28,2909,202,3,62.94,150,100.0
2026-07-13 08:48:29,2910,202,4,0.0,150,100.0
2026-07-13 08:48:30,2911,202,5,0.0,150,100.0
2026-07-13 08:48:31,2912,202,6,0.0,150,100.0
2026-07-13 08:48:32,2913,202,7,0.0,150,100.0
2026-07-13 08:48:33,2914,202,8,0.0,150,100.0
2026-07-13 08:48:34,2915,202,9,0.0,150,100.0
2026-07-13 08:48:35,2916,202,10,0.0,150,100.0
2026-07-13 08:48:36,2917,202,11,0.0,150,100.0
2026-07-13 08:48:37,2918,202,12,0.0,150,100.0
2026-07-13 08:48:38,2919,202,13,0.0,150,100.0
2026-07-13 08:48:39,2920,203,0,0.0,150,100.0
2026-07-13 08:48:40,2921,203,1,0.0,150,100.0
2026-07-13 08:48:41,2922,203,2,0.0,150,100.0
2026-07-13 08:48:42,2923,203,3,0.0,150,100.0
2026-07-13 08:48:43,2924,203,4,0.0,150,100.0
2026-07-13 08:48:44,2925,203,5,0.0,150,100.0
2026-07-13 08:48:45,2926,203,6,0.0,150,100.0
2026-07-13 08:48:46,2927,203,7,0.0,150,100.0
2026-07-13 08:48:47,2928,203,8,0.0,150,100.0
2026-07-13 08:48:48,2929,203,9,0.0,150,100.0
2026-07-13 08:48:49,2930,203,10,0.0,150,100.0
2026-07-13 08:48:50,2931,203,11,0.0,150,100.0
2026-07-13 08:48:51,2932,203,12,0.0,150,100.0
2026-07-13 08:48:52,2933,203,13,0.0,150,100.0
2026-07-13 08:48:53,2934,203,14,0.0,150,100.0
2026-07-13 08:48:54,2935,204,0,0.0,150,100.0
2026-07-13 08:48:55,2936,204,1,0.0,150,100.0
2026-07-13 08:48:56,2937,204,2,0.0,150,100.0
2026-07-13 08:48:57,2938,204,3,0.0,150,100.0
2026-07-13 08:48:58,2939,204,4,0.0,150,100.0
2026-07-13 08:48:59,2940,204,5,0.0,150,100.0
2026-07-13 08:49:00,2941,204,6,0.0,150,100.0
2026-07-13 08:49:01,2942,204,7,0.0,150,100.0
2026-07-13 08:49:02,2943,204,8,0.0,150,100.0
2026-07-13 08:49:03,2944,204,9,0.0,150,100.0
2026-07-13 08:49:04,2945,204,10,0.0,150,100.0
2026-07-13 08:49:05,2946,204,11,0.0,150,100.0
2026-07-13 08:49:06,2947,204,12,0.0,150,100.0
2026-07-13 08:49:07,2948,204,13,0.0,150,100.0
2026-07-13 08:49:08,2949,204,14,0.0,150,100.0
2026-07-13 08:49:09,2950,204,15,0.0,150,100.0
2026-07-13 08:49:10,2951,205,0,0.0,150,100.0
2026-07-13 08:49:11,2952,205,1,0.0,150,100.0
2026-07-13 08:49:12,2953,205,2,0.0,150,100.0
2026-07-13 08:49:13,2954,205,3,0.0,150,100.0
2026-07-13 08:49:14,2955,205,4,0.0,150,100.0
2026-07-13 08:49:15,2956,205,5,0.0,150,100.0
2026-07-13 08:49:16,2957,205,6,0.0,150,100.0
2026-07-13 08:49:17,2958,205,7,0.0,150,100.0
2026-07-13 08:49:18,2959,205,8,0.0,150,100.0
2026-07-13 08:49:19,2960,205,9,0.0,150,100.0
2026-07-13 08:49:20,2961,205,10,0.0,150,100.0
2026-07-13 08:49:21,2962,205,11,0.0,150,100.0
2026-07-13 08:49:22,2963,205,12,0.0,150,100.0
2026-07-13 08:49:23,2964,205,13,0.0,150,100.0
2026-07-13 08:49:24,2965,205,14,0.0,150,100.0
2026-07-13 08:49:25,2966,205,15,0.0,150,100.0
2026-07-13 08:49:26,2967,206,0,0.0,150,100.0
2026-07-13 08:49:27,2968,206,1,0.0,150,100.0
2026-07-13 08:49:28,2969,206,2,0.0,150,100.0
2026-07-13 08:49:29,2970,206,3,0.0,150,100.0
2026-07-13 08:49:30,2971,206,4,0.0,150,100.0
2026-07-13 08:49:31,2972,206,5,0.0,150,100.0
2026-07-13 08:49:32,2973,206,6,0.0,150,100.0
2026-07-13 08:49:33,2974,206,7,0.0,150,100.0
2026-07-13 08:49:34,2975,206,8,0.0,150,100.0
2026-07-13 08:49:35,2976,206,9,0.0,150,100.0
2026-07-13 08:49:36,2977,206,10,0.0,150,100.0
2026-07-13 08:49:37,2978,206,11,0.0,150,100.0
2026-07-13 08:49:38,2979,206,12,0.0,150,100.0
2026-07-13 08:49:39,2980,207,0,0.0,150,100.0
2026-07-13 08:49:40,2981,207,1,0.0,150,100.0
2026-07-13 08:49:41,2982,207,2,0.0,150,100.0
2026-07-13 08:49:42,2983,207,3,0.0,150,100.0
2026-07-13 08:49:43,2984,207,4,0.0,150,100.0
2026-07-13 08:49:44,2985,207,5,0.0,150,100.0
2026-07-13 08:49:45,2986,207,6,0.0,150,100.0
2026-07-13 08:49:46,2987,207,7,0.0,150,100.0
2026-07-13 08:49:47,2988,207,8,0.0,150,100.0
2026-07-13 08:49:48,2989,207,9,0.0,150,100.0
2026-07-13 08:49:49,2990,207,10,0.0,150,100.0
2026-07-13 08:49:50,2991,207,11,0.0,150,100.0
2026-07-13 08:49:51,2992,207,12,0.0,150,100.0
2026-07-13 08:49:52,2993,207,13,0.0,150,100.0
2026-07-13 08:49:53,2994,207,14,0.0,150,100.0
2026-07-13 08:49:54,2995,207,15,0.0,150,100.0
2026-07-13 08:49:55,2996,208,0,0.0,150,100.0
2026-07-13 08:49:56,2997,208,1,0.0,150,100.0
2026-07-13 08:49:57,2998,208,2,0.0,150,100.0
2026-07-13 08:49:58,2999,208,3,0.0,150,100.0
2026-07-13 08:49:59,3000,208,4,0.0,150,100.0
2026-07-13 08:50:00,3001,208,5,0.0,150,100.0
2026-07-13 08:50:01,3002,208,6,0.0,150,100.0
2026-07-13 08:50:02,3003,208,7,0.0,150,100.0
2026-07-13 08:50:03,3004,208,8,0.0,150,100.0
2026-07-13 08:50:04,3005,208,9,0.0,150,100.0
2026-07-13 08:50:05,3006,208,10,0.0,150,100.0
2026-07-13 08:50:06,3007,208,11,0.0,150,100.0
2026-07-13 08:50:07,3008,209,0,0.0,150,100.0
2026-07-13 08:50:08,3009,209,1,0.0,150,100.0
2026-07-13 08:50:09,3010,209,2,0.0,150,100.0
2026-07-13 08:50:10,3011,209,3,0.0,150,100.0
2026-07-13 08:50:11,3012,209,4,0.0,150,100.0
2026-07-13 08:50:12,3013,209,5,0.0,150,100.0
2026-07-13 08:50:13,3014,209,6,0.0,150,100.0
2026-07-13 08:50:14,3015,209,7,0.0,150,100.0
2026-07-13 08:50:15,3016,209,8,0.0,150,100.0
2026-07-13 08:50:16,3017,209,9,0.0,150,100.0
2026-07-13 08:50:17,3018,209,10,0.0,150,100.0
2026-07-13 08:50:18,3019,209,11,0.0,150,100.0
2026-07-13 08:50:19,3020,209,12,0.0,150,100.0
2026-07-13 08:50:20,3021,210,0,0.0,150,100.0
2026-07-13 08:50:21,3022,210,1,0.0,150,100.0
2026-07-13 08:50:22,3023,210,2,0.0,150,100.0
2026-07-13 08:50:23,3024,210,3,0.0,150,100.0
2026-07-13 08:50:24,3025,210,4,0.0,150,100.0
2026-07-13 08:50:25,3026,210,5,0.0,150,100.0
2026-07-13 08:50:26,3027,210,6,0.0,150,100.0
2026-07-13 08:50:27,3028,210,7,0.0,150,100.0
2026-07-13 08:50:28,3029,210,8,0.0,150,100.0
2026-07-13 08:50:29,3030,210,9,0.0,150,100.0
2026-07-13 08:50:30,3031,210,10,0.0,150,100.0
2026-07-13 08:50:31,3032,210,11,0.0,150,100.0
2026-07-13 08:50:32,3033,210,12,0.0,150,100.0
2026-07-13 08:50:33,3034,210,13,0.0,150,100.0
2026-07-13 08:50:34,3035,211,0,0.0,150,100.0
2026-07-13 08:50:35,3036,211,1,0.0,150,100.0
2026-07-13 08:50:36,3037,211,2,0.0,150,100.0
2026-07-13 08:50:37,3038,211,3,0.0,150,100.0
2026-07-13 08:50:38,3039,211,4,0.0,150,100.0
2026-07-13 08:50:39,3040,211,5,0.0,150,100.0
2026-07-13 08:50:40,3041,211,6,0.0,150,100.0
2026-07-13 08:50:41,3042,211,7,0.0,150,100.0
2026-07-13 08:50:42,3043,211,8,0.0,150,100.0
2026-07-13 08:50:43,3044,211,9,0.0,150,100.0
2026-07-13 08:50:44,3045,211,10,0.0,150,100.0
2026-07-13 08:50:45,3046,211,11,0.0,150,100.0
2026-07-13 08:50:46,3047,211,12,0.0,150,100.0
2026-07-13 08:50:47,3048,211,13,0.0,150,100.0
2026-07-13 08:50:48,3049,211,14,0.0,150,100.0
2026-07-13 08:50:49,3050,211,15,0.0,150,100.0
2026-07-13 08:50:50,3051,212,0,0.0,150,100.0
2026-07-13 08:50:51,3052,212,1,0.0,150,100.0
2026-07-13 08:50:52,3053,212,2,0.0,150,100.0
2026-07-13 08:50:53,3054,212,3,0.0,150,100.0
2026-07-13 08:50:54,3055,212,4,0.0,150,100.0
2026-07-13 08:50:55,3056,212,5,0.0,150,100.0
2026-07-13 08:50:56,3057,212,6,0.0,150,100.0
2026-07-13 08:50:57,3058,212,7,0.0,150,100.0
2026-07-13 08:50:58,3059,212,8,0.0,150,100.0
2026-07-13 08:50:59,3060,212,9,0.0,150,100.0
2026-07-13 08:51:00,3061,212,10,0.0,150,100.0
2026-07-13 08:51:01,3062,212,11,0.0,150,100.0
2026-07-13 08:51:02,3063,212,12,0.0,150,100.0
2026-07-13 08:51:03,3064,212,13,0.0,150,100.0
2026-07-13 08:51:04,3065,212,14,0.0,150,100.0
2026-07-13 08:51:05,3066,212,15,0.0,150,100.0
2026-07-13 08:51:06,3067,213,0,0.0,150,100.0
2026-07-13 08:51:07,3068,213,1,0.0,150,100.0
2026-07-13 08:51:08,3069,213,2,0.0,150,100.0
2026-07-13 08:51:09,3070,213,3,0.0,150,100.0
2026-07-13 08:51:10,3071,213,4,0.0,150,100.0
2026-07-13 08:51:11,3072,213,5,0.0,150,100.0
2026-07-13 08:51:12,3073,213,6,0.0,150,100.0
2026-07-13 08:51:13,3074,213,7,0.0,150,100.0
2026-07-13 08:51:14,3075,213,8,0.0,150,100.0
2026-07-13 08:51:15,3076,213,9,0.0,150,100.0
2026-07-13 08:51:16,3077,213,10,0.0,150,100.0
2026-07-13 08:51:17,3078,213,11,0.0,150,100.0
2026-07-13 08:51:18,3079,213,12,0.0,150,100.0
2026-07-13 08:51:19,3080,213,13,0.0,150,100.0
2026-07-13 08:51:20,3081,213,14,0.0,150,100.0
2026-07-13 08:51:21,3082,213,15,0.0,150,100.0
2026-07-13 08:51:22,3083,214,0,0.0,150,100.0
2026-07-13 08:51:23,3084,214,1,0.0,150,100.0
2026-07-13 08:51:24,3085,214,2,0.0,150,100.0
2026-07-13 08:51:25,3086,214,3,0.0,150,100.0
2026-07-13 08:51:26,3087,214,4,0.0,150,100.0
2026-07-13 08:51:27,3088,214,5,0.0,150,100.0
2026-07-13 08:51:28,3089,214,6,0.0,150,100.0
2026-07-13 08:51:29,3090,214,7,0.0,150,100.0
2026-07-13 08:51:30,3091,214,8,0.0,150,100.0
2026-07-13 08:51:31,3092,214,9,0.0,150,100.0
2026-07-13 08:51:32,3093,214,10,0.0,150,100.0
2026-07-13 08:51:33,3094,214,11,0.0,150,100.0
2026-07-13 08:51:34,3095,214,12,0.0,150,100.0
2026-07-13 08:51:35,3096,214,13,0.0,150,100.0
2026-07-13 08:51:36,3097,215,0,0.0,150,100.0
2026-07-13 08:51:37,3098,215,1,0.0,150,100.0
2026-07-13 08:51:38,3099,215,2,0.0,150,100.0
2026-07-13 08:51:39,3100,215,3,0.0,150,100.0
2026-07-13 08:51:40,3101,215,4,0.0,150,100.0
2026-07-13 08:51:41,3102,215,5,0.0,150,100.0
2026-07-13 08:51:42,3103,215,6,0.0,150,100.0
2026-07-13 08:51:43,3104,215,7,0.0,150,100.0
2026-07-13 08:51:44,3105,215,8,0.0,150,100.0
2026-07-13 08:51:45,3106,215,9,0.0,150,100.0
2026-07-13 08:51:46,3107,215,10,0.0,150,100.0
2026-07-13 08:51:47,3108,215,11,0.0,150,100.0
2026-07-13 08:51:48,3109,215,12,41.48,150,100.0
2026-07-13 08:51:49,3110,215,13,0.0,150,100.0
2026-07-13 08:51:50,3111,216,0,0.0,150,100.0
2026-07-13 08:51:51,3112,216,1,0.0,150,100.0
2026-07-13 08:51:52,3113,216,2,0.0,150,100.0
2026-07-13 08:51:53,3114,216,3,0.0,150,100.0
2026-07-13 08:51:54,3115,216,4,0.0,150,100.0
2026-07-13 08:51:55,3116,216,5,43.02,150,100.0
2026-07-13 08:51:56,3117,216,6,88.36,150,100.0
2026-07-13 08:51:57,3118,216,7,0.0,150,100.0
2026-07-13 08:51:58,3119,216,8,0.0,150,100.0
2026-07-13 08:51:59,3120,216,9,0.0,150,100.0
2026-07-13 08:52:00,3121,216,10,0.0,150,100.0
2026-07-13 08:52:01,3122,216,11,0.0,150,100.0
2026-07-13 08:52:02,3123,216,12,0.0,150,100.0
2026-07-13 08:52:03,3124,216,13,0.0,150,100.0
2026-07-13 08:52:04,3125,216,14,0.0,150,100.0
2026-07-13 08:52:05,3126,217,0,0.0,150,100.0
2026-07-13 08:52:06,3127,217,1,0.0,150,100.0
2026-07-13 08:52:07,3128,217,2,0.0,150,100.0
2026-07-13 08:52:08,3129,217,3,0.0,150,100.0
2026-07-13 08:52:09,3130,217,4,21.61,150,100.0
2026-07-13 08:52:10,3131,217,5,0.0,150,100.0
2026-07-13 08:52:11,3132,217,6,0.0,150,100.0
2026-07-13 08:52:12,3133,217,7,0.0,150,100.0
2026-07-13 08:52:13,3134,217,8,0.0,150,100.0
2026-07-13 08:52:14,3135,217,9,0.0,150,100.0
2026-07-13 08:52:15,3136,217,10,0.0,150,100.0
2026-07-13 08:52:16,3137,217,11,0.0,150,100.0
2026-07-13 08:52:17,3138,217,12,100.0,150,100.0
2026-07-13 08:52:18,3139,217,13,74.09,150,100.0
2026-07-13 08:52:19,3140,217,14,0.0,150,100.0
2026-07-13 08:52:20,3141,217,15,0.0,150,100.0
2026-07-13 08:52:21,3142,217,16,0.0,150,100.0
2026-07-13 08:52:22,3143,218,0,0.0,150,100.0
2026-07-13 08:52:23,3144,218,1,0.0,150,100.0
2026-07-13 08:52:24,3145,218,2,73.32,150,100.0
2026-07-13 08:52:25,3146,218,3,0.0,150,100.0
2026-07-13 08:52:26,3147,218,4,0.0,150,100.0
2026-07-13 08:52:27,3148,218,5,0.0,150,100.0
2026-07-13 08:52:28,3149,218,6,0.0,150,100.0
2026-07-13 08:52:29,3150,218,7,0.0,150,100.0
2026-07-13 08:52:30,3151,218,8,0.0,150,100.0
2026-07-13 08:52:31,3152,218,9,0.0,150,100.0
2026-07-13 08:52:32,3153,218,10,0.0,150,100.0
2026-07-13 08:52:33,3154,218,11,0.0,150,100.0
2026-07-13 08:52:34,3155,218,12,0.0,150,100.0
2026-07-13 08:52:35,3156,218,13,0.0,150,100.0
2026-07-13 08:52:36,3157,219,0,0.0,150,100.0
2026-07-13 08:52:37,3158,219,1,0.0,150,100.0
2026-07-13 08:52:38,3159,219,2,0.0,150,100.0
2026-07-13 08:52:39,3160,219,3,0.0,150,100.0
2026-07-13 08:52:40,3161,219,4,0.0,150,100.0
2026-07-13 08:52:41,3162,219,5,0.0,150,100.0
2026-07-13 08:52:42,3163,219,6,0.0,150,100.0
2026-07-13 08:52:43,3164,219,7,0.0,150,100.0
2026-07-13 08:52:44,3165,219,8,0.0,150,100.0
2026-07-13 08:52:45,3166,219,9,0.0,150,100.0
2026-07-13 08:52:46,3167,219,10,0.0,150,100.0
2026-07-13 08:52:47,3168,219,11,0.0,150,100.0
2026-07-13 08:52:48,3169,219,12,0.0,150,100.0
2026-07-13 08:52:49,3170,219,13,0.0,150,100.0
2026-07-13 08:52:50,3171,220,0,0.0,150,100.0
2026-07-13 08:52:51,3172,220,1,0.0,150,100.0
2026-07-13 08:52:52,3173,220,2,0.0,150,100.0
2026-07-13 08:52:53,3174,220,3,0.0,150,100.0
2026-07-13 08:52:54,3175,220,4,0.0,150,100.0
2026-07-13 08:52:55,3176,220,5,0.0,150,100.0
2026-07-13 08:52:56,3177,220,6,0.0,150,100.0
2026-07-13 08:52:57,3178,220,7,0.0,150,100.0
2026-07-13 08:52:58,3179,220,8,0.0,150,100.0
2026-07-13 08:52:59,3180,220,9,0.0,150,100.0
2026-07-13 08:53:00,3181,220,10,0.0,150,100.0
2026-07-13 08:53:01,3182,220,11,0.0,150,100.0
2026-07-13 08:53:02,3183,220,12,0.0,150,100.0
2026-07-13 08:53:03,3184,220,13,0.0,150,100.0
2026-07-13 08:53:04,3185,221,0,0.0,150,100.0
2026-07-13 08:53:05,3186,221,1,0.0,150,100.0
2026-07-13 08:53:06,3187,221,2,0.0,150,100.0
2026-07-13 08:53:07,3188,221,3,0.0,150,100.0
2026-07-13 08:53:08,3189,221,4,0.0,150,100.0
2026-07-13 08:53:09,3190,221,5,0.0,150,100.0
2026-07-13 08:53:10,3191,221,6,0.0,150,100.0
2026-07-13 08:53:11,3192,221,7,0.0,150,100.0
2026-07-13 08:53:12,3193,221,8,0.0,150,100.0
2026-07-13 08:53:13,3194,221,9,0.0,150,100.0
2026-07-13 08:53:14,3195,221,10,0.0,150,100.0
2026-07-13 08:53:15,3196,221,11,0.0,150,100.0
2026-07-13 08:53:16,3197,221,12,0.0,150,100.0
2026-07-13 08:53:17,3198,221,13,0.0,150,100.0
2026-07-13 08:53:18,3199,222,0,0.0,150,100.0
2026-07-13 08:53:19,3200,222,1,0.0,150,100.0
2026-07-13 08:53:20,3201,222,2,0.0,150,100.0
2026-07-13 08:53:21,3202,222,3,0.0,150,100.0
2026-07-13 08:53:22,3203,222,4,0.0,150,100.0
2026-07-13 08:53:23,3204,222,5,0.0,150,100.0
2026-07-13 08:53:24,3205,222,6,0.0,150,100.0
2026-07-13 08:53:25,3206,222,7,0.0,150,100.0
2026-07-13 08:53:26,3207,222,8,0.0,150,100.0
2026-07-13 08:53:27,3208,222,9,0.0,150,100.0
2026-07-13 08:53:28,3209,222,10,0.0,150,100.0
2026-07-13 08:53:29,3210,222,11,0.0,150,100.0
2026-07-13 08:53:30,3211,222,12,0.0,150,100.0
2026-07-13 08:53:31,3212,222,13,0.0,150,100.0
2026-07-13 08:53:32,3213,222,14,0.0,150,100.0
2026-07-13 08:53:33,3214,222,15,0.0,150,100.0
2026-07-13 08:53:34,3215,223,0,0.0,150,100.0
2026-07-13 08:53:35,3216,223,1,0.0,150,100.0
2026-07-13 08:53:36,3217,223,2,0.0,150,100.0
2026-07-13 08:53:37,3218,223,3,0.0,150,100.0
2026-07-13 08:53:38,3219,223,4,0.0,150,100.0
2026-07-13 08:53:39,3220,223,5,0.0,150,100.0
2026-07-13 08:53:40,3221,223,6,0.0,150,100.0
2026-07-13 08:53:41,3222,223,7,0.0,150,100.0
2026-07-13 08:53:42,3223,223,8,0.0,150,100.0
2026-07-13 08:53:43,3224,223,9,0.0,150,100.0
2026-07-13 08:53:44,3225,223,10,57.99,150,100.0
2026-07-13 08:53:45,3226,223,11,0.0,150,100.0
2026-07-13 08:53:46,3227,223,12,0.0,150,100.0
2026-07-13 08:53:47,3228,223,13,0.0,150,100.0
2026-07-13 08:53:48,3229,223,14,0.0,150,100.0
2026-07-13 08:53:49,3230,224,0,0.0,150,100.0
2026-07-13 08:53:50,3231,224,1,0.0,150,100.0
2026-07-13 08:53:51,3232,224,2,0.0,150,100.0
2026-07-13 08:53:52,3233,224,3,0.0,150,100.0
2026-07-13 08:53:53,3234,224,4,0.0,150,100.0
2026-07-13 08:53:54,3235,224,5,0.0,150,100.0
2026-07-13 08:53:55,3236,224,6,0.0,150,100.0
2026-07-13 08:53:56,3237,224,7,0.0,150,100.0
2026-07-13 08:53:57,3238,224,8,0.0,150,100.0
2026-07-13 08:53:58,3239,224,9,0.0,150,100.0
2026-07-13 08:53:59,3240,224,10,0.0,150,100.0
2026-07-13 08:54:00,3241,224,11,0.0,150,100.0
2026-07-13 08:54:01,3242,224,12,0.0,150,100.0
2026-07-13 08:54:02,3243,224,13,0.0,150,100.0
2026-07-13 08:54:03,3244,225,0,0.0,150,100.0
2026-07-13 08:54:04,3245,225,1,0.0,150,100.0
2026-07-13 08:54:05,3246,225,2,0.0,150,100.0
2026-07-13 08:54:06,3247,225,3,0.0,150,100.0
2026-07-13 08:54:07,3248,225,4,0.0,150,100.0
2026-07-13 08:54:08,3249,225,5,0.0,150,100.0
2026-07-13 08:54:09,3250,225,6,0.0,150,100.0
2026-07-13 08:54:10,3251,225,7,0.0,150,100.0
2026-07-13 08:54:11,3252,225,8,0.0,150,100.0
2026-07-13 08:54:12,3253,225,9,0.0,150,100.0
2026-07-13 08:54:13,3254,225,10,0.0,150,100.0
2026-07-13 08:54:14,3255,225,11,0.0,150,100.0
2026-07-13 08:54:15,3256,225,12,0.0,150,100.0
2026-07-13 08:54:16,3257,225,13,0.0,150,100.0
2026-07-13 08:54:17,3258,225,14,0.0,150,100.0
2026-07-13 08:54:18,3259,225,15,0.0,150,100.0
2026-07-13 08:54:19,3260,226,0,0.0,150,100.0
2026-07-13 08:54:20,3261,226,1,0.0,150,100.0
2026-07-13 08:54:21,3262,226,2,0.0,150,100.0
2026-07-13 08:54:22,3263,226,3,0.0,150,100.0
2026-07-13 08:54:23,3264,226,4,0.0,150,100.0
2026-07-13 08:54:24,3265,226,5,0.0,150,100.0
2026-07-13 08:54:25,3266,226,6,0.0,150,100.0
2026-07-13 08:54:26,3267,226,7,0.0,150,100.0
2026-07-13 08:54:27,3268,226,8,0.0,150,100.0
2026-07-13 08:54:28,3269,226,9,0.0,150,100.0
2026-07-13 08:54:29,3270,226,10,0.0,150,100.0
2026-07-13 08:54:30,3271,226,11,0.0,150,100.0
2026-07-13 08:54:31,3272,226,12,0.0,150,100.0
2026-07-13 08:54:32,3273,226,13,0.0,150,100.0
2026-07-13 08:54:33,3274,227,0,0.0,150,100.0
2026-07-13 08:54:34,3275,227,1,0.0,150,100.0
2026-07-13 08:54:35,3276,227,2,0.0,150,100.0
2026-07-13 08:54:36,3277,227,3,0.0,150,100.0
2026-07-13 08:54:37,3278,227,4,0.0,150,100.0
2026-07-13 08:54:38,3279,227,5,0.0,150,100.0
2026-07-13 08:54:39,3280,227,6,0.0,150,100.0
2026-07-13 08:54:40,3281,227,7,0.0,150,100.0
2026-07-13 08:54:41,3282,227,8,0.0,150,100.0
2026-07-13 08:54:42,3283,227,9,0.0,150,100.0
2026-07-13 08:54:43,3284,227,10,0.0,150,100.0
2026-07-13 08:54:44,3285,227,11,20.17,150,100.0
2026-07-13 08:54:45,3286,227,12,20.88,150,100.0
2026-07-13 08:54:46,3287,227,13,0.0,150,100.0
2026-07-13 08:54:47,3288,227,14,0.0,150,100.0
2026-07-13 08:54:48,3289,227,15,0.0,150,100.0
2026-07-13 08:54:49,3290,228,0,0.0,150,100.0
2026-07-13 08:54:50,3291,228,1,0.0,150,100.0
2026-07-13 08:54:51,3292,228,2,0.0,150,100.0
2026-07-13 08:54:52,3293,228,3,0.0,150,100.0
2026-07-13 08:54:53,3294,228,4,0.0,150,100.0
2026-07-13 08:54:54,3295,228,5,0.0,150,100.0
2026-07-13 08:54:55,3296,228,6,0.0,150,100.0
2026-07-13 08:54:56,3297,228,7,0.0,150,100.0
2026-07-13 08:54:57,3298,228,8,0.0,150,100.0
2026-07-13 08:54:58,3299,228,9,0.0,150,100.0
2026-07-13 08:54:59,3300,228,10,0.0,150,100.0
2026-07-13 08:55:00,3301,228,11,0.0,150,100.0
2026-07-13 08:55:01,3302,228,12,0.0,150,100.0
2026-07-13 08:55:02,3303,228,13,0.0,150,100.0
2026-07-13 08:55:03,3304,228,14,0.0,150,100.0
2026-07-13 08:55:04,3305,228,15,0.0,150,100.0
2026-07-13 08:55:05,3306,229,0,0.0,150,100.0
2026-07-13 08:55:06,3307,229,1,0.0,150,100.0
2026-07-13 08:55:07,3308,229,2,0.0,150,100.0
2026-07-13 08:55:08,3309,229,3,0.0,150,100.0
2026-07-13 08:55:09,3310,229,4,0.0,150,100.0
2026-07-13 08:55:10,3311,229,5,0.0,150,100.0
2026-07-13 08:55:11,3312,229,6,0.0,150,100.0
2026-07-13 08:55:12,3313,229,7,0.0,150,100.0
2026-07-13 08:55:13,3314,229,8,0.0,150,100.0
2026-07-13 08:55:14,3315,229,9,0.0,150,100.0
2026-07-13 08:55:15,3316,229,10,0.0,150,100.0
2026-07-13 08:55:16,3317,229,11,0.0,150,100.0
2026-07-13 08:55:17,3318,229,12,0.0,150,100.0
2026-07-13 08:55:18,3319,229,13,0.0,150,100.0
2026-07-13 08:55:19,3320,229,14,0.0,150,100.0
2026-07-13 08:55:20,3321,229,15,0.0,150,100.0
2026-07-13 08:55:21,3322,230,0,0.0,150,100.0
2026-07-13 08:55:22,3323,230,1,0.0,150,100.0
2026-07-13 08:55:23,3324,230,2,0.0,150,100.0
2026-07-13 08:55:24,3325,230,3,0.0,150,100.0
2026-07-13 08:55:25,3326,230,4,0.0,150,100.0
2026-07-13 08:55:26,3327,230,5,0.0,150,100.0
2026-07-13 08:55:27,3328,230,6,0.0,150,100.0
2026-07-13 08:55:28,3329,230,7,0.0,150,100.0
2026-07-13 08:55:29,3330,230,8,0.0,150,100.0
2026-07-13 08:55:30,3331,230,9,0.0,150,100.0
2026-07-13 08:55:31,3332,230,10,0.0,150,100.0
2026-07-13 08:55:32,3333,230,11,0.0,150,100.0
2026-07-13 08:55:33,3334,230,12,0.0,150,100.0
2026-07-13 08:55:34,3335,230,13,0.0,150,100.0
2026-07-13 08:55:35,3336,230,14,0.0,150,100.0
2026-07-13 08:55:36,3337,230,15,0.0,150,100.0
2026-07-13 08:55:37,3338,230,16,0.0,150,100.0
2026-07-13 08:55:38,3339,231,0,0.0,150,100.0
2026-07-13 08:55:39,3340,231,1,0.0,150,100.0
2026-07-13 08:55:40,3341,231,2,0.0,150,100.0
2026-07-13 08:55:41,3342,231,3,0.0,150,100.0
2026-07-13 08:55:42,3343,231,4,0.0,150,100.0
2026-07-13 08:55:43,3344,231,5,0.0,150,100.0
2026-07-13 08:55:44,3345,231,6,0.0,150,100.0
2026-07-13 08:55:45,3346,231,7,0.0,150,100.0
2026-07-13 08:55:46,3347,231,8,0.0,150,100.0
2026-07-13 08:55:47,3348,231,9,0.0,150,100.0
2026-07-13 08:55:48,3349,231,10,0.0,150,100.0
2026-07-13 08:55:49,3350,231,11,0.0,150,100.0
2026-07-13 08:55:50,3351,231,12,0.0,150,100.0
2026-07-13 08:55:51,3352,231,13,0.0,150,100.0
2026-07-13 08:55:52,3353,231,14,0.0,150,100.0
2026-07-13 08:55:53,3354,232,0,0.0,150,100.0
2026-07-13 08:55:54,3355,232,1,0.0,150,100.0
2026-07-13 08:55:55,3356,232,2,0.0,150,100.0
2026-07-13 08:55:56,3357,232,3,0.0,150,100.0
2026-07-13 08:55:57,3358,232,4,0.0,150,100.0
2026-07-13 08:55:58,3359,232,5,0.0,150,100.0
2026-07-13 08:55:59,3360,232,6,0.0,150,100.0
2026-07-13 08:56:00,3361,232,7,0.0,150,100.0
2026-07-13 08:56:01,3362,232,8,0.0,150,100.0
2026-07-13 08:56:02,3363,232,9,0.0,150,100.0
2026-07-13 08:56:03,3364,232,10,0.0,150,100.0
2026-07-13 08:56:04,3365,232,11,0.0,150,100.0
2026-07-13 08:56:05,3366,232,12,0.0,150,100.0
2026-07-13 08:56:06,3367,232,13,0.0,150,100.0
2026-07-13 08:56:07,3368,232,14,0.0,150,100.0
2026-07-13 08:56:08,3369,233,0,0.0,150,100.0
2026-07-13 08:56:09,3370,233,1,0.0,150,100.0
2026-07-13 08:56:10,3371,233,2,0.0,150,100.0
2026-07-13 08:56:11,3372,233,3,0.0,150,100.0
2026-07-13 08:56:12,3373,233,4,0.0,150,100.0
2026-07-13 08:56:13,3374,233,5,0.0,150,100.0
2026-07-13 08:56:14,3375,233,6,0.0,150,100.0
2026-07-13 08:56:15,3376,233,7,0.0,150,100.0
2026-07-13 08:56:16,3377,233,8,0.0,150,100.0
2026-07-13 08:56:17,3378,233,9,0.0,150,100.0
2026-07-13 08:56:18,3379,233,10,0.0,150,100.0
2026-07-13 08:56:19,3380,233,11,0.0,150,100.0
2026-07-13 08:56:20,3381,233,12,0.0,150,100.0
2026-07-13 08:56:21,3382,233,13,0.0,150,100.0
2026-07-13 08:56:22,3383,234,0,0.0,150,100.0
2026-07-13 08:56:23,3384,234,1,0.0,150,100.0
2026-07-13 08:56:24,3385,234,2,0.0,150,100.0
2026-07-13 08:56:25,3386,234,3,0.0,150,100.0
2026-07-13 08:56:26,3387,234,4,0.0,150,100.0
2026-07-13 08:56:27,3388,234,5,0.0,150,100.0
2026-07-13 08:56:28,3389,234,6,0.0,150,100.0
2026-07-13 08:56:29,3390,234,7,0.0,150,100.0
2026-07-13 08:56:30,3391,234,8,0.0,150,100.0
2026-07-13 08:56:31,3392,234,9,0.0,150,100.0
2026-07-13 08:56:32,3393,234,10,0.0,150,100.0
2026-07-13 08:56:33,3394,234,11,0.0,150,100.0
2026-07-13 08:56:34,3395,234,12,0.0,150,100.0
2026-07-13 08:56:35,3396,235,0,0.0,150,100.0
2026-07-13 08:56:36,3397,235,1,0.0,150,100.0
2026-07-13 08:56:37,3398,235,2,0.0,150,100.0
2026-07-13 08:56:38,3399,235,3,0.0,150,100.0
2026-07-13 08:56:39,3400,235,4,0.0,150,100.0
2026-07-13 08:56:40,3401,235,5,0.0,150,100.0
2026-07-13 08:56:41,3402,235,6,0.0,150,100.0
2026-07-13 08:56:42,3403,235,7,0.0,150,100.0
2026-07-13 08:56:43,3404,235,8,0.0,150,100.0
2026-07-13 08:56:44,3405,235,9,0.0,150,100.0
2026-07-13 08:56:45,3406,235,10,0.0,150,100.0
2026-07-13 08:56:46,3407,235,11,0.0,150,100.0
2026-07-13 08:56:47,3408,235,12,0.0,150,100.0
2026-07-13 08:56:48,3409,235,13,0.0,150,100.0
2026-07-13 08:56:49,3410,236,0,0.0,150,100.0
2026-07-13 08:56:50,3411,236,1,0.0,150,100.0
2026-07-13 08:56:51,3412,236,2,0.0,150,100.0
2026-07-13 08:56:52,3413,236,3,0.0,150,100.0
2026-07-13 08:56:53,3414,236,4,0.0,150,100.0
2026-07-13 08:56:54,3415,236,5,0.0,150,100.0
2026-07-13 08:56:55,3416,236,6,0.0,150,100.0
2026-07-13 08:56:56,3417,236,7,0.0,150,100.0
2026-07-13 08:56:57,3418,236,8,0.0,150,100.0
2026-07-13 08:56:58,3419,236,9,0.0,150,100.0
2026-07-13 08:56:59,3420,236,10,0.0,150,100.0
2026-07-13 08:57:00,3421,236,11,0.0,150,100.0
2026-07-13 08:57:01,3422,236,12,0.0,150,100.0
2026-07-13 08:57:02,3423,237,0,0.0,150,100.0
2026-07-13 08:57:03,3424,237,1,0.0,150,100.0
2026-07-13 08:57:04,3425,237,2,0.0,150,100.0
2026-07-13 08:57:05,3426,237,3,0.0,150,100.0
2026-07-13 08:57:06,3427,237,4,0.0,150,100.0
2026-07-13 08:57:07,3428,237,5,0.0,150,100.0
2026-07-13 08:57:08,3429,237,6,0.0,150,100.0
2026-07-13 08:57:09,3430,237,7,0.0,150,100.0
2026-07-13 08:57:10,3431,237,8,0.0,150,100.0
2026-07-13 08:57:11,3432,237,9,0.0,150,100.0
2026-07-13 08:57:12,3433,237,10,0.0,150,100.0
2026-07-13 08:57:13,3434,237,11,0.0,150,100.0
2026-07-13 08:57:14,3435,237,12,0.0,150,100.0
2026-07-13 08:57:15,3436,237,13,0.0,150,100.0
2026-07-13 08:57:16,3437,238,0,0.0,150,100.0
2026-07-13 08:57:17,3438,238,1,0.0,150,100.0
2026-07-13 08:57:18,3439,238,2,0.0,150,100.0
2026-07-13 08:57:19,3440,238,3,0.0,150,100.0
2026-07-13 08:57:20,3441,238,4,0.0,150,100.0
2026-07-13 08:57:21,3442,238,5,0.0,150,100.0
2026-07-13 08:57:22,3443,238,6,0.0,150,100.0
2026-07-13 08:57:23,3444,238,7,0.0,150,100.0
2026-07-13 08:57:24,3445,238,8,0.0,150,100.0
2026-07-13 08:57:25,3446,238,9,0.0,150,100.0
2026-07-13 08:57:26,3447,238,10,0.0,150,100.0
2026-07-13 08:57:27,3448,238,11,0.0,150,100.0
2026-07-13 08:57:28,3449,238,12,0.0,150,100.0
2026-07-13 08:57:29,3450,238,13,0.0,150,100.0
2026-07-13 08:57:30,3451,239,0,0.0,150,100.0
2026-07-13 08:57:31,3452,239,1,0.0,150,100.0
2026-07-13 08:57:32,3453,239,2,0.0,150,100.0
2026-07-13 08:57:33,3454,239,3,0.0,150,100.0
2026-07-13 08:57:34,3455,239,4,0.0,150,100.0
2026-07-13 08:57:35,3456,239,5,0.0,150,100.0
2026-07-13 08:57:36,3457,239,6,0.0,150,100.0
2026-07-13 08:57:37,3458,239,7,0.0,150,100.0
2026-07-13 08:57:38,3459,239,8,0.0,150,100.0
2026-07-13 08:57:39,3460,239,9,0.0,150,100.0
2026-07-13 08:57:40,3461,239,10,0.0,150,100.0
2026-07-13 08:57:41,3462,239,11,0.0,150,100.0
2026-07-13 08:57:42,3463,239,12,0.0,150,100.0
2026-07-13 08:57:43,3464,239,13,0.0,150,100.0
2026-07-13 08:57:44,3465,239,14,0.0,150,100.0
2026-07-13 08:57:45,3466,240,0,0.0,150,100.0
2026-07-13 08:57:46,3467,240,1,0.0,150,100.0
2026-07-13 08:57:47,3468,240,2,0.0,150,100.0
2026-07-13 08:57:48,3469,240,3,0.0,150,100.0
2026-07-13 08:57:49,3470,240,4,0.0,150,100.0
2026-07-13 08:57:50,3471,240,5,0.0,150,100.0
2026-07-13 08:57:51,3472,240,6,0.0,150,100.0
2026-07-13 08:57:52,3473,240,7,0.0,150,100.0
2026-07-13 08:57:53,3474,240,8,0.0,150,100.0
2026-07-13 08:57:54,3475,240,9,0.0,150,100.0
2026-07-13 08:57:55,3476,240,10,0.0,150,100.0
2026-07-13 08:57:56,3477,240,11,0.0,150,100.0
2026-07-13 08:57:57,3478,240,12,0.0,150,100.0
2026-07-13 08:57:58,3479,240,13,0.0,150,100.0
2026-07-13 08:57:59,3480,240,14,0.0,150,100.0
2026-07-13 08:58:00,3481,241,0,0.0,150,100.0
2026-07-13 08:58:01,3482,241,1,0.0,150,100.0
2026-07-13 08:58:02,3483,241,2,0.0,150,100.0
2026-07-13 08:58:03,3484,241,3,0.0,150,100.0
2026-07-13 08:58:04,3485,241,4,0.0,150,100.0
2026-07-13 08:58:05,3486,241,5,0.0,150,100.0
2026-07-13 08:58:06,3487,241,6,0.0,150,100.0
2026-07-13 08:58:07,3488,241,7,0.0,150,100.0
2026-07-13 08:58:08,3489,241,8,0.0,150,100.0
2026-07-13 08:58:09,3490,241,9,0.0,150,100.0
2026-07-13 08:58:10,3491,241,10,0.0,150,100.0
2026-07-13 08:58:11,3492,241,11,0.0,150,100.0
2026-07-13 08:58:12,3493,241,12,0.0,150,100.0
2026-07-13 08:58:13,3494,242,0,0.0,150,100.0
2026-07-13 08:58:14,3495,242,1,0.0,150,100.0
2026-07-13 08:58:15,3496,242,2,0.0,150,100.0
2026-07-13 08:58:16,3497,242,3,0.0,150,100.0
2026-07-13 08:58:17,3498,242,4,0.0,150,100.0
2026-07-13 08:58:18,3499,242,5,0.0,150,100.0
2026-07-13 08:58:19,3500,242,6,0.0,150,100.0
2026-07-13 08:58:20,3501,242,7,0.0,150,100.0
2026-07-13 08:58:21,3502,242,8,0.0,150,100.0
2026-07-13 08:58:22,3503,242,9,0.0,150,100.0
2026-07-13 08:58:23,3504,242,10,0.0,150,100.0
2026-07-13 08:58:24,3505,242,11,0.0,150,100.0
2026-07-13 08:58:25,3506,242,12,0.0,150,100.0
2026-07-13 08:58:26,3507,242,13,0.0,150,100.0
2026-07-13 08:58:27,3508,243,0,0.0,150,100.0
2026-07-13 08:58:28,3509,243,1,0.0,150,100.0
2026-07-13 08:58:29,3510,243,2,0.0,150,100.0
2026-07-13 08:58:30,3511,243,3,0.0,150,100.0
2026-07-13 08:58:31,3512,243,4,0.0,150,100.0
2026-07-13 08:58:32,3513,243,5,0.0,150,100.0
2026-07-13 08:58:33,3514,243,6,4.24,150,100.0
2026-07-13 08:58:34,3515,243,7,0.0,150,100.0
2026-07-13 08:58:35,3516,243,8,0.0,150,100.0
2026-07-13 08:58:36,3517,243,9,0.0,150,100.0
2026-07-13 08:58:37,3518,243,10,0.0,150,100.0
2026-07-13 08:58:38,3519,243,11,0.0,150,100.0
2026-07-13 08:58:39,3520,244,0,0.0,150,100.0
2026-07-13 08:58:40,3521,244,1,0.0,150,100.0
2026-07-13 08:58:41,3522,244,2,0.0,150,100.0
2026-07-13 08:58:42,3523,244,3,0.0,150,100.0
2026-07-13 08:58:43,3524,244,4,61.28,150,100.0
2026-07-13 08:58:44,3525,244,5,26.6,150,100.0
2026-07-13 08:58:45,3526,244,6,0.0,150,100.0
2026-07-13 08:58:46,3527,244,7,43.4,150,100.0
2026-07-13 08:58:47,3528,244,8,33.41,150,100.0
2026-07-13 08:58:48,3529,244,9,9.3,150,100.0
2026-07-13 08:58:49,3530,244,10,2.89,150,100.0
2026-07-13 08:58:50,3531,244,11,0.0,150,100.0
2026-07-13 08:58:51,3532,244,12,0.0,150,100.0
2026-07-13 08:58:52,3533,244,13,0.0,150,100.0
2026-07-13 08:58:53,3534,244,14,0.0,150,100.0
2026-07-13 08:58:54,3535,245,0,0.0,150,100.0
2026-07-13 08:58:55,3536,245,1,0.0,150,100.0
2026-07-13 08:58:56,3537,245,2,0.0,150,100.0
2026-07-13 08:58:57,3538,245,3,0.0,150,100.0
2026-07-13 08:58:58,3539,245,4,0.0,150,100.0
2026-07-13 08:58:59,3540,245,5,0.0,150,100.0
2026-07-13 08:59:00,3541,245,6,0.0,150,100.0
2026-07-13 08:59:01,3542,245,7,0.0,150,100.0
2026-07-13 08:59:02,3543,245,8,0.0,150,100.0
2026-07-13 08:59:03,3544,245,9,0.0,150,100.0
2026-07-13 08:59:04,3545,245,10,0.0,150,100.0
2026-07-13 08:59:05,3546,245,11,0.0,150,100.0
2026-07-13 08:59:06,3547,245,12,0.0,150,100.0
2026-07-13 08:59:07,3548,245,13,0.0,150,100.0
2026-07-13 08:59:08,3549,245,14,0.0,150,100.0
2026-07-13 08:59:09,3550,246,0,0.0,150,100.0
2026-07-13 08:59:10,3551,246,1,0.0,150,100.0
2026-07-13 08:59:11,3552,246,2,0.0,150,100.0
2026-07-13 08:59:12,3553,246,3,0.0,150,100.0
2026-07-13 08:59:13,3554,246,4,0.0,150,100.0
2026-07-13 08:59:14,3555,246,5,0.0,150,100.0
2026-07-13 08:59:15,3556,246,6,0.0,150,100.0
2026-07-13 08:59:16,3557,246,7,0.0,150,100.0
2026-07-13 08:59:17,3558,246,8,0.0,150,100.0
2026-07-13 08:59:18,3559,246,9,0.0,150,100.0
2026-07-13 08:59:19,3560,246,10,0.0,150,100.0
2026-07-13 08:59:20,3561,246,11,0.0,150,100.0
2026-07-13 08:59:21,3562,246,12,0.0,150,100.0
2026-07-13 08:59:22,3563,247,0,0.0,150,100.0
2026-07-13 08:59:23,3564,247,1,0.0,150,100.0
2026-07-13 08:59:24,3565,247,2,0.0,150,100.0
2026-07-13 08:59:25,3566,247,3,0.0,150,100.0
2026-07-13 08:59:26,3567,247,4,0.0,150,100.0
2026-07-13 08:59:27,3568,247,5,0.0,150,100.0
2026-07-13 08:59:28,3569,247,6,0.0,150,100.0
2026-07-13 08:59:29,3570,247,7,0.0,150,100.0
2026-07-13 08:59:30,3571,247,8,0.0,150,100.0
2026-07-13 08:59:31,3572,247,9,0.0,150,100.0
2026-07-13 08:59:32,3573,247,10,0.0,150,100.0
2026-07-13 08:59:33,3574,247,11,0.0,150,100.0
2026-07-13 08:59:34,3575,247,12,0.0,150,100.0
2026-07-13 08:59:35,3576,247,13,0.0,150,100.0
2026-07-13 08:59:36,3577,247,14,0.0,150,100.0
2026-07-13 08:59:37,3578,248,0,0.0,150,100.0
2026-07-13 08:59:38,3579,248,1,0.0,150,100.0
2026-07-13 08:59:39,3580,248,2,0.0,150,100.0
2026-07-13 08:59:40,3581,248,3,0.0,150,100.0
2026-07-13 08:59:41,3582,248,4,0.0,150,100.0
2026-07-13 08:59:42,3583,248,5,0.0,150,100.0
2026-07-13 08:59:43,3584,248,6,0.0,150,100.0
2026-07-13 08:59:44,3585,248,7,0.0,150,100.0
2026-07-13 08:59:45,3586,248,8,0.0,150,100.0
2026-07-13 08:59:46,3587,248,9,0.0,150,100.0
2026-07-13 08:59:47,3588,248,10,0.0,150,100.0
2026-07-13 08:59:48,3589,248,11,0.0,150,100.0
2026-07-13 08:59:49,3590,248,12,0.0,150,100.0
2026-07-13 08:59:50,3591,249,0,0.0,150,100.0
2026-07-13 08:59:51,3592,249,1,0.0,150,100.0
2026-07-13 08:59:52,3593,249,2,0.0,150,100.0
2026-07-13 08:59:53,3594,249,3,0.0,150,100.0
2026-07-13 08:59:54,3595,249,4,0.0,150,100.0
2026-07-13 08:59:55,3596,249,5,0.0,150,100.0
2026-07-13 08:59:56,3597,249,6,0.0,150,100.0
2026-07-13 08:59:57,3598,249,7,0.0,150,100.0
2026-07-13 08:59:58,3599,249,8,0.0,150,100.0
2026-07-13 08:59:59,3600,249,9,0.0,150,100.0
2026-07-13 09:00:00,3601,249,10,0.0,150,100.0
2026-07-13 09:00:01,3602,249,11,0.0,150,100.0
2026-07-13 09:00:02,3603,249,12,0.0,150,100.0
2026-07-13 09:00:03,3604,249,13,0.0,150,100.0
2026-07-13 09:00:04,3605,249,14,0.0,150,100.0
2026-07-13 09:00:05,3606,250,0,0.0,150,100.0
2026-07-13 09:00:06,3607,250,1,0.0,150,100.0
2026-07-13 09:00:07,3608,250,2,0.0,150,100.0
2026-07-13 09:00:08,3609,250,3,0.0,150,100.0
2026-07-13 09:00:09,3610,250,4,0.0,150,100.0
2026-07-13 09:00:10,3611,250,5,0.0,150,100.0
2026-07-13 09:00:11,3612,250,6,0.0,150,100.0
2026-07-13 09:00:12,3613,250,7,0.0,150,100.0
2026-07-13 09:00:13,3614,250,8,0.0,150,100.0
2026-07-13 09:00:14,3615,250,9,0.0,150,100.0
2026-07-13 09:00:15,3616,250,10,0.0,150,100.0
2026-07-13 09:00:16,3617,250,11,0.0,150,100.0
2026-07-13 09:00:17,3618,250,12,0.0,150,100.0
2026-07-13 09:00:18,3619,251,0,0.0,150,100.0
2026-07-13 09:00:19,3620,251,1,0.0,150,100.0
2026-07-13 09:00:20,3621,251,2,0.0,150,100.0
2026-07-13 09:00:21,3622,251,3,0.0,150,100.0
2026-07-13 09:00:22,3623,251,4,0.0,150,100.0
2026-07-13 09:00:23,3624,251,5,0.0,150,100.0
2026-07-13 09:00:24,3625,251,6,0.0,150,100.0
2026-07-13 09:00:25,3626,251,7,0.0,150,100.0
2026-07-13 09:00:26,3627,251,8,0.0,150,100.0
2026-07-13 09:00:27,3628,251,9,0.0,150,100.0
2026-07-13 09:00:28,3629,251,10,0.0,150,100.0
2026-07-13 09:00:29,3630,251,11,0.0,150,100.0
2026-07-13 09:00:30,3631,251,12,0.0,150,100.0
2026-07-13 09:00:31,3632,252,0,0.0,150,100.0
2026-07-13 09:00:32,3633,252,1,0.0,150,100.0
2026-07-13 09:00:33,3634,252,2,0.0,150,100.0
2026-07-13 09:00:34,3635,252,3,0.0,150,100.0
2026-07-13 09:00:35,3636,252,4,0.0,150,100.0
2026-07-13 09:00:36,3637,252,5,0.0,150,100.0
2026-07-13 09:00:37,3638,252,6,3.33,150,100.0
2026-07-13 09:00:38,3639,252,7,0.0,150,100.0
2026-07-13 09:00:39,3640,252,8,0.0,150,100.0
2026-07-13 09:00:40,3641,252,9,0.0,150,100.0
2026-07-13 09:00:41,3642,252,10,0.0,150,100.0
2026-07-13 09:00:42,3643,252,11,0.0,150,100.0
2026-07-13 09:00:43,3644,252,12,0.0,150,100.0
2026-07-13 09:00:44,3645,253,0,0.0,150,100.0
2026-07-13 09:00:45,3646,253,1,0.0,150,100.0
2026-07-13 09:00:46,3647,253,2,0.0,150,100.0
2026-07-13 09:00:47,3648,253,3,0.0,150,100.0
2026-07-13 09:00:48,3649,253,4,0.0,150,100.0
2026-07-13 09:00:49,3650,253,5,0.0,150,100.0
2026-07-13 09:00:50,3651,253,6,0.0,150,100.0
2026-07-13 09:00:51,3652,253,7,0.0,150,100.0
2026-07-13 09:00:52,3653,253,8,0.0,150,100.0
2026-07-13 09:00:53,3654,253,9,0.0,150,100.0
2026-07-13 09:00:54,3655,253,10,0.0,150,100.0
2026-07-13 09:00:55,3656,253,11,0.0,150,100.0
2026-07-13 09:00:56,3657,253,12,0.0,150,100.0
2026-07-13 09:00:57,3658,253,13,0.0,150,100.0
2026-07-13 09:00:58,3659,253,14,0.0,150,100.0
2026-07-13 09:00:59,3660,253,15,0.0,150,100.0
2026-07-13 09:01:00,3661,254,0,0.0,150,100.0
2026-07-13 09:01:01,3662,254,1,0.0,150,100.0
2026-07-13 09:01:02,3663,254,2,0.0,150,100.0
2026-07-13 09:01:03,3664,254,3,0.0,150,100.0
2026-07-13 09:01:04,3665,254,4,0.0,150,100.0
2026-07-13 09:01:05,3666,254,5,0.0,150,100.0
2026-07-13 09:01:06,3667,254,6,0.0,150,100.0
2026-07-13 09:01:07,3668,254,7,0.0,150,100.0
2026-07-13 09:01:08,3669,254,8,0.0,150,100.0
2026-07-13 09:01:09,3670,254,9,0.0,150,100.0
2026-07-13 09:01:10,3671,254,10,0.0,150,100.0
2026-07-13 09:01:11,3672,254,11,0.0,150,100.0
2026-07-13 09:01:12,3673,254,12,0.0,150,100.0
2026-07-13 09:01:13,3674,254,13,0.0,150,100.0
2026-07-13 09:01:14,3675,254,14,0.0,150,100.0
2026-07-13 09:01:15,3676,255,0,0.0,150,100.0
2026-07-13 09:01:16,3677,255,1,0.0,150,100.0
2026-07-13 09:01:17,3678,255,2,0.0,150,100.0
2026-07-13 09:01:18,3679,255,3,0.0,150,100.0
2026-07-13 09:01:19,3680,255,4,0.0,150,100.0
2026-07-13 09:01:20,3681,255,5,0.0,150,100.0
2026-07-13 09:01:21,3682,255,6,0.0,150,100.0
2026-07-13 09:01:22,3683,255,7,0.0,150,100.0
2026-07-13 09:01:23,3684,255,8,0.0,150,100.0
2026-07-13 09:01:24,3685,255,9,0.0,150,100.0
2026-07-13 09:01:25,3686,255,10,0.0,150,100.0
2026-07-13 09:01:26,3687,255,11,0.0,150,100.0
2026-07-13 09:01:27,3688,255,12,0.0,150,100.0
2026-07-13 09:01:28,3689,255,13,0.0,150,100.0
2026-07-13 09:01:29,3690,255,14,0.0,150,100.0
2026-07-13 09:01:30,3691,255,15,0.0,150,100.0
2026-07-13 09:01:31,3692,256,0,0.0,150,100.0
2026-07-13 09:01:32,3693,256,1,0.0,150,100.0
2026-07-13 09:01:33,3694,256,2,0.0,150,100.0
2026-07-13 09:01:34,3695,256,3,0.0,150,100.0
2026-07-13 09:01:35,3696,256,4,0.0,150,100.0
2026-07-13 09:01:36,3697,256,5,0.0,150,100.0
2026-07-13 09:01:37,3698,256,6,0.0,150,100.0
2026-07-13 09:01:38,3699,256,7,0.0,150,100.0
2026-07-13 09:01:39,3700,256,8,0.0,150,100.0
2026-07-13 09:01:40,3701,256,9,0.0,150,100.0
2026-07-13 09:01:41,3702,256,10,0.0,150,100.0
2026-07-13 09:01:42,3703,256,11,0.0,150,100.0
2026-07-13 09:01:43,3704,256,12,0.0,150,100.0
2026-07-13 09:01:44,3705,256,13,0.0,150,100.0
2026-07-13 09:01:45,3706,256,14,0.0,150,100.0
2026-07-13 09:01:46,3707,256,15,57.72,150,100.0
2026-07-13 09:01:47,3708,256,16,0.0,150,100.0
2026-07-13 09:01:48,3709,257,0,0.0,150,100.0
2026-07-13 09:01:49,3710,257,1,0.0,150,100.0
2026-07-13 09:01:50,3711,257,2,0.0,150,100.0
2026-07-13 09:01:51,3712,257,3,46.79,150,100.0
2026-07-13 09:01:52,3713,257,4,0.0,150,100.0
2026-07-13 09:01:53,3714,257,5,0.0,150,100.0
2026-07-13 09:01:54,3715,257,6,0.0,150,100.0
2026-07-13 09:01:55,3716,257,7,0.0,150,100.0
2026-07-13 09:01:56,3717,257,8,0.0,150,100.0
2026-07-13 09:01:57,3718,257,9,4.68,150,100.0
2026-07-13 09:01:58,3719,257,10,100.0,150,100.0
2026-07-13 09:01:59,3720,257,11,0.0,150,100.0
2026-07-13 09:02:00,3721,257,12,100.0,150,100.0
2026-07-13 09:02:01,3722,257,13,23.4,150,100.0
2026-07-13 09:02:02,3723,258,0,0.0,150,100.0
2026-07-13 09:02:03,3724,258,1,0.0,150,100.0
2026-07-13 09:02:04,3725,258,2,0.0,150,100.0
2026-07-13 09:02:05,3726,258,3,0.0,150,100.0
2026-07-13 09:02:06,3727,258,4,0.0,150,100.0
2026-07-13 09:02:07,3728,258,5,0.0,150,100.0
2026-07-13 09:02:08,3729,258,6,0.0,150,100.0
2026-07-13 09:02:09,3730,258,7,0.0,150,100.0
2026-07-13 09:02:10,3731,258,8,0.0,150,100.0
2026-07-13 09:02:11,3732,258,9,0.0,150,100.0
2026-07-13 09:02:12,3733,258,10,0.0,150,100.0
2026-07-13 09:02:13,3734,258,11,0.0,150,100.0
2026-07-13 09:02:14,3735,258,12,0.0,150,100.0
2026-07-13 09:02:15,3736,258,13,0.0,150,100.0
2026-07-13 09:02:16,3737,259,0,0.0,150,100.0
2026-07-13 09:02:17,3738,259,1,0.0,150,100.0
2026-07-13 09:02:18,3739,259,2,0.0,150,100.0
2026-07-13 09:02:19,3740,259,3,31.27,150,100.0
2026-07-13 09:02:20,3741,259,4,0.0,150,100.0
2026-07-13 09:02:21,3742,259,5,0.0,150,100.0
2026-07-13 09:02:22,3743,259,6,0.0,150,100.0
2026-07-13 09:02:23,3744,259,7,0.0,150,100.0
2026-07-13 09:02:24,3745,259,8,0.0,150,100.0
2026-07-13 09:02:25,3746,259,9,0.0,150,100.0
2026-07-13 09:02:26,3747,259,10,0.0,150,100.0
2026-07-13 09:02:27,3748,259,11,0.0,150,100.0
2026-07-13 09:02:28,3749,259,12,0.0,150,100.0
2026-07-13 09:02:29,3750,259,13,0.0,150,100.0
2026-07-13 09:02:30,3751,259,14,0.0,150,100.0
2026-07-13 09:02:31,3752,259,15,0.0,150,100.0
2026-07-13 09:02:32,3753,260,0,0.0,150,100.0
2026-07-13 09:02:33,3754,260,1,0.0,150,100.0
2026-07-13 09:02:34,3755,260,2,50.77,150,100.0
2026-07-13 09:02:35,3756,260,3,0.0,150,100.0
2026-07-13 09:02:36,3757,260,4,0.0,150,100.0
2026-07-13 09:02:37,3758,260,5,0.0,150,100.0
2026-07-13 09:02:38,3759,260,6,0.0,150,100.0
2026-07-13 09:02:39,3760,260,7,0.0,150,100.0
2026-07-13 09:02:40,3761,260,8,0.0,150,100.0
2026-07-13 09:02:41,3762,260,9,0.0,150,100.0
2026-07-13 09:02:42,3763,260,10,0.0,150,100.0
2026-07-13 09:02:43,3764,260,11,0.0,150,100.0
2026-07-13 09:02:44,3765,261,0,0.0,150,100.0
2026-07-13 09:02:45,3766,261,1,0.0,150,100.0
2026-07-13 09:02:46,3767,261,2,0.0,150,100.0
2026-07-13 09:02:47,3768,261,3,0.0,150,100.0
2026-07-13 09:02:48,3769,261,4,0.0,150,100.0
2026-07-13 09:02:49,3770,261,5,0.0,150,100.0
2026-07-13 09:02:50,3771,261,6,0.0,150,100.0
2026-07-13 09:02:51,3772,261,7,0.0,150,100.0
2026-07-13 09:02:52,3773,261,8,0.0,150,100.0
2026-07-13 09:02:53,3774,261,9,0.0,150,100.0
2026-07-13 09:02:54,3775,261,10,0.0,150,100.0
2026-07-13 09:02:55,3776,261,11,0.0,150,100.0
2026-07-13 09:02:56,3777,261,12,0.0,150,100.0
2026-07-13 09:02:57,3778,261,13,0.0,150,100.0
2026-07-13 09:02:58,3779,262,0,0.0,150,100.0
2026-07-13 09:02:59,3780,262,1,0.0,150,100.0
2026-07-13 09:03:00,3781,262,2,0.0,150,100.0
2026-07-13 09:03:01,3782,262,3,0.0,150,100.0
2026-07-13 09:03:02,3783,262,4,0.0,150,100.0
2026-07-13 09:03:03,3784,262,5,0.0,150,100.0
2026-07-13 09:03:04,3785,262,6,0.0,150,100.0
2026-07-13 09:03:05,3786,262,7,0.0,150,100.0
2026-07-13 09:03:06,3787,262,8,0.0,150,100.0
2026-07-13 09:03:07,3788,262,9,0.0,150,100.0
2026-07-13 09:03:08,3789,262,10,0.0,150,100.0
2026-07-13 09:03:09,3790,262,11,0.0,150,100.0
2026-07-13 09:03:10,3791,262,12,0.0,150,100.0
2026-07-13 09:03:11,3792,263,0,0.0,150,100.0
2026-07-13 09:03:12,3793,263,1,0.0,150,100.0
2026-07-13 09:03:13,3794,263,2,0.0,150,100.0
2026-07-13 09:03:14,3795,263,3,0.0,150,100.0
2026-07-13 09:03:15,3796,263,4,0.0,150,100.0
2026-07-13 09:03:16,3797,263,5,0.0,150,100.0
2026-07-13 09:03:17,3798,263,6,0.0,150,100.0
2026-07-13 09:03:18,3799,263,7,0.0,150,100.0
2026-07-13 09:03:19,3800,263,8,0.0,150,100.0
2026-07-13 09:03:20,3801,263,9,0.0,150,100.0
2026-07-13 09:03:21,3802,263,10,0.0,150,100.0
2026-07-13 09:03:22,3803,263,11,0.0,150,100.0
2026-07-13 09:03:23,3804,263,12,0.0,150,100.0
2026-07-13 09:03:24,3805,263,13,0.0,150,100.0
2026-07-13 09:03:25,3806,263,14,0.0,150,100.0
2026-07-13 09:03:26,3807,264,0,0.0,150,100.0
2026-07-13 09:03:27,3808,264,1,0.0,150,100.0
2026-07-13 09:03:28,3809,264,2,0.0,150,100.0
2026-07-13 09:03:29,3810,264,3,0.0,150,100.0
2026-07-13 09:03:30,3811,264,4,0.0,150,100.0
2026-07-13 09:03:31,3812,264,5,0.0,150,100.0
2026-07-13 09:03:32,3813,264,6,0.0,150,100.0
2026-07-13 09:03:33,3814,264,7,0.0,150,100.0
2026-07-13 09:03:34,3815,264,8,0.0,150,100.0
2026-07-13 09:03:35,3816,264,9,0.0,150,100.0
2026-07-13 09:03:36,3817,264,10,0.0,150,100.0
2026-07-13 09:03:37,3818,264,11,0.0,150,100.0
2026-07-13 09:03:38,3819,264,12,0.0,150,100.0
2026-07-13 09:03:39,3820,264,13,0.0,150,100.0
2026-07-13 09:03:40,3821,264,14,0.0,150,100.0
2026-07-13 09:03:41,3822,265,0,0.0,150,100.0
2026-07-13 09:03:42,3823,265,1,0.0,150,100.0
2026-07-13 09:03:43,3824,265,2,0.0,150,100.0
2026-07-13 09:03:44,3825,265,3,0.0,150,100.0
2026-07-13 09:03:45,3826,265,4,0.0,150,100.0
2026-07-13 09:03:46,3827,265,5,0.0,150,100.0
2026-07-13 09:03:47,3828,265,6,0.0,150,100.0
2026-07-13 09:03:48,3829,265,7,0.0,150,100.0
2026-07-13 09:03:49,3830,265,8,0.0,150,100.0
2026-07-13 09:03:50,3831,265,9,0.0,150,100.0
2026-07-13 09:03:51,3832,265,10,0.0,150,100.0
2026-07-13 09:03:52,3833,265,11,0.0,150,100.0
2026-07-13 09:03:53,3834,265,12,0.0,150,100.0
2026-07-13 09:03:54,3835,266,0,0.0,150,100.0
2026-07-13 09:03:55,3836,266,1,0.0,150,100.0
2026-07-13 09:03:56,3837,266,2,0.0,150,100.0
2026-07-13 09:03:57,3838,266,3,0.0,150,100.0
2026-07-13 09:03:58,3839,266,4,0.0,150,100.0
2026-07-13 09:03:59,3840,266,5,0.0,150,100.0
2026-07-13 09:04:00,3841,266,6,0.0,150,100.0
2026-07-13 09:04:01,3842,266,7,0.0,150,100.0
2026-07-13 09:04:02,3843,266,8,0.0,150,100.0
2026-07-13 09:04:03,3844,266,9,0.0,150,100.0
2026-07-13 09:04:04,3845,266,10,0.0,150,100.0
2026-07-13 09:04:05,3846,266,11,0.0,150,100.0
2026-07-13 09:04:06,3847,266,12,0.0,150,100.0
2026-07-13 09:04:07,3848,266,13,0.0,150,100.0
2026-07-13 09:04:08,3849,266,14,0.0,150,100.0
2026-07-13 09:04:09,3850,266,15,0.0,150,100.0
2026-07-13 09:04:10,3851,266,16,0.0,150,100.0
2026-07-13 09:04:11,3852,267,0,0.0,150,100.0
2026-07-13 09:04:12,3853,267,1,0.0,150,100.0
2026-07-13 09:04:13,3854,267,2,0.0,150,100.0
2026-07-13 09:04:14,3855,267,3,0.0,150,100.0
2026-07-13 09:04:15,3856,267,4,0.0,150,100.0
2026-07-13 09:04:16,3857,267,5,0.0,150,100.0
2026-07-13 09:04:17,3858,267,6,0.0,150,100.0
2026-07-13 09:04:18,3859,267,7,0.0,150,100.0
2026-07-13 09:04:19,3860,267,8,0.0,150,100.0
2026-07-13 09:04:20,3861,267,9,0.0,150,100.0
2026-07-13 09:04:21,3862,267,10,0.0,150,100.0
2026-07-13 09:04:22,3863,267,11,0.0,150,100.0
2026-07-13 09:04:23,3864,267,12,57.98,150,100.0
2026-07-13 09:04:24,3865,267,13,0.0,150,100.0
2026-07-13 09:04:25,3866,267,14,15.24,150,100.0
2026-07-13 09:04:26,3867,267,15,11.9,150,100.0
2026-07-13 09:04:27,3868,268,0,0.0,150,100.0
2026-07-13 09:04:28,3869,268,1,0.0,150,100.0
2026-07-13 09:04:29,3870,268,2,0.0,150,100.0
2026-07-13 09:04:30,3871,268,3,0.0,150,100.0
2026-07-13 09:04:31,3872,268,4,0.0,150,100.0
2026-07-13 09:04:32,3873,268,5,0.0,150,100.0
2026-07-13 09:04:33,3874,268,6,0.0,150,100.0
2026-07-13 09:04:34,3875,268,7,0.0,150,100.0
2026-07-13 09:04:35,3876,268,8,0.0,150,100.0
2026-07-13 09:04:36,3877,268,9,0.0,150,100.0
2026-07-13 09:04:37,3878,268,10,13.22,150,100.0
2026-07-13 09:04:38,3879,268,11,0.0,150,100.0
2026-07-13 09:04:39,3880,268,12,0.0,150,100.0
2026-07-13 09:04:40,3881,268,13,61.85,150,100.0
2026-07-13 09:04:41,3882,269,0,0.0,150,100.0
2026-07-13 09:04:42,3883,269,1,0.0,150,100.0
2026-07-13 09:04:43,3884,269,2,0.0,150,100.0
2026-07-13 09:04:44,3885,269,3,0.0,150,100.0
2026-07-13 09:04:45,3886,269,4,73.82,150,100.0
2026-07-13 09:04:46,3887,269,5,100.0,150,100.0
2026-07-13 09:04:47,3888,269,6,77.57,150,100.0
2026-07-13 09:04:48,3889,269,7,0.0,150,100.0
2026-07-13 09:04:49,3890,269,8,0.0,150,100.0
2026-07-13 09:04:50,3891,269,9,0.0,150,100.0
2026-07-13 09:04:51,3892,269,10,0.0,150,100.0
2026-07-13 09:04:52,3893,269,11,0.0,150,100.0
2026-07-13 09:04:53,3894,269,12,0.0,150,100.0
2026-07-13 09:04:54,3895,269,13,100.0,150,100.0
2026-07-13 09:04:55,3896,270,0,87.32,150,100.0
2026-07-13 09:04:56,3897,270,1,16.93,150,100.0
2026-07-13 09:04:57,3898,270,2,0.0,150,100.0
2026-07-13 09:04:58,3899,270,3,0.0,150,100.0
2026-07-13 09:04:59,3900,270,4,0.0,150,100.0
2026-07-13 09:05:00,3901,270,5,0.0,150,100.0
2026-07-13 09:05:01,3902,270,6,0.0,150,100.0
2026-07-13 09:05:02,3903,270,7,0.0,150,100.0
2026-07-13 09:05:03,3904,270,8,0.0,150,100.0
2026-07-13 09:05:04,3905,270,9,0.0,150,100.0
2026-07-13 09:05:05,3906,270,10,0.0,150,100.0
2026-07-13 09:05:06,3907,270,11,0.0,150,100.0
2026-07-13 09:05:07,3908,270,12,0.0,150,100.0
2026-07-13 09:05:08,3909,270,13,38.61,150,100.0
2026-07-13 09:05:09,3910,270,14,0.0,150,100.0
2026-07-13 09:05:10,3911,270,15,0.0,150,100.0
2026-07-13 09:05:11,3912,270,16,0.0,150,100.0
2026-07-13 09:05:12,3913,271,0,0.0,150,100.0
2026-07-13 09:05:13,3914,271,1,0.0,150,100.0
2026-07-13 09:05:14,3915,271,2,0.0,150,100.0
2026-07-13 09:05:15,3916,271,3,0.0,150,100.0
2026-07-13 09:05:16,3917,271,4,0.0,150,100.0
2026-07-13 09:05:17,3918,271,5,0.0,150,100.0
2026-07-13 09:05:18,3919,271,6,0.0,150,100.0
2026-07-13 09:05:19,3920,271,7,0.0,150,100.0
2026-07-13 09:05:20,3921,271,8,0.0,150,100.0
2026-07-13 09:05:21,3922,271,9,0.0,150,100.0
2026-07-13 09:05:22,3923,271,10,0.0,150,100.0
2026-07-13 09:05:23,3924,271,11,0.0,150,100.0
2026-07-13 09:05:24,3925,271,12,0.0,150,100.0
2026-07-13 09:05:25,3926,271,13,0.0,150,100.0
2026-07-13 09:05:26,3927,272,0,0.0,150,100.0
2026-07-13 09:05:27,3928,272,1,0.0,150,100.0
2026-07-13 09:05:28,3929,272,2,0.0,150,100.0
2026-07-13 09:05:29,3930,272,3,0.0,150,100.0
2026-07-13 09:05:30,3931,272,4,0.0,150,100.0
2026-07-13 09:05:31,3932,272,5,0.0,150,100.0
2026-07-13 09:05:32,3933,272,6,0.0,150,100.0
2026-07-13 09:05:33,3934,272,7,0.0,150,100.0
2026-07-13 09:05:34,3935,272,8,0.0,150,100.0
2026-07-13 09:05:35,3936,272,9,0.0,150,100.0
2026-07-13 09:05:36,3937,272,10,0.0,150,100.0
2026-07-13 09:05:37,3938,272,11,0.0,150,100.0
2026-07-13 09:05:38,3939,272,12,0.0,150,100.0
2026-07-13 09:05:39,3940,272,13,0.0,150,100.0
2026-07-13 09:05:40,3941,273,0,0.0,150,100.0
2026-07-13 09:05:41,3942,273,1,0.0,150,100.0
2026-07-13 09:05:42,3943,273,2,0.0,150,100.0
2026-07-13 09:05:43,3944,273,3,0.0,150,100.0
2026-07-13 09:05:44,3945,273,4,0.0,150,100.0
2026-07-13 09:05:45,3946,273,5,0.0,150,100.0
2026-07-13 09:05:46,3947,273,6,0.0,150,100.0
2026-07-13 09:05:47,3948,273,7,0.0,150,100.0
2026-07-13 09:05:48,3949,273,8,0.0,150,100.0
2026-07-13 09:05:49,3950,273,9,0.0,150,100.0
2026-07-13 09:05:50,3951,273,10,0.0,150,100.0
2026-07-13 09:05:51,3952,273,11,0.0,150,100.0
2026-07-13 09:05:52,3953,273,12,0.0,150,100.0
2026-07-13 09:05:53,3954,274,0,0.0,150,100.0
2026-07-13 09:05:54,3955,274,1,0.0,150,100.0
2026-07-13 09:05:55,3956,274,2,0.0,150,100.0
2026-07-13 09:05:56,3957,274,3,0.0,150,100.0
2026-07-13 09:05:57,3958,274,4,0.0,150,100.0
2026-07-13 09:05:58,3959,274,5,0.0,150,100.0
2026-07-13 09:05:59,3960,274,6,0.0,150,100.0
2026-07-13 09:06:00,3961,274,7,0.0,150,100.0
2026-07-13 09:06:01,3962,274,8,0.0,150,100.0
2026-07-13 09:06:02,3963,274,9,0.0,150,100.0
2026-07-13 09:06:03,3964,274,10,0.0,150,100.0
2026-07-13 09:06:04,3965,274,11,0.0,150,100.0
2026-07-13 09:06:05,3966,274,12,0.0,150,100.0
2026-07-13 09:06:06,3967,274,13,0.0,150,100.0
2026-07-13 09:06:07,3968,274,14,0.0,150,100.0
2026-07-13 09:06:08,3969,275,0,0.0,150,100.0
2026-07-13 09:06:09,3970,275,1,0.0,150,100.0
2026-07-13 09:06:10,3971,275,2,0.0,150,100.0
2026-07-13 09:06:11,3972,275,3,0.0,150,100.0
2026-07-13 09:06:12,3973,275,4,0.0,150,100.0
2026-07-13 09:06:13,3974,275,5,0.0,150,100.0
2026-07-13 09:06:14,3975,275,6,0.0,150,100.0
2026-07-13 09:06:15,3976,275,7,0.0,150,100.0
2026-07-13 09:06:16,3977,275,8,0.0,150,100.0
2026-07-13 09:06:17,3978,275,9,0.0,150,100.0
2026-07-13 09:06:18,3979,275,10,0.0,150,100.0
2026-07-13 09:06:19,3980,275,11,0.0,150,100.0
2026-07-13 09:06:20,3981,275,12,0.0,150,100.0
2026-07-13 09:06:21,3982,275,13,0.0,150,100.0
2026-07-13 09:06:22,3983,275,14,0.0,150,100.0
2026-07-13 09:06:23,3984,276,0,0.0,150,100.0
2026-07-13 09:06:24,3985,276,1,0.0,150,100.0
2026-07-13 09:06:25,3986,276,2,0.0,150,100.0
2026-07-13 09:06:26,3987,276,3,0.0,150,100.0
2026-07-13 09:06:27,3988,276,4,0.0,150,100.0
2026-07-13 09:06:28,3989,276,5,0.0,150,100.0
2026-07-13 09:06:29,3990,276,6,0.0,150,100.0
2026-07-13 09:06:30,3991,276,7,0.0,150,100.0
2026-07-13 09:06:31,3992,276,8,0.0,150,100.0
2026-07-13 09:06:32,3993,276,9,0.0,150,100.0
2026-07-13 09:06:33,3994,276,10,0.0,150,100.0
2026-07-13 09:06:34,3995,276,11,0.0,150,100.0
2026-07-13 09:06:35,3996,276,12,0.0,150,100.0
2026-07-13 09:06:36,3997,277,0,0.0,150,100.0
2026-07-13 09:06:37,3998,277,1,0.0,150,100.0
2026-07-13 09:06:38,3999,277,2,0.0,150,100.0
2026-07-13 09:06:39,4000,277,3,0.0,150,100.0
2026-07-13 09:06:40,4001,277,4,0.0,150,100.0
2026-07-13 09:06:41,4002,277,5,0.0,150,100.0
2026-07-13 09:06:42,4003,277,6,0.0,150,100.0
2026-07-13 09:06:43,4004,277,7,0.0,150,100.0
2026-07-13 09:06:44,4005,277,8,0.0,150,100.0
2026-07-13 09:06:45,4006,277,9,0.0,150,100.0
2026-07-13 09:06:46,4007,277,10,0.0,150,100.0
2026-07-13 09:06:47,4008,277,11,0.0,150,100.0
2026-07-13 09:06:48,4009,277,12,0.0,150,100.0
2026-07-13 09:06:49,4010,277,13,0.0,150,100.0
2026-07-13 09:06:50,4011,277,14,0.0,150,100.0
2026-07-13 09:06:51,4012,278,0,0.0,150,100.0
2026-07-13 09:06:52,4013,278,1,0.0,150,100.0
2026-07-13 09:06:53,4014,278,2,0.0,150,100.0
2026-07-13 09:06:54,4015,278,3,0.0,150,100.0
2026-07-13 09:06:55,4016,278,4,0.0,150,100.0
2026-07-13 09:06:56,4017,278,5,0.0,150,100.0
2026-07-13 09:06:57,4018,278,6,0.0,150,100.0
2026-07-13 09:06:58,4019,278,7,0.0,150,100.0
2026-07-13 09:06:59,4020,278,8,0.0,150,100.0
2026-07-13 09:07:00,4021,278,9,0.0,150,100.0
2026-07-13 09:07:01,4022,278,10,0.0,150,100.0
2026-07-13 09:07:02,4023,278,11,0.0,150,100.0
2026-07-13 09:07:03,4024,278,12,0.0,150,100.0
2026-07-13 09:07:04,4025,279,0,0.0,150,100.0
2026-07-13 09:07:05,4026,279,1,0.0,150,100.0
2026-07-13 09:07:06,4027,279,2,0.0,150,100.0
2026-07-13 09:07:07,4028,279,3,0.0,150,100.0
2026-07-13 09:07:08,4029,279,4,0.0,150,100.0
2026-07-13 09:07:09,4030,279,5,0.0,150,100.0
2026-07-13 09:07:10,4031,279,6,0.0,150,100.0
2026-07-13 09:07:11,4032,279,7,0.0,150,100.0
2026-07-13 09:07:12,4033,279,8,0.0,150,100.0
2026-07-13 09:07:13,4034,279,9,0.0,150,100.0
2026-07-13 09:07:14,4035,279,10,0.0,150,100.0
2026-07-13 09:07:15,4036,279,11,0.0,150,100.0
2026-07-13 09:07:16,4037,279,12,0.0,150,100.0
2026-07-13 09:07:17,4038,279,13,0.0,150,100.0
2026-07-13 09:07:18,4039,279,14,0.0,150,100.0
2026-07-13 09:07:19,4040,280,0,0.0,150,100.0
2026-07-13 09:07:20,4041,280,1,0.0,150,100.0
2026-07-13 09:07:21,4042,280,2,0.0,150,100.0
2026-07-13 09:07:22,4043,280,3,0.0,150,100.0
2026-07-13 09:07:23,4044,280,4,0.0,150,100.0
2026-07-13 09:07:24,4045,280,5,0.0,150,100.0
2026-07-13 09:07:25,4046,280,6,0.0,150,100.0
2026-07-13 09:07:26,4047,280,7,0.0,150,100.0
2026-07-13 09:07:27,4048,280,8,0.0,150,100.0
2026-07-13 09:07:28,4049,280,9,0.0,150,100.0
2026-07-13 09:07:29,4050,280,10,0.0,150,100.0
2026-07-13 09:07:30,4051,280,11,0.0,150,100.0
2026-07-13 09:07:31,4052,280,12,0.0,150,100.0
2026-07-13 09:07:32,4053,280,13,0.0,150,100.0
2026-07-13 09:07:33,4054,280,14,0.0,150,100.0
2026-07-13 09:07:34,4055,280,15,8.04,150,100.0
2026-07-13 09:07:35,4056,280,16,11.3,150,100.0
2026-07-13 09:07:36,4057,281,0,0.0,150,100.0
2026-07-13 09:07:37,4058,281,1,0.0,150,100.0
2026-07-13 09:07:38,4059,281,2,0.0,150,100.0
2026-07-13 09:07:39,4060,281,3,0.0,150,100.0
2026-07-13 09:07:40,4061,281,4,0.0,150,100.0
2026-07-13 09:07:41,4062,281,5,23.16,150,100.0
2026-07-13 09:07:42,4063,281,6,60.4,150,100.0
2026-07-13 09:07:43,4064,281,7,0.0,150,100.0
2026-07-13 09:07:44,4065,281,8,0.0,150,100.0
2026-07-13 09:07:45,4066,281,9,0.0,150,100.0
2026-07-13 09:07:46,4067,281,10,0.0,150,100.0
2026-07-13 09:07:47,4068,281,11,0.0,150,100.0
2026-07-13 09:07:48,4069,281,12,0.0,150,100.0
2026-07-13 09:07:49,4070,281,13,0.0,150,100.0
2026-07-13 09:07:50,4071,281,14,0.0,150,100.0
2026-07-13 09:07:51,4072,281,15,0.0,150,100.0
2026-07-13 09:07:52,4073,282,0,0.0,150,100.0
2026-07-13 09:07:53,4074,282,1,0.0,150,100.0
2026-07-13 09:07:54,4075,282,2,0.0,150,100.0
2026-07-13 09:07:55,4076,282,3,25.78,150,100.0
2026-07-13 09:07:56,4077,282,4,0.0,150,100.0
2026-07-13 09:07:57,4078,282,5,0.0,150,100.0
2026-07-13 09:07:58,4079,282,6,0.0,150,100.0
2026-07-13 09:07:59,4080,282,7,0.0,150,100.0
2026-07-13 09:08:00,4081,282,8,0.0,150,100.0
2026-07-13 09:08:01,4082,282,9,0.0,150,100.0
2026-07-13 09:08:02,4083,282,10,0.0,150,100.0
2026-07-13 09:08:03,4084,282,11,0.0,150,100.0
2026-07-13 09:08:04,4085,282,12,0.0,150,100.0
2026-07-13 09:08:05,4086,282,13,0.0,150,100.0
2026-07-13 09:08:06,4087,283,0,0.0,150,100.0
2026-07-13 09:08:07,4088,283,1,0.0,150,100.0
2026-07-13 09:08:08,4089,283,2,0.0,150,100.0
2026-07-13 09:08:09,4090,283,3,0.0,150,100.0
2026-07-13 09:08:10,4091,283,4,0.0,150,100.0
2026-07-13 09:08:11,4092,283,5,0.0,150,100.0
2026-07-13 09:08:12,4093,283,6,0.0,150,100.0
2026-07-13 09:08:13,4094,283,7,0.0,150,100.0
2026-07-13 09:08:14,4095,283,8,0.0,150,100.0
2026-07-13 09:08:15,4096,283,9,0.0,150,100.0
2026-07-13 09:08:16,4097,283,10,0.0,150,100.0
2026-07-13 09:08:17,4098,283,11,0.0,150,100.0
2026-07-13 09:08:18,4099,283,12,0.0,150,100.0
2026-07-13 09:08:19,4100,283,13,0.0,150,100.0
2026-07-13 09:08:20,4101,284,0,0.0,150,100.0
2026-07-13 09:08:21,4102,284,1,0.0,150,100.0
2026-07-13 09:08:22,4103,284,2,0.0,150,100.0
2026-07-13 09:08:23,4104,284,3,0.0,150,100.0
2026-07-13 09:08:24,4105,284,4,0.0,150,100.0
2026-07-13 09:08:25,4106,284,5,0.0,150,100.0
2026-07-13 09:08:26,4107,284,6,0.0,150,100.0
2026-07-13 09:08:27,4108,284,7,0.0,150,100.0
2026-07-13 09:08:28,4109,284,8,0.0,150,100.0
2026-07-13 09:08:29,4110,284,9,0.0,150,100.0
2026-07-13 09:08:30,4111,284,10,0.0,150,100.0
2026-07-13 09:08:31,4112,284,11,0.0,150,100.0
2026-07-13 09:08:32,4113,284,12,0.0,150,100.0
2026-07-13 09:08:33,4114,284,13,0.0,150,100.0
2026-07-13 09:08:34,4115,285,0,0.0,150,100.0
2026-07-13 09:08:35,4116,285,1,0.0,150,100.0
2026-07-13 09:08:36,4117,285,2,0.0,150,100.0
2026-07-13 09:08:37,4118,285,3,0.0,150,100.0
2026-07-13 09:08:38,4119,285,4,0.0,150,100.0
2026-07-13 09:08:39,4120,285,5,0.0,150,100.0
2026-07-13 09:08:40,4121,285,6,0.0,150,100.0
2026-07-13 09:08:41,4122,285,7,0.0,150,100.0
2026-07-13 09:08:42,4123,285,8,0.0,150,100.0
2026-07-13 09:08:43,4124,285,9,0.0,150,100.0
2026-07-13 09:08:44,4125,285,10,0.0,150,100.0
2026-07-13 09:08:45,4126,285,11,0.0,150,100.0
2026-07-13 09:08:46,4127,285,12,0.0,150,100.0
2026-07-13 09:08:47,4128,285,13,0.0,150,100.0
2026-07-13 09:08:48,4129,285,14,0.0,150,100.0
2026-07-13 09:08:49,4130,285,15,0.0,150,100.0
2026-07-13 09:08:50,4131,286,0,0.0,150,100.0
2026-07-13 09:08:51,4132,286,1,0.0,150,100.0
2026-07-13 09:08:52,4133,286,2,0.0,150,100.0
2026-07-13 09:08:53,4134,286,3,0.0,150,100.0
2026-07-13 09:08:54,4135,286,4,0.0,150,100.0
2026-07-13 09:08:55,4136,286,5,0.0,150,100.0
2026-07-13 09:08:56,4137,286,6,0.0,150,100.0
2026-07-13 09:08:57,4138,286,7,0.0,150,100.0
2026-07-13 09:08:58,4139,286,8,0.0,150,100.0
2026-07-13 09:08:59,4140,286,9,0.0,150,100.0
2026-07-13 09:09:00,4141,286,10,0.0,150,100.0
2026-07-13 09:09:01,4142,286,11,0.0,150,100.0
2026-07-13 09:09:02,4143,286,12,0.0,150,100.0
2026-07-13 09:09:03,4144,286,13,0.0,150,100.0
2026-07-13 09:09:04,4145,287,0,0.0,150,100.0
2026-07-13 09:09:05,4146,287,1,0.0,150,100.0
2026-07-13 09:09:06,4147,287,2,0.0,150,100.0
2026-07-13 09:09:07,4148,287,3,0.0,150,100.0
2026-07-13 09:09:08,4149,287,4,0.0,150,100.0
2026-07-13 09:09:09,4150,287,5,0.0,150,100.0
2026-07-13 09:09:10,4151,287,6,0.0,150,100.0
2026-07-13 09:09:11,4152,287,7,0.0,150,100.0
2026-07-13 09:09:12,4153,287,8,0.0,150,100.0
2026-07-13 09:09:13,4154,287,9,0.0,150,100.0
2026-07-13 09:09:14,4155,287,10,0.0,150,100.0
2026-07-13 09:09:15,4156,287,11,0.0,150,100.0
2026-07-13 09:09:16,4157,287,12,0.0,150,100.0
2026-07-13 09:09:17,4158,287,13,0.0,150,100.0
2026-07-13 09:09:18,4159,287,14,0.0,150,100.0
2026-07-13 09:09:19,4160,288,0,0.0,150,100.0
2026-07-13 09:09:20,4161,288,1,0.0,150,100.0
2026-07-13 09:09:21,4162,288,2,0.0,150,100.0
2026-07-13 09:09:22,4163,288,3,0.0,150,100.0
2026-07-13 09:09:23,4164,288,4,0.0,150,100.0
2026-07-13 09:09:24,4165,288,5,0.0,150,100.0
2026-07-13 09:09:25,4166,288,6,0.0,150,100.0
2026-07-13 09:09:26,4167,288,7,0.0,150,100.0
2026-07-13 09:09:27,4168,288,8,0.0,150,100.0
2026-07-13 09:09:28,4169,288,9,0.0,150,100.0
2026-07-13 09:09:29,4170,288,10,0.0,150,100.0
2026-07-13 09:09:30,4171,288,11,0.0,150,100.0
2026-07-13 09:09:31,4172,288,12,0.0,150,100.0
2026-07-13 09:09:32,4173,288,13,0.0,150,100.0
2026-07-13 09:09:33,4174,288,14,0.0,150,100.0
2026-07-13 09:09:34,4175,288,15,0.0,150,100.0
2026-07-13 09:09:35,4176,289,0,0.0,150,100.0
2026-07-13 09:09:36,4177,289,1,0.0,150,100.0
2026-07-13 09:09:37,4178,289,2,0.0,150,100.0
2026-07-13 09:09:38,4179,289,3,0.0,150,100.0
2026-07-13 09:09:39,4180,289,4,0.0,150,100.0
2026-07-13 09:09:40,4181,289,5,0.0,150,100.0
2026-07-13 09:09:41,4182,289,6,0.0,150,100.0
2026-07-13 09:09:42,4183,289,7,0.0,150,100.0
2026-07-13 09:09:43,4184,289,8,0.0,150,100.0
2026-07-13 09:09:44,4185,289,9,0.0,150,100.0
2026-07-13 09:09:45,4186,289,10,0.0,150,100.0
2026-07-13 09:09:46,4187,289,11,0.0,150,100.0
2026-07-13 09:09:47,4188,289,12,0.0,150,100.0
2026-07-13 09:09:48,4189,289,13,0.0,150,100.0
2026-07-13 09:09:49,4190,289,14,0.0,150,100.0
2026-07-13 09:09:50,4191,290,0,0.0,150,100.0
2026-07-13 09:09:51,4192,290,1,0.0,150,100.0
2026-07-13 09:09:52,4193,290,2,0.0,150,100.0
2026-07-13 09:09:53,4194,290,3,0.0,150,100.0
2026-07-13 09:09:54,4195,290,4,0.0,150,100.0
2026-07-13 09:09:55,4196,290,5,0.0,150,100.0
2026-07-13 09:09:56,4197,290,6,0.0,150,100.0
2026-07-13 09:09:57,4198,290,7,0.0,150,100.0
2026-07-13 09:09:58,4199,290,8,0.0,150,100.0
2026-07-13 09:09:59,4200,290,9,0.0,150,100.0
2026-07-13 09:10:00,4201,290,10,0.0,150,100.0
2026-07-13 09:10:01,4202,290,11,0.0,150,100.0
2026-07-13 09:10:02,4203,290,12,0.0,150,100.0
2026-07-13 09:10:03,4204,290,13,0.0,150,100.0
2026-07-13 09:10:04,4205,290,14,0.0,150,100.0
2026-07-13 09:10:05,4206,291,0,0.0,150,100.0
2026-07-13 09:10:06,4207,291,1,0.0,150,100.0
2026-07-13 09:10:07,4208,291,2,0.0,150,100.0
2026-07-13 09:10:08,4209,291,3,0.0,150,100.0
2026-07-13 09:10:09,4210,291,4,0.0,150,100.0
2026-07-13 09:10:10,4211,291,5,0.0,150,100.0
2026-07-13 09:10:11,4212,291,6,0.0,150,100.0
2026-07-13 09:10:12,4213,291,7,0.0,150,100.0
2026-07-13 09:10:13,4214,291,8,0.0,150,100.0
2026-07-13 09:10:14,4215,291,9,0.0,150,100.0
2026-07-13 09:10:15,4216,291,10,0.0,150,100.0
2026-07-13 09:10:16,4217,291,11,0.0,150,100.0
2026-07-13 09:10:17,4218,291,12,0.0,150,100.0
2026-07-13 09:10:18,4219,292,0,0.0,150,100.0
2026-07-13 09:10:19,4220,292,1,0.0,150,100.0
2026-07-13 09:10:20,4221,292,2,0.0,150,100.0
2026-07-13 09:10:21,4222,292,3,0.0,150,100.0
2026-07-13 09:10:22,4223,292,4,0.0,150,100.0
2026-07-13 09:10:23,4224,292,5,0.0,150,100.0
2026-07-13 09:10:24,4225,292,6,0.0,150,100.0
2026-07-13 09:10:25,4226,292,7,0.0,150,100.0
2026-07-13 09:10:26,4227,292,8,0.0,150,100.0
2026-07-13 09:10:27,4228,292,9,0.0,150,100.0
2026-07-13 09:10:28,4229,292,10,0.0,150,100.0
2026-07-13 09:10:29,4230,292,11,0.0,150,100.0
2026-07-13 09:10:30,4231,292,12,0.0,150,100.0
2026-07-13 09:10:31,4232,293,0,0.0,150,100.0
2026-07-13 09:10:32,4233,293,1,0.0,150,100.0
2026-07-13 09:10:33,4234,293,2,0.0,150,100.0
2026-07-13 09:10:34,4235,293,3,0.0,150,100.0
2026-07-13 09:10:35,4236,293,4,0.0,150,100.0
2026-07-13 09:10:36,4237,293,5,0.0,150,100.0
2026-07-13 09:10:37,4238,293,6,0.0,150,100.0
2026-07-13 09:10:38,4239,293,7,0.0,150,100.0
2026-07-13 09:10:39,4240,293,8,0.0,150,100.0
2026-07-13 09:10:40,4241,293,9,0.0,150,100.0
2026-07-13 09:10:41,4242,293,10,0.0,150,100.0
2026-07-13 09:10:42,4243,293,11,0.0,150,100.0
2026-07-13 09:10:43,4244,293,12,0.0,150,100.0
2026-07-13 09:10:44,4245,293,13,0.0,150,100.0
2026-07-13 09:10:45,4246,293,14,0.0,150,100.0
2026-07-13 09:10:46,4247,293,15,0.0,150,100.0
2026-07-13 09:10:47,4248,294,0,0.0,150,100.0
2026-07-13 09:10:48,4249,294,1,0.0,150,100.0
2026-07-13 09:10:49,4250,294,2,0.0,150,100.0
2026-07-13 09:10:50,4251,294,3,0.0,150,100.0
2026-07-13 09:10:51,4252,294,4,0.0,150,100.0
2026-07-13 09:10:52,4253,294,5,0.0,150,100.0
2026-07-13 09:10:53,4254,294,6,0.0,150,100.0
2026-07-13 09:10:54,4255,294,7,0.0,150,100.0
2026-07-13 09:10:55,4256,294,8,0.0,150,100.0
2026-07-13 09:10:56,4257,294,9,0.0,150,100.0
2026-07-13 09:10:57,4258,294,10,0.0,150,100.0
2026-07-13 09:10:58,4259,294,11,0.0,150,100.0
2026-07-13 09:10:59,4260,294,12,0.0,150,100.0
2026-07-13 09:11:00,4261,294,13,0.0,150,100.0
2026-07-13 09:11:01,4262,294,14,0.0,150,100.0
2026-07-13 09:11:02,4263,294,15,0.0,150,100.0
2026-07-13 09:11:03,4264,295,0,0.0,150,100.0
2026-07-13 09:11:04,4265,295,1,0.0,150,100.0
2026-07-13 09:11:05,4266,295,2,0.0,150,100.0
2026-07-13 09:11:06,4267,295,3,0.0,150,100.0
2026-07-13 09:11:07,4268,295,4,0.0,150,100.0
2026-07-13 09:11:08,4269,295,5,0.0,150,100.0
2026-07-13 09:11:09,4270,295,6,0.0,150,100.0
2026-07-13 09:11:10,4271,295,7,0.0,150,100.0
2026-07-13 09:11:11,4272,295,8,0.0,150,100.0
2026-07-13 09:11:12,4273,295,9,0.0,150,100.0
2026-07-13 09:11:13,4274,295,10,0.0,150,100.0
2026-07-13 09:11:14,4275,295,11,0.0,150,100.0
2026-07-13 09:11:15,4276,295,12,0.0,150,100.0
2026-07-13 09:11:16,4277,295,13,0.0,150,100.0
2026-07-13 09:11:17,4278,295,14,0.0,150,100.0
2026-07-13 09:11:18,4279,295,15,0.0,150,100.0
2026-07-13 09:11:19,4280,296,0,0.0,150,100.0
2026-07-13 09:11:20,4281,296,1,0.0,150,100.0
2026-07-13 09:11:21,4282,296,2,0.0,150,100.0
2026-07-13 09:11:22,4283,296,3,0.0,150,100.0
2026-07-13 09:11:23,4284,296,4,0.0,150,100.0
2026-07-13 09:11:24,4285,296,5,0.0,150,100.0
2026-07-13 09:11:25,4286,296,6,0.0,150,100.0
2026-07-13 09:11:26,4287,296,7,0.0,150,100.0
2026-07-13 09:11:27,4288,296,8,0.0,150,100.0
2026-07-13 09:11:28,4289,296,9,0.0,150,100.0
2026-07-13 09:11:29,4290,296,10,0.0,150,100.0
2026-07-13 09:11:30,4291,296,11,0.0,150,100.0
2026-07-13 09:11:31,4292,296,12,0.0,150,100.0
2026-07-13 09:11:32,4293,297,0,0.0,150,100.0
2026-07-13 09:11:33,4294,297,1,0.0,150,100.0
2026-07-13 09:11:34,4295,297,2,0.0,150,100.0
2026-07-13 09:11:35,4296,297,3,0.0,150,100.0
2026-07-13 09:11:36,4297,297,4,0.0,150,100.0
2026-07-13 09:11:37,4298,297,5,0.0,150,100.0
2026-07-13 09:11:38,4299,297,6,0.0,150,100.0
2026-07-13 09:11:39,4300,297,7,0.0,150,100.0
2026-07-13 09:11:40,4301,297,8,0.0,150,100.0
2026-07-13 09:11:41,4302,297,9,0.0,150,100.0
2026-07-13 09:11:42,4303,297,10,0.0,150,100.0
2026-07-13 09:11:43,4304,297,11,0.0,150,100.0
2026-07-13 09:11:44,4305,297,12,0.0,150,100.0
2026-07-13 09:11:45,4306,297,13,0.0,150,100.0
2026-07-13 09:11:46,4307,298,0,0.0,150,100.0
2026-07-13 09:11:47,4308,298,1,0.0,150,100.0
2026-07-13 09:11:48,4309,298,2,0.0,150,100.0
2026-07-13 09:11:49,4310,298,3,0.0,150,100.0
2026-07-13 09:11:50,4311,298,4,0.0,150,100.0
2026-07-13 09:11:51,4312,298,5,0.0,150,100.0
2026-07-13 09:11:52,4313,298,6,0.0,150,100.0
2026-07-13 09:11:53,4314,298,7,0.0,150,100.0
2026-07-13 09:11:54,4315,298,8,0.0,150,100.0
2026-07-13 09:11:55,4316,298,9,0.0,150,100.0
2026-07-13 09:11:56,4317,298,10,0.0,150,100.0
2026-07-13 09:11:57,4318,298,11,0.0,150,100.0
2026-07-13 09:11:58,4319,298,12,0.0,150,100.0
2026-07-13 09:11:59,4320,298,13,0.0,150,100.0
2026-07-13 09:12:00,4321,299,0,0.0,150,100.0
2026-07-13 09:12:01,4322,299,1,0.0,150,100.0
2026-07-13 09:12:02,4323,299,2,0.0,150,100.0
2026-07-13 09:12:03,4324,299,3,0.0,150,100.0
2026-07-13 09:12:04,4325,299,4,0.0,150,100.0
2026-07-13 09:12:05,4326,299,5,0.0,150,100.0
2026-07-13 09:12:06,4327,299,6,0.0,150,100.0
2026-07-13 09:12:07,4328,299,7,0.0,150,100.0
2026-07-13 09:12:08,4329,299,8,0.0,150,100.0
2026-07-13 09:12:09,4330,299,9,0.0,150,100.0
2026-07-13 09:12:10,4331,299,10,0.0,150,100.0
2026-07-13 09:12:11,4332,299,11,0.0,150,100.0
2026-07-13 09:12:12,4333,299,12,0.0,150,100.0
2026-07-13 09:12:13,4334,299,13,0.0,150,100.0
2026-07-13 09:12:14,4335,299,14,0.0,150,100.0
2026-07-13 09:12:15,4336,300,0,0.0,150,100.0
2026-07-13 09:12:16,4337,300,1,0.0,150,100.0
2026-07-13 09:12:17,4338,300,2,0.0,150,100.0
2026-07-13 09:12:18,4339,300,3,0.0,150,100.0
2026-07-13 09:12:19,4340,300,4,0.0,150,100.0
2026-07-13 09:12:20,4341,300,5,0.0,150,100.0
2026-07-13 09:12:21,4342,300,6,0.0,150,100.0
2026-07-13 09:12:22,4343,300,7,0.0,150,100.0
2026-07-13 09:12:23,4344,300,8,0.0,150,100.0
2026-07-13 09:12:24,4345,300,9,0.0,150,100.0
2026-07-13 09:12:25,4346,300,10,0.0,150,100.0
2026-07-13 09:12:26,4347,300,11,0.0,150,100.0
2026-07-13 09:12:27,4348,301,0,0.0,150,100.0
2026-07-13 09:12:28,4349,301,1,0.0,150,100.0
2026-07-13 09:12:29,4350,301,2,0.0,150,100.0
2026-07-13 09:12:30,4351,301,3,0.0,150,100.0
2026-07-13 09:12:31,4352,301,4,0.0,150,100.0
2026-07-13 09:12:32,4353,301,5,0.0,150,100.0
2026-07-13 09:12:33,4354,301,6,0.0,150,100.0
2026-07-13 09:12:34,4355,301,7,0.0,150,100.0
2026-07-13 09:12:35,4356,301,8,0.0,150,100.0
2026-07-13 09:12:36,4357,301,9,0.0,150,100.0
2026-07-13 09:12:37,4358,301,10,0.0,150,100.0
2026-07-13 09:12:38,4359,301,11,0.0,150,100.0
2026-07-13 09:12:39,4360,301,12,0.0,150,100.0
2026-07-13 09:12:40,4361,301,13,0.0,150,100.0
2026-07-13 09:12:41,4362,301,14,0.0,150,100.0
2026-07-13 09:12:42,4363,301,15,0.0,150,100.0
2026-07-13 09:12:43,4364,301,16,0.0,150,100.0
2026-07-13 09:12:44,4365,302,0,0.0,150,100.0
2026-07-13 09:12:45,4366,302,1,0.0,150,100.0
2026-07-13 09:12:46,4367,302,2,0.0,150,100.0
2026-07-13 09:12:47,4368,302,3,0.0,150,100.0
2026-07-13 09:12:48,4369,302,4,0.0,150,100.0
2026-07-13 09:12:49,4370,302,5,0.0,150,100.0
2026-07-13 09:12:50,4371,302,6,0.0,150,100.0
2026-07-13 09:12:51,4372,302,7,0.0,150,100.0
2026-07-13 09:12:52,4373,302,8,0.0,150,100.0
2026-07-13 09:12:53,4374,302,9,0.0,150,100.0
2026-07-13 09:12:54,4375,302,10,0.0,150,100.0
2026-07-13 09:12:55,4376,302,11,0.0,150,100.0
2026-07-13 09:12:56,4377,302,12,0.0,150,100.0
2026-07-13 09:12:57,4378,302,13,0.0,150,100.0
2026-07-13 09:12:58,4379,302,14,0.0,150,100.0
2026-07-13 09:12:59,4380,302,15,0.0,150,100.0
2026-07-13 09:13:00,4381,303,0,0.0,150,100.0
2026-07-13 09:13:01,4382,303,1,0.0,150,100.0
2026-07-13 09:13:02,4383,303,2,0.0,150,100.0
2026-07-13 09:13:03,4384,303,3,0.0,150,100.0
2026-07-13 09:13:04,4385,303,4,0.0,150,100.0
2026-07-13 09:13:05,4386,303,5,0.0,150,100.0
2026-07-13 09:13:06,4387,303,6,0.0,150,100.0
2026-07-13 09:13:07,4388,303,7,0.0,150,100.0
2026-07-13 09:13:08,4389,303,8,0.0,150,100.0
2026-07-13 09:13:09,4390,303,9,0.0,150,100.0
2026-07-13 09:13:10,4391,303,10,0.0,150,100.0
2026-07-13 09:13:11,4392,303,11,0.0,150,100.0
2026-07-13 09:13:12,4393,303,12,0.0,150,100.0
2026-07-13 09:13:13,4394,303,13,0.0,150,100.0
2026-07-13 09:13:14,4395,304,0,0.0,150,100.0
2026-07-13 09:13:15,4396,304,1,0.0,150,100.0
2026-07-13 09:13:16,4397,304,2,0.0,150,100.0
2026-07-13 09:13:17,4398,304,3,0.0,150,100.0
2026-07-13 09:13:18,4399,304,4,0.0,150,100.0
2026-07-13 09:13:19,4400,304,5,0.0,150,100.0
2026-07-13 09:13:20,4401,304,6,0.0,150,100.0
2026-07-13 09:13:21,4402,304,7,0.0,150,100.0
2026-07-13 09:13:22,4403,304,8,0.0,150,100.0
2026-07-13 09:13:23,4404,304,9,0.0,150,100.0
2026-07-13 09:13:24,4405,304,10,0.0,150,100.0
2026-07-13 09:13:25,4406,304,11,0.0,150,100.0
2026-07-13 09:13:26,4407,304,12,0.0,150,100.0
2026-07-13 09:13:27,4408,305,0,0.0,150,100.0
2026-07-13 09:13:28,4409,305,1,0.0,150,100.0
2026-07-13 09:13:29,4410,305,2,0.0,150,100.0
2026-07-13 09:13:30,4411,305,3,0.0,150,100.0
2026-07-13 09:13:31,4412,305,4,0.0,150,100.0
2026-07-13 09:13:32,4413,305,5,0.0,150,100.0
2026-07-13 09:13:33,4414,305,6,0.0,150,100.0
2026-07-13 09:13:34,4415,305,7,0.0,150,100.0
2026-07-13 09:13:35,4416,305,8,0.0,150,100.0
2026-07-13 09:13:36,4417,305,9,0.0,150,100.0
2026-07-13 09:13:37,4418,305,10,0.0,150,100.0
2026-07-13 09:13:38,4419,305,11,0.0,150,100.0
2026-07-13 09:13:39,4420,305,12,0.0,150,100.0
2026-07-13 09:13:40,4421,305,13,0.0,150,100.0
2026-07-13 09:13:41,4422,306,0,90.07,150,100.0
2026-07-13 09:13:42,4423,306,1,32.83,150,100.0
2026-07-13 09:13:43,4424,306,2,0.0,150,100.0
2026-07-13 09:13:44,4425,306,3,0.0,150,100.0
2026-07-13 09:13:45,4426,306,4,0.0,150,100.0
2026-07-13 09:13:46,4427,306,5,0.0,150,100.0
2026-07-13 09:13:47,4428,306,6,0.0,150,100.0
2026-07-13 09:13:48,4429,306,7,0.0,150,100.0
2026-07-13 09:13:49,4430,306,8,0.0,150,100.0
2026-07-13 09:13:50,4431,306,9,0.0,150,100.0
2026-07-13 09:13:51,4432,306,10,0.0,150,100.0
2026-07-13 09:13:52,4433,306,11,0.0,150,100.0
2026-07-13 09:13:53,4434,306,12,0.0,150,100.0
2026-07-13 09:13:54,4435,306,13,0.0,150,100.0
2026-07-13 09:13:55,4436,306,14,0.0,150,100.0
2026-07-13 09:13:56,4437,306,15,0.0,150,100.0
2026-07-13 09:13:57,4438,306,16,0.0,150,100.0
2026-07-13 09:13:58,4439,307,0,0.0,150,100.0
2026-07-13 09:13:59,4440,307,1,0.0,150,100.0
2026-07-13 09:14:00,4441,307,2,0.0,150,100.0
2026-07-13 09:14:01,4442,307,3,0.0,150,100.0
2026-07-13 09:14:02,4443,307,4,33.22,150,100.0
2026-07-13 09:14:03,4444,307,5,0.0,150,100.0
2026-07-13 09:14:04,4445,307,6,0.0,150,100.0
2026-07-13 09:14:05,4446,307,7,0.0,150,100.0
2026-07-13 09:14:06,4447,307,8,0.0,150,100.0
2026-07-13 09:14:07,4448,307,9,0.0,150,100.0
2026-07-13 09:14:08,4449,307,10,0.0,150,100.0
2026-07-13 09:14:09,4450,307,11,0.0,150,100.0
2026-07-13 09:14:10,4451,307,12,0.0,150,100.0
2026-07-13 09:14:11,4452,307,13,0.0,150,100.0
2026-07-13 09:14:12,4453,307,14,0.0,150,100.0
2026-07-13 09:14:13,4454,307,15,0.0,150,100.0
2026-07-13 09:14:14,4455,307,16,0.0,150,100.0
2026-07-13 09:14:15,4456,308,0,0.0,150,100.0
2026-07-13 09:14:16,4457,308,1,0.0,150,100.0
2026-07-13 09:14:17,4458,308,2,0.0,150,100.0
2026-07-13 09:14:18,4459,308,3,0.0,150,100.0
2026-07-13 09:14:19,4460,308,4,0.0,150,100.0
2026-07-13 09:14:20,4461,308,5,0.0,150,100.0
2026-07-13 09:14:21,4462,308,6,0.0,150,100.0
2026-07-13 09:14:22,4463,308,7,0.0,150,100.0
2026-07-13 09:14:23,4464,308,8,0.0,150,100.0
2026-07-13 09:14:24,4465,308,9,0.0,150,100.0
2026-07-13 09:14:25,4466,308,10,0.0,150,100.0
2026-07-13 09:14:26,4467,308,11,0.0,150,100.0
2026-07-13 09:14:27,4468,308,12,0.0,150,100.0
2026-07-13 09:14:28,4469,308,13,0.0,150,100.0
2026-07-13 09:14:29,4470,309,0,0.0,150,100.0
2026-07-13 09:14:30,4471,309,1,0.0,150,100.0
2026-07-13 09:14:31,4472,309,2,0.0,150,100.0
2026-07-13 09:14:32,4473,309,3,0.0,150,100.0
2026-07-13 09:14:33,4474,309,4,0.0,150,100.0
2026-07-13 09:14:34,4475,309,5,0.0,150,100.0
2026-07-13 09:14:35,4476,309,6,0.0,150,100.0
2026-07-13 09:14:36,4477,309,7,0.0,150,100.0
2026-07-13 09:14:37,4478,309,8,0.0,150,100.0
2026-07-13 09:14:38,4479,309,9,0.0,150,100.0
2026-07-13 09:14:39,4480,309,10,0.0,150,100.0
2026-07-13 09:14:40,4481,309,11,0.0,150,100.0
2026-07-13 09:14:41,4482,310,0,0.0,150,100.0
2026-07-13 09:14:42,4483,310,1,0.0,150,100.0
2026-07-13 09:14:43,4484,310,2,0.0,150,100.0
2026-07-13 09:14:44,4485,310,3,0.0,150,100.0
2026-07-13 09:14:45,4486,310,4,0.0,150,100.0
2026-07-13 09:14:46,4487,310,5,0.0,150,100.0
2026-07-13 09:14:47,4488,310,6,0.0,150,100.0
2026-07-13 09:14:48,4489,310,7,0.0,150,100.0
2026-07-13 09:14:49,4490,310,8,0.0,150,100.0
2026-07-13 09:14:50,4491,310,9,0.0,150,100.0
2026-07-13 09:14:51,4492,310,10,0.0,150,100.0
2026-07-13 09:14:52,4493,310,11,0.0,150,100.0
2026-07-13 09:14:53,4494,310,12,0.0,150,100.0
2026-07-13 09:14:54,4495,310,13,0.0,150,100.0
2026-07-13 09:14:55,4496,310,14,0.0,150,100.0
2026-07-13 09:14:56,4497,311,0,0.0,150,100.0
2026-07-13 09:14:57,4498,311,1,0.0,150,100.0
2026-07-13 09:14:58,4499,311,2,0.0,150,100.0
2026-07-13 09:14:59,4500,311,3,0.0,150,100.0
2026-07-13 09:15:00,4501,311,4,0.0,150,100.0
2026-07-13 09:15:01,4502,311,5,0.0,150,100.0
2026-07-13 09:15:02,4503,311,6,0.0,150,100.0
2026-07-13 09:15:03,4504,311,7,0.0,150,100.0
2026-07-13 09:15:04,4505,311,8,0.0,150,100.0
2026-07-13 09:15:05,4506,311,9,0.0,150,100.0
2026-07-13 09:15:06,4507,311,10,0.0,150,100.0
2026-07-13 09:15:07,4508,311,11,0.0,150,100.0
2026-07-13 09:15:08,4509,311,12,0.0,150,100.0
2026-07-13 09:15:09,4510,311,13,0.0,150,100.0
2026-07-13 09:15:10,4511,311,14,0.0,150,100.0
2026-07-13 09:15:11,4512,311,15,0.0,150,100.0
2026-07-13 09:15:12,4513,312,0,0.0,150,100.0
2026-07-13 09:15:13,4514,312,1,0.0,150,100.0
2026-07-13 09:15:14,4515,312,2,0.0,150,100.0
2026-07-13 09:15:15,4516,312,3,0.0,150,100.0
2026-07-13 09:15:16,4517,312,4,0.0,150,100.0
2026-07-13 09:15:17,4518,312,5,0.0,150,100.0
2026-07-13 09:15:18,4519,312,6,0.0,150,100.0
2026-07-13 09:15:19,4520,312,7,0.0,150,100.0
2026-07-13 09:15:20,4521,312,8,0.0,150,100.0
2026-07-13 09:15:21,4522,312,9,0.0,150,100.0
2026-07-13 09:15:22,4523,312,10,0.0,150,100.0
2026-07-13 09:15:23,4524,312,11,0.0,150,100.0
2026-07-13 09:15:24,4525,312,12,0.0,150,100.0
2026-07-13 09:15:25,4526,312,13,0.0,150,100.0
2026-07-13 09:15:26,4527,312,14,0.0,150,100.0
2026-07-13 09:15:27,4528,313,0,0.0,150,100.0
2026-07-13 09:15:28,4529,313,1,0.0,150,100.0
2026-07-13 09:15:29,4530,313,2,0.0,150,100.0
2026-07-13 09:15:30,4531,313,3,0.0,150,100.0
2026-07-13 09:15:31,4532,313,4,0.0,150,100.0
2026-07-13 09:15:32,4533,313,5,0.0,150,100.0
2026-07-13 09:15:33,4534,313,6,0.0,150,100.0
2026-07-13 09:15:34,4535,313,7,0.0,150,100.0
2026-07-13 09:15:35,4536,313,8,0.0,150,100.0
2026-07-13 09:15:36,4537,313,9,0.0,150,100.0
2026-07-13 09:15:37,4538,313,10,0.0,150,100.0
2026-07-13 09:15:38,4539,313,11,0.0,150,100.0
2026-07-13 09:15:39,4540,313,12,0.0,150,100.0
2026-07-13 09:15:40,4541,313,13,0.0,150,100.0
2026-07-13 09:15:41,4542,313,14,0.0,150,100.0
2026-07-13 09:15:42,4543,314,0,0.0,150,100.0
2026-07-13 09:15:43,4544,314,1,0.0,150,100.0
2026-07-13 09:15:44,4545,314,2,0.0,150,100.0
2026-07-13 09:15:45,4546,314,3,0.0,150,100.0
2026-07-13 09:15:46,4547,314,4,0.0,150,100.0
2026-07-13 09:15:47,4548,314,5,0.0,150,100.0
2026-07-13 09:15:48,4549,314,6,0.0,150,100.0
2026-07-13 09:15:49,4550,314,7,0.0,150,100.0
2026-07-13 09:15:50,4551,314,8,0.0,150,100.0
2026-07-13 09:15:51,4552,314,9,0.0,150,100.0
2026-07-13 09:15:52,4553,314,10,0.0,150,100.0
2026-07-13 09:15:53,4554,314,11,0.0,150,100.0
2026-07-13 09:15:54,4555,314,12,0.0,150,100.0
2026-07-13 09:15:55,4556,314,13,0.0,150,100.0
2026-07-13 09:15:56,4557,314,14,0.0,150,100.0
2026-07-13 09:15:57,4558,314,15,0.0,150,100.0
2026-07-13 09:15:58,4559,315,0,0.0,150,100.0
2026-07-13 09:15:59,4560,315,1,0.0,150,100.0
2026-07-13 09:16:00,4561,315,2,0.0,150,100.0
2026-07-13 09:16:01,4562,315,3,0.0,150,100.0
2026-07-13 09:16:02,4563,315,4,0.0,150,100.0
2026-07-13 09:16:03,4564,315,5,0.0,150,100.0
2026-07-13 09:16:04,4565,315,6,0.0,150,100.0
2026-07-13 09:16:05,4566,315,7,0.0,150,100.0
2026-07-13 09:16:06,4567,315,8,0.0,150,100.0
2026-07-13 09:16:07,4568,315,9,0.0,150,100.0
2026-07-13 09:16:08,4569,315,10,0.0,150,100.0
2026-07-13 09:16:09,4570,315,11,0.0,150,100.0
2026-07-13 09:16:10,4571,315,12,0.0,150,100.0
2026-07-13 09:16:11,4572,315,13,0.0,150,100.0
2026-07-13 09:16:12,4573,315,14,0.0,150,100.0
2026-07-13 09:16:13,4574,316,0,0.0,150,100.0
2026-07-13 09:16:14,4575,316,1,0.0,150,100.0
2026-07-13 09:16:15,4576,316,2,0.0,150,100.0
2026-07-13 09:16:16,4577,316,3,0.0,150,100.0
2026-07-13 09:16:17,4578,316,4,0.0,150,100.0
2026-07-13 09:16:18,4579,316,5,0.0,150,100.0
2026-07-13 09:16:19,4580,316,6,0.0,150,100.0
2026-07-13 09:16:20,4581,316,7,0.0,150,100.0
2026-07-13 09:16:21,4582,316,8,0.0,150,100.0
2026-07-13 09:16:22,4583,316,9,0.0,150,100.0
2026-07-13 09:16:23,4584,316,10,0.0,150,100.0
2026-07-13 09:16:24,4585,316,11,0.0,150,100.0
2026-07-13 09:16:25,4586,316,12,0.0,150,100.0
2026-07-13 09:16:26,4587,316,13,0.0,150,100.0
2026-07-13 09:16:27,4588,317,0,0.0,150,100.0
2026-07-13 09:16:28,4589,317,1,0.0,150,100.0
2026-07-13 09:16:29,4590,317,2,0.0,150,100.0
2026-07-13 09:16:30,4591,317,3,0.0,150,100.0
2026-07-13 09:16:31,4592,317,4,0.0,150,100.0
2026-07-13 09:16:32,4593,317,5,0.0,150,100.0
2026-07-13 09:16:33,4594,317,6,0.0,150,100.0
2026-07-13 09:16:34,4595,317,7,0.0,150,100.0
2026-07-13 09:16:35,4596,317,8,0.0,150,100.0
2026-07-13 09:16:36,4597,317,9,0.0,150,100.0
2026-07-13 09:16:37,4598,317,10,0.0,150,100.0
2026-07-13 09:16:38,4599,317,11,0.0,150,100.0
2026-07-13 09:16:39,4600,317,12,0.0,150,100.0
2026-07-13 09:16:40,4601,318,0,0.0,150,100.0
2026-07-13 09:16:41,4602,318,1,0.0,150,100.0
2026-07-13 09:16:42,4603,318,2,0.0,150,100.0
2026-07-13 09:16:43,4604,318,3,0.0,150,100.0
2026-07-13 09:16:44,4605,318,4,0.0,150,100.0
2026-07-13 09:16:45,4606,318,5,56.02,150,100.0
2026-07-13 09:16:46,4607,318,6,0.0,150,100.0
2026-07-13 09:16:47,4608,318,7,0.0,150,100.0
2026-07-13 09:16:48,4609,318,8,0.0,150,100.0
2026-07-13 09:16:49,4610,318,9,0.0,150,100.0
2026-07-13 09:16:50,4611,318,10,0.0,150,100.0
2026-07-13 09:16:51,4612,318,11,0.0,150,100.0
2026-07-13 09:16:52,4613,318,12,0.0,150,100.0
2026-07-13 09:16:53,4614,318,13,0.0,150,100.0
2026-07-13 09:16:54,4615,318,14,0.0,150,100.0
2026-07-13 09:16:55,4616,319,0,0.0,150,100.0
2026-07-13 09:16:56,4617,319,1,0.0,150,100.0
2026-07-13 09:16:57,4618,319,2,0.0,150,100.0
2026-07-13 09:16:58,4619,319,3,0.0,150,100.0
2026-07-13 09:16:59,4620,319,4,0.0,150,100.0
2026-07-13 09:17:00,4621,319,5,0.0,150,100.0
2026-07-13 09:17:01,4622,319,6,0.0,150,100.0
2026-07-13 09:17:02,4623,319,7,0.0,150,100.0
2026-07-13 09:17:03,4624,319,8,0.0,150,100.0
2026-07-13 09:17:04,4625,319,9,0.0,150,100.0
2026-07-13 09:17:05,4626,319,10,0.0,150,100.0
2026-07-13 09:17:06,4627,319,11,0.0,150,100.0
2026-07-13 09:17:07,4628,319,12,0.0,150,100.0
2026-07-13 09:17:08,4629,319,13,0.0,150,100.0
2026-07-13 09:17:09,4630,319,14,0.0,150,100.0
2026-07-13 09:17:10,4631,319,15,0.0,150,100.0
2026-07-13 09:17:11,4632,320,0,0.0,150,100.0
2026-07-13 09:17:12,4633,320,1,0.0,150,100.0
2026-07-13 09:17:13,4634,320,2,0.0,150,100.0
2026-07-13 09:17:14,4635,320,3,0.0,150,100.0
2026-07-13 09:17:15,4636,320,4,0.0,150,100.0
2026-07-13 09:17:16,4637,320,5,0.0,150,100.0
2026-07-13 09:17:17,4638,320,6,0.0,150,100.0
2026-07-13 09:17:18,4639,320,7,0.0,150,100.0
2026-07-13 09:17:19,4640,320,8,0.0,150,100.0
2026-07-13 09:17:20,4641,320,9,0.0,150,100.0
2026-07-13 09:17:21,4642,320,10,0.0,150,100.0
2026-07-13 09:17:22,4643,320,11,0.0,150,100.0
2026-07-13 09:17:23,4644,320,12,0.0,150,100.0
2026-07-13 09:17:24,4645,320,13,0.0,150,100.0
2026-07-13 09:17:25,4646,320,14,0.0,150,100.0
2026-07-13 09:17:26,4647,320,15,0.0,150,100.0
2026-07-13 09:17:27,4648,321,0,0.0,150,100.0
2026-07-13 09:17:28,4649,321,1,0.0,150,100.0
2026-07-13 09:17:29,4650,321,2,0.0,150,100.0
2026-07-13 09:17:30,4651,321,3,0.0,150,100.0
2026-07-13 09:17:31,4652,321,4,0.0,150,100.0
2026-07-13 09:17:32,4653,321,5,0.0,150,100.0
2026-07-13 09:17:33,4654,321,6,0.0,150,100.0
2026-07-13 09:17:34,4655,321,7,0.0,150,100.0
2026-07-13 09:17:35,4656,321,8,0.0,150,100.0
2026-07-13 09:17:36,4657,321,9,0.0,150,100.0
2026-07-13 09:17:37,4658,321,10,0.0,150,100.0
2026-07-13 09:17:38,4659,321,11,0.0,150,100.0
2026-07-13 09:17:39,4660,321,12,0.0,150,100.0
2026-07-13 09:17:40,4661,321,13,0.0,150,100.0
2026-07-13 09:17:41,4662,321,14,0.0,150,100.0
2026-07-13 09:17:42,4663,322,0,0.0,150,100.0
2026-07-13 09:17:43,4664,322,1,0.0,150,100.0
2026-07-13 09:17:44,4665,322,2,0.0,150,100.0
2026-07-13 09:17:45,4666,322,3,0.0,150,100.0
2026-07-13 09:17:46,4667,322,4,0.0,150,100.0
2026-07-13 09:17:47,4668,322,5,0.0,150,100.0
2026-07-13 09:17:48,4669,322,6,0.0,150,100.0
2026-07-13 09:17:49,4670,322,7,0.0,150,100.0
2026-07-13 09:17:50,4671,322,8,0.0,150,100.0
2026-07-13 09:17:51,4672,322,9,0.0,150,100.0
2026-07-13 09:17:52,4673,322,10,0.0,150,100.0
2026-07-13 09:17:53,4674,322,11,0.0,150,100.0
2026-07-13 09:17:54,4675,322,12,0.0,150,100.0
2026-07-13 09:17:55,4676,322,13,0.0,150,100.0
2026-07-13 09:17:56,4677,322,14,0.0,150,100.0
2026-07-13 09:17:57,4678,323,0,0.0,150,100.0
2026-07-13 09:17:58,4679,323,1,0.0,150,100.0
2026-07-13 09:17:59,4680,323,2,0.0,150,100.0
2026-07-13 09:18:00,4681,323,3,0.0,150,100.0
2026-07-13 09:18:01,4682,323,4,0.0,150,100.0
2026-07-13 09:18:02,4683,323,5,0.0,150,100.0
2026-07-13 09:18:03,4684,323,6,0.0,150,100.0
2026-07-13 09:18:04,4685,323,7,0.0,150,100.0
2026-07-13 09:18:05,4686,323,8,0.0,150,100.0
2026-07-13 09:18:06,4687,323,9,0.0,150,100.0
2026-07-13 09:18:07,4688,323,10,0.0,150,100.0
2026-07-13 09:18:08,4689,323,11,0.0,150,100.0
2026-07-13 09:18:09,4690,323,12,0.0,150,100.0
2026-07-13 09:18:10,4691,323,13,0.0,150,100.0
2026-07-13 09:18:11,4692,323,14,0.0,150,100.0
2026-07-13 09:18:12,4693,323,15,0.0,150,100.0
2026-07-13 09:18:13,4694,323,16,0.0,150,100.0
2026-07-13 09:18:14,4695,324,0,0.0,150,100.0
2026-07-13 09:18:15,4696,324,1,0.0,150,100.0
2026-07-13 09:18:16,4697,324,2,0.0,150,100.0
2026-07-13 09:18:17,4698,324,3,0.0,150,100.0
2026-07-13 09:18:18,4699,324,4,0.0,150,100.0
2026-07-13 09:18:19,4700,324,5,0.0,150,100.0
2026-07-13 09:18:20,4701,324,6,0.0,150,100.0
2026-07-13 09:18:21,4702,324,7,0.0,150,100.0
2026-07-13 09:18:22,4703,324,8,0.0,150,100.0
2026-07-13 09:18:23,4704,324,9,0.0,150,100.0
2026-07-13 09:18:24,4705,324,10,0.0,150,100.0
2026-07-13 09:18:25,4706,324,11,0.0,150,100.0
2026-07-13 09:18:26,4707,324,12,0.0,150,100.0
2026-07-13 09:18:27,4708,324,13,0.0,150,100.0
2026-07-13 09:18:28,4709,325,0,0.0,150,100.0
2026-07-13 09:18:29,4710,325,1,0.0,150,100.0
2026-07-13 09:18:30,4711,325,2,0.0,150,100.0
2026-07-13 09:18:31,4712,325,3,0.0,150,100.0
2026-07-13 09:18:32,4713,325,4,0.0,150,100.0
2026-07-13 09:18:33,4714,325,5,0.0,150,100.0
2026-07-13 09:18:34,4715,325,6,0.0,150,100.0
2026-07-13 09:18:35,4716,325,7,0.0,150,100.0
2026-07-13 09:18:36,4717,325,8,0.0,150,100.0
2026-07-13 09:18:37,4718,325,9,0.0,150,100.0
2026-07-13 09:18:38,4719,325,10,0.0,150,100.0
2026-07-13 09:18:39,4720,325,11,0.0,150,100.0
2026-07-13 09:18:40,4721,325,12,0.0,150,100.0
2026-07-13 09:18:41,4722,325,13,0.0,150,100.0
2026-07-13 09:18:42,4723,325,14,0.0,150,100.0
2026-07-13 09:18:43,4724,326,0,0.0,150,100.0
2026-07-13 09:18:44,4725,326,1,0.0,150,100.0
2026-07-13 09:18:45,4726,326,2,0.0,150,100.0
2026-07-13 09:18:46,4727,326,3,0.0,150,100.0
2026-07-13 09:18:47,4728,326,4,0.0,150,100.0
2026-07-13 09:18:48,4729,326,5,0.0,150,100.0
2026-07-13 09:18:49,4730,326,6,0.0,150,100.0
2026-07-13 09:18:50,4731,326,7,0.0,150,100.0
2026-07-13 09:18:51,4732,326,8,0.0,150,100.0
2026-07-13 09:18:52,4733,326,9,0.0,150,100.0
2026-07-13 09:18:53,4734,326,10,0.0,150,100.0
2026-07-13 09:18:54,4735,326,11,0.0,150,100.0
2026-07-13 09:18:55,4736,326,12,0.0,150,100.0
2026-07-13 09:18:56,4737,326,13,0.0,150,100.0
2026-07-13 09:18:57,4738,326,14,0.0,150,100.0
2026-07-13 09:18:58,4739,327,0,0.0,150,100.0
2026-07-13 09:18:59,4740,327,1,0.0,150,100.0
2026-07-13 09:19:00,4741,327,2,0.0,150,100.0
2026-07-13 09:19:01,4742,327,3,0.0,150,100.0
2026-07-13 09:19:02,4743,327,4,0.0,150,100.0
2026-07-13 09:19:03,4744,327,5,0.0,150,100.0
2026-07-13 09:19:04,4745,327,6,0.0,150,100.0
2026-07-13 09:19:05,4746,327,7,0.0,150,100.0
2026-07-13 09:19:06,4747,327,8,0.0,150,100.0
2026-07-13 09:19:07,4748,327,9,0.0,150,100.0
2026-07-13 09:19:08,4749,327,10,0.0,150,100.0
2026-07-13 09:19:09,4750,327,11,0.0,150,100.0
2026-07-13 09:19:10,4751,327,12,0.0,150,100.0
2026-07-13 09:19:11,4752,327,13,0.0,150,100.0
2026-07-13 09:19:12,4753,328,0,0.0,150,100.0
2026-07-13 09:19:13,4754,328,1,0.0,150,100.0
2026-07-13 09:19:14,4755,328,2,0.0,150,100.0
2026-07-13 09:19:15,4756,328,3,23.35,150,100.0
2026-07-13 09:19:16,4757,328,4,0.0,150,100.0
2026-07-13 09:19:17,4758,328,5,0.0,150,100.0
2026-07-13 09:19:18,4759,328,6,0.0,150,100.0
2026-07-13 09:19:19,4760,328,7,11.49,150,100.0
2026-07-13 09:19:20,4761,328,8,0.0,150,100.0
2026-07-13 09:19:21,4762,328,9,0.0,150,100.0
2026-07-13 09:19:22,4763,328,10,0.0,150,100.0
2026-07-13 09:19:23,4764,328,11,0.0,150,100.0
2026-07-13 09:19:24,4765,328,12,0.0,150,100.0
2026-07-13 09:19:25,4766,328,13,0.0,150,100.0
2026-07-13 09:19:26,4767,329,0,0.0,150,100.0
2026-07-13 09:19:27,4768,329,1,0.0,150,100.0
2026-07-13 09:19:28,4769,329,2,0.0,150,100.0
2026-07-13 09:19:29,4770,329,3,0.0,150,100.0
2026-07-13 09:19:30,4771,329,4,0.0,150,100.0
2026-07-13 09:19:31,4772,329,5,0.0,150,100.0
2026-07-13 09:19:32,4773,329,6,0.0,150,100.0
2026-07-13 09:19:33,4774,329,7,0.0,150,100.0
2026-07-13 09:19:34,4775,329,8,0.0,150,100.0
2026-07-13 09:19:35,4776,329,9,0.0,150,100.0
2026-07-13 09:19:36,4777,329,10,0.0,150,100.0
2026-07-13 09:19:37,4778,329,11,0.0,150,100.0
2026-07-13 09:19:38,4779,329,12,0.0,150,100.0
2026-07-13 09:19:39,4780,329,13,0.0,150,100.0
2026-07-13 09:19:40,4781,329,14,0.0,150,100.0
2026-07-13 09:19:41,4782,329,15,0.0,150,100.0
2026-07-13 09:19:42,4783,330,0,0.0,150,100.0
2026-07-13 09:19:43,4784,330,1,0.0,150,100.0
2026-07-13 09:19:44,4785,330,2,0.0,150,100.0
2026-07-13 09:19:45,4786,330,3,0.0,150,100.0
2026-07-13 09:19:46,4787,330,4,0.0,150,100.0
2026-07-13 09:19:47,4788,330,5,0.0,150,100.0
2026-07-13 09:19:48,4789,330,6,0.0,150,100.0
2026-07-13 09:19:49,4790,330,7,0.0,150,100.0
2026-07-13 09:19:50,4791,330,8,0.0,150,100.0
2026-07-13 09:19:51,4792,330,9,0.0,150,100.0
2026-07-13 09:19:52,4793,330,10,0.0,150,100.0
2026-07-13 09:19:53,4794,330,11,0.0,150,100.0
2026-07-13 09:19:54,4795,330,12,0.0,150,100.0
2026-07-13 09:19:55,4796,330,13,0.0,150,100.0
2026-07-13 09:19:56,4797,330,14,0.0,150,100.0
2026-07-13 09:19:57,4798,331,0,0.0,150,100.0
2026-07-13 09:19:58,4799,331,1,0.0,150,100.0
2026-07-13 09:19:59,4800,331,2,0.0,150,100.0
2026-07-13 09:20:00,4801,331,3,0.0,150,100.0
2026-07-13 09:20:01,4802,331,4,0.0,150,100.0
2026-07-13 09:20:02,4803,331,5,0.0,150,100.0
2026-07-13 09:20:03,4804,331,6,0.0,150,100.0
2026-07-13 09:20:04,4805,331,7,0.0,150,100.0
2026-07-13 09:20:05,4806,331,8,0.0,150,100.0
2026-07-13 09:20:06,4807,331,9,0.0,150,100.0
2026-07-13 09:20:07,4808,331,10,0.0,150,100.0
2026-07-13 09:20:08,4809,331,11,0.0,150,100.0
2026-07-13 09:20:09,4810,331,12,0.0,150,100.0
2026-07-13 09:20:10,4811,331,13,0.0,150,100.0
2026-07-13 09:20:11,4812,331,14,0.0,150,100.0
2026-07-13 09:20:12,4813,331,15,0.0,150,100.0
2026-07-13 09:20:13,4814,332,0,0.0,150,100.0
2026-07-13 09:20:14,4815,332,1,0.0,150,100.0
2026-07-13 09:20:15,4816,332,2,0.0,150,100.0
2026-07-13 09:20:16,4817,332,3,0.0,150,100.0
2026-07-13 09:20:17,4818,332,4,0.0,150,100.0
2026-07-13 09:20:18,4819,332,5,0.0,150,100.0
2026-07-13 09:20:19,4820,332,6,0.0,150,100.0
2026-07-13 09:20:20,4821,332,7,0.0,150,100.0
2026-07-13 09:20:21,4822,332,8,0.0,150,100.0
2026-07-13 09:20:22,4823,332,9,0.0,150,100.0
2026-07-13 09:20:23,4824,332,10,0.0,150,100.0
2026-07-13 09:20:24,4825,332,11,0.0,150,100.0
2026-07-13 09:20:25,4826,332,12,0.0,150,100.0
2026-07-13 09:20:26,4827,332,13,0.0,150,100.0
2026-07-13 09:20:27,4828,332,14,0.0,150,100.0
2026-07-13 09:20:28,4829,333,0,0.0,150,100.0
2026-07-13 09:20:29,4830,333,1,0.0,150,100.0
2026-07-13 09:20:30,4831,333,2,0.0,150,100.0
2026-07-13 09:20:31,4832,333,3,0.0,150,100.0
2026-07-13 09:20:32,4833,333,4,0.0,150,100.0
2026-07-13 09:20:33,4834,333,5,0.0,150,100.0
2026-07-13 09:20:34,4835,333,6,0.0,150,100.0
2026-07-13 09:20:35,4836,333,7,0.0,150,100.0
2026-07-13 09:20:36,4837,333,8,0.0,150,100.0
2026-07-13 09:20:37,4838,333,9,0.0,150,100.0
2026-07-13 09:20:38,4839,333,10,0.0,150,100.0
2026-07-13 09:20:39,4840,333,11,0.0,150,100.0
2026-07-13 09:20:40,4841,333,12,0.0,150,100.0
2026-07-13 09:20:41,4842,333,13,0.0,150,100.0
2026-07-13 09:20:42,4843,333,14,0.0,150,100.0
2026-07-13 09:20:43,4844,333,15,0.0,150,100.0
2026-07-13 09:20:44,4845,334,0,0.0,150,100.0
2026-07-13 09:20:45,4846,334,1,0.0,150,100.0
2026-07-13 09:20:46,4847,334,2,0.0,150,100.0
2026-07-13 09:20:47,4848,334,3,0.0,150,100.0
2026-07-13 09:20:48,4849,334,4,0.0,150,100.0
2026-07-13 09:20:49,4850,334,5,0.0,150,100.0
2026-07-13 09:20:50,4851,334,6,0.0,150,100.0
2026-07-13 09:20:51,4852,334,7,0.0,150,100.0
2026-07-13 09:20:52,4853,334,8,0.0,150,100.0
2026-07-13 09:20:53,4854,334,9,0.0,150,100.0
2026-07-13 09:20:54,4855,334,10,0.0,150,100.0
2026-07-13 09:20:55,4856,334,11,0.0,150,100.0
2026-07-13 09:20:56,4857,334,12,0.0,150,100.0
2026-07-13 09:20:57,4858,334,13,0.0,150,100.0
2026-07-13 09:20:58,4859,335,0,0.0,150,100.0
2026-07-13 09:20:59,4860,335,1,0.0,150,100.0
2026-07-13 09:21:00,4861,335,2,0.0,150,100.0
2026-07-13 09:21:01,4862,335,3,0.0,150,100.0
2026-07-13 09:21:02,4863,335,4,0.0,150,100.0
2026-07-13 09:21:03,4864,335,5,0.0,150,100.0
2026-07-13 09:21:04,4865,335,6,0.0,150,100.0
2026-07-13 09:21:05,4866,335,7,0.0,150,100.0
2026-07-13 09:21:06,4867,335,8,0.0,150,100.0
2026-07-13 09:21:07,4868,335,9,0.0,150,100.0
2026-07-13 09:21:08,4869,335,10,0.0,150,100.0
2026-07-13 09:21:09,4870,335,11,0.0,150,100.0
2026-07-13 09:21:10,4871,335,12,0.0,150,100.0
2026-07-13 09:21:11,4872,335,13,0.0,150,100.0
2026-07-13 09:21:12,4873,335,14,0.0,150,100.0
2026-07-13 09:21:13,4874,335,15,0.0,150,100.0
2026-07-13 09:21:14,4875,336,0,0.0,150,100.0
2026-07-13 09:21:15,4876,336,1,0.0,150,100.0
2026-07-13 09:21:16,4877,336,2,0.0,150,100.0
2026-07-13 09:21:17,4878,336,3,0.0,150,100.0
2026-07-13 09:21:18,4879,336,4,0.0,150,100.0
2026-07-13 09:21:19,4880,336,5,0.0,150,100.0
2026-07-13 09:21:20,4881,336,6,0.0,150,100.0
2026-07-13 09:21:21,4882,336,7,0.0,150,100.0
2026-07-13 09:21:22,4883,336,8,0.0,150,100.0
2026-07-13 09:21:23,4884,336,9,0.0,150,100.0
2026-07-13 09:21:24,4885,336,10,0.0,150,100.0
2026-07-13 09:21:25,4886,336,11,0.0,150,100.0
2026-07-13 09:21:26,4887,336,12,0.0,150,100.0
2026-07-13 09:21:27,4888,336,13,0.0,150,100.0
2026-07-13 09:21:28,4889,336,14,0.0,150,100.0
2026-07-13 09:21:29,4890,336,15,0.0,150,100.0
2026-07-13 09:21:30,4891,337,0,0.0,150,100.0
2026-07-13 09:21:31,4892,337,1,0.0,150,100.0
2026-07-13 09:21:32,4893,337,2,0.0,150,100.0
2026-07-13 09:21:33,4894,337,3,0.0,150,100.0
2026-07-13 09:21:34,4895,337,4,0.0,150,100.0
2026-07-13 09:21:35,4896,337,5,0.0,150,100.0
2026-07-13 09:21:36,4897,337,6,0.0,150,100.0
2026-07-13 09:21:37,4898,337,7,0.0,150,100.0
2026-07-13 09:21:38,4899,337,8,0.0,150,100.0
2026-07-13 09:21:39,4900,337,9,0.0,150,100.0
2026-07-13 09:21:40,4901,337,10,0.0,150,100.0
2026-07-13 09:21:41,4902,337,11,0.0,150,100.0
2026-07-13 09:21:42,4903,337,12,0.0,150,100.0
2026-07-13 09:21:43,4904,337,13,0.0,150,100.0
2026-07-13 09:21:44,4905,337,14,0.0,150,100.0
2026-07-13 09:21:45,4906,337,15,0.0,150,100.0
2026-07-13 09:21:46,4907,337,16,0.0,150,100.0
2026-07-13 09:21:47,4908,338,0,0.0,150,100.0
2026-07-13 09:21:48,4909,338,1,0.0,150,100.0
2026-07-13 09:21:49,4910,338,2,0.0,150,100.0
2026-07-13 09:21:50,4911,338,3,0.0,150,100.0
2026-07-13 09:21:51,4912,338,4,0.0,150,100.0
2026-07-13 09:21:52,4913,338,5,0.0,150,100.0
2026-07-13 09:21:53,4914,338,6,0.0,150,100.0
2026-07-13 09:21:54,4915,338,7,0.0,150,100.0
2026-07-13 09:21:55,4916,338,8,0.0,150,100.0
2026-07-13 09:21:56,4917,338,9,0.0,150,100.0
2026-07-13 09:21:57,4918,338,10,0.0,150,100.0
2026-07-13 09:21:58,4919,338,11,0.0,150,100.0
2026-07-13 09:21:59,4920,338,12,0.0,150,100.0
2026-07-13 09:22:00,4921,338,13,0.0,150,100.0
2026-07-13 09:22:01,4922,338,14,0.0,150,100.0
2026-07-13 09:22:02,4923,339,0,16.37,150,100.0
2026-07-13 09:22:03,4924,339,1,0.0,150,100.0
2026-07-13 09:22:04,4925,339,2,0.0,150,100.0
2026-07-13 09:22:05,4926,339,3,0.0,150,100.0
2026-07-13 09:22:06,4927,339,4,0.0,150,100.0
2026-07-13 09:22:07,4928,339,5,0.0,150,100.0
2026-07-13 09:22:08,4929,339,6,0.0,150,100.0
2026-07-13 09:22:09,4930,339,7,0.0,150,100.0
2026-07-13 09:22:10,4931,339,8,0.0,150,100.0
2026-07-13 09:22:11,4932,339,9,0.0,150,100.0
2026-07-13 09:22:12,4933,339,10,0.0,150,100.0
2026-07-13 09:22:13,4934,339,11,0.0,150,100.0
2026-07-13 09:22:14,4935,339,12,0.0,150,100.0
2026-07-13 09:22:15,4936,339,13,0.0,150,100.0
2026-07-13 09:22:16,4937,339,14,0.0,150,100.0
2026-07-13 09:22:17,4938,339,15,0.0,150,100.0
2026-07-13 09:22:18,4939,339,16,0.0,150,100.0
2026-07-13 09:22:19,4940,340,0,0.0,150,100.0
2026-07-13 09:22:20,4941,340,1,0.0,150,100.0
2026-07-13 09:22:21,4942,340,2,0.0,150,100.0
2026-07-13 09:22:22,4943,340,3,0.0,150,100.0
2026-07-13 09:22:23,4944,340,4,0.0,150,100.0
2026-07-13 09:22:24,4945,340,5,0.0,150,100.0
2026-07-13 09:22:25,4946,340,6,0.0,150,100.0
2026-07-13 09:22:26,4947,340,7,0.0,150,100.0
2026-07-13 09:22:27,4948,340,8,0.0,150,100.0
2026-07-13 09:22:28,4949,340,9,0.0,150,100.0
2026-07-13 09:22:29,4950,340,10,0.0,150,100.0
2026-07-13 09:22:30,4951,340,11,0.0,150,100.0
2026-07-13 09:22:31,4952,340,12,0.0,150,100.0
2026-07-13 09:22:32,4953,340,13,0.0,150,100.0
2026-07-13 09:22:33,4954,340,14,0.0,150,100.0
2026-07-13 09:22:34,4955,341,0,0.0,150,100.0
2026-07-13 09:22:35,4956,341,1,0.0,150,100.0
2026-07-13 09:22:36,4957,341,2,0.0,150,100.0
2026-07-13 09:22:37,4958,341,3,0.0,150,100.0
2026-07-13 09:22:38,4959,341,4,0.0,150,100.0
2026-07-13 09:22:39,4960,341,5,0.0,150,100.0
2026-07-13 09:22:40,4961,341,6,0.0,150,100.0
2026-07-13 09:22:41,4962,341,7,0.0,150,100.0
2026-07-13 09:22:42,4963,341,8,0.0,150,100.0
2026-07-13 09:22:43,4964,341,9,0.0,150,100.0
2026-07-13 09:22:44,4965,341,10,0.0,150,100.0
2026-07-13 09:22:45,4966,341,11,0.0,150,100.0
2026-07-13 09:22:46,4967,341,12,0.0,150,100.0
2026-07-13 09:22:47,4968,342,0,0.0,150,100.0
2026-07-13 09:22:48,4969,342,1,0.0,150,100.0
2026-07-13 09:22:49,4970,342,2,0.0,150,100.0
2026-07-13 09:22:50,4971,342,3,0.0,150,100.0
2026-07-13 09:22:51,4972,342,4,0.0,150,100.0
2026-07-13 09:22:52,4973,342,5,0.0,150,100.0
2026-07-13 09:22:53,4974,342,6,0.0,150,100.0
2026-07-13 09:22:54,4975,342,7,0.0,150,100.0
2026-07-13 09:22:55,4976,342,8,0.0,150,100.0
2026-07-13 09:22:56,4977,342,9,0.0,150,100.0
2026-07-13 09:22:57,4978,342,10,0.0,150,100.0
2026-07-13 09:22:58,4979,342,11,0.0,150,100.0
2026-07-13 09:22:59,4980,342,12,0.0,150,100.0
2026-07-13 09:23:00,4981,342,13,0.0,150,100.0
2026-07-13 09:23:01,4982,342,14,0.0,150,100.0
2026-07-13 09:23:02,4983,342,15,0.0,150,100.0
2026-07-13 09:23:03,4984,343,0,0.0,150,100.0
2026-07-13 09:23:04,4985,343,1,0.0,150,100.0
2026-07-13 09:23:05,4986,343,2,0.0,150,100.0
2026-07-13 09:23:06,4987,343,3,0.0,150,100.0
2026-07-13 09:23:07,4988,343,4,0.0,150,100.0
2026-07-13 09:23:08,4989,343,5,0.0,150,100.0
2026-07-13 09:23:09,4990,343,6,0.0,150,100.0
2026-07-13 09:23:10,4991,343,7,0.0,150,100.0
2026-07-13 09:23:11,4992,343,8,0.0,150,100.0
2026-07-13 09:23:12,4993,343,9,0.0,150,100.0
2026-07-13 09:23:13,4994,343,10,0.0,150,100.0
2026-07-13 09:23:14,4995,343,11,0.0,150,100.0
2026-07-13 09:23:15,4996,343,12,0.0,150,100.0
2026-07-13 09:23:16,4997,343,13,0.0,150,100.0
2026-07-13 09:23:17,4998,343,14,0.0,150,100.0
2026-07-13 09:23:18,4999,343,15,1.1,150,100.0
2026-07-13 09:23:19,5000,343,16,61.89,150,100.0
2026-07-13 09:23:20,5001,344,0,0.0,150,100.0
2026-07-13 09:23:21,5002,344,1,54.08,150,100.0
2026-07-13 09:23:22,5003,344,2,43.65,150,100.0
2026-07-13 09:23:23,5004,344,3,3.23,150,100.0
2026-07-13 09:23:24,5005,344,4,0.0,150,100.0
2026-07-13 09:23:25,5006,344,5,0.0,150,100.0
2026-07-13 09:23:26,5007,344,6,0.0,150,100.0
2026-07-13 09:23:27,5008,344,7,0.0,150,100.0
2026-07-13 09:23:28,5009,344,8,0.0,150,100.0
2026-07-13 09:23:29,5010,344,9,0.0,150,100.0
2026-07-13 09:23:30,5011,344,10,0.0,150,100.0
2026-07-13 09:23:31,5012,344,11,0.0,150,100.0
2026-07-13 09:23:32,5013,344,12,0.0,150,100.0
2026-07-13 09:23:33,5014,344,13,0.0,150,100.0
2026-07-13 09:23:34,5015,344,14,0.0,150,100.0
2026-07-13 09:23:35,5016,344,15,51.42,150,100.0
2026-07-13 09:23:36,5017,344,16,0.0,150,100.0
2026-07-13 09:23:37,5018,345,0,0.0,150,100.0
2026-07-13 09:23:38,5019,345,1,10.48,150,100.0
2026-07-13 09:23:39,5020,345,2,0.0,150,100.0
2026-07-13 09:23:40,5021,345,3,0.0,150,100.0
2026-07-13 09:23:41,5022,345,4,0.0,150,100.0
2026-07-13 09:23:42,5023,345,5,0.0,150,100.0
2026-07-13 09:23:43,5024,345,6,0.0,150,100.0
2026-07-13 09:23:44,5025,345,7,0.0,150,100.0
2026-07-13 09:23:45,5026,345,8,0.0,150,100.0
2026-07-13 09:23:46,5027,345,9,0.0,150,100.0
2026-07-13 09:23:47,5028,345,10,0.0,150,100.0
2026-07-13 09:23:48,5029,345,11,0.0,150,100.0
2026-07-13 09:23:49,5030,345,12,0.0,150,100.0
2026-07-13 09:23:50,5031,345,13,0.0,150,100.0
2026-07-13 09:23:51,5032,346,0,43.94,150,100.0
2026-07-13 09:23:52,5033,346,1,0.0,150,100.0
2026-07-13 09:23:53,5034,346,2,0.0,150,100.0
2026-07-13 09:23:54,5035,346,3,0.0,150,100.0
2026-07-13 09:23:55,5036,346,4,0.0,150,100.0
2026-07-13 09:23:56,5037,346,5,0.0,150,100.0
2026-07-13 09:23:57,5038,346,6,0.0,150,100.0
2026-07-13 09:23:58,5039,346,7,0.0,150,100.0
2026-07-13 09:23:59,5040,346,8,0.0,150,100.0
2026-07-13 09:24:00,5041,346,9,0.0,150,100.0
2026-07-13 09:24:01,5042,346,10,0.0,150,100.0
2026-07-13 09:24:02,5043,346,11,0.0,150,100.0
2026-07-13 09:24:03,5044,346,12,0.0,150,100.0
2026-07-13 09:24:04,5045,346,13,0.0,150,100.0
2026-07-13 09:24:05,5046,346,14,0.0,150,100.0
2026-07-13 09:24:06,5047,347,0,0.0,150,100.0
2026-07-13 09:24:07,5048,347,1,0.0,150,100.0
2026-07-13 09:24:08,5049,347,2,0.0,150,100.0
2026-07-13 09:24:09,5050,347,3,0.0,150,100.0
2026-07-13 09:24:10,5051,347,4,0.0,150,100.0
2026-07-13 09:24:11,5052,347,5,0.0,150,100.0
2026-07-13 09:24:12,5053,347,6,0.0,150,100.0
2026-07-13 09:24:13,5054,347,7,0.0,150,100.0
2026-07-13 09:24:14,5055,347,8,0.0,150,100.0
2026-07-13 09:24:15,5056,347,9,0.0,150,100.0
2026-07-13 09:24:16,5057,347,10,0.0,150,100.0
2026-07-13 09:24:17,5058,347,11,0.0,150,100.0
2026-07-13 09:24:18,5059,347,12,0.0,150,100.0
2026-07-13 09:24:19,5060,347,13,0.0,150,100.0
2026-07-13 09:24:20,5061,347,14,0.0,150,100.0
2026-07-13 09:24:21,5062,347,15,0.0,150,100.0
2026-07-13 09:24:22,5063,348,0,0.0,150,100.0
2026-07-13 09:24:23,5064,348,1,8.79,150,100.0
2026-07-13 09:24:24,5065,348,2,0.0,150,100.0
2026-07-13 09:24:25,5066,348,3,0.0,150,100.0
2026-07-13 09:24:26,5067,348,4,0.0,150,100.0
2026-07-13 09:24:27,5068,348,5,0.0,150,100.0
2026-07-13 09:24:28,5069,348,6,0.0,150,100.0
2026-07-13 09:24:29,5070,348,7,0.0,150,100.0
2026-07-13 09:24:30,5071,348,8,0.0,150,100.0
2026-07-13 09:24:31,5072,348,9,0.0,150,100.0
2026-07-13 09:24:32,5073,348,10,0.0,150,100.0
2026-07-13 09:24:33,5074,348,11,0.0,150,100.0
2026-07-13 09:24:34,5075,348,12,0.0,150,100.0
2026-07-13 09:24:35,5076,348,13,0.0,150,100.0
2026-07-13 09:24:36,5077,349,0,0.0,150,100.0
2026-07-13 09:24:37,5078,349,1,0.0,150,100.0
2026-07-13 09:24:38,5079,349,2,0.0,150,100.0
2026-07-13 09:24:39,5080,349,3,0.0,150,100.0
2026-07-13 09:24:40,5081,349,4,0.0,150,100.0
2026-07-13 09:24:41,5082,349,5,0.0,150,100.0
2026-07-13 09:24:42,5083,349,6,0.0,150,100.0
2026-07-13 09:24:43,5084,349,7,0.0,150,100.0
2026-07-13 09:24:44,5085,349,8,0.0,150,100.0
2026-07-13 09:24:45,5086,349,9,0.0,150,100.0
2026-07-13 09:24:46,5087,349,10,0.0,150,100.0
2026-07-13 09:24:47,5088,349,11,0.0,150,100.0
2026-07-13 09:24:48,5089,349,12,0.0,150,100.0
2026-07-13 09:24:49,5090,349,13,0.0,150,100.0
2026-07-13 09:24:50,5091,349,14,0.0,150,100.0
2026-07-13 09:24:51,5092,349,15,0.0,150,100.0
2026-07-13 09:24:52,5093,350,0,0.0,150,100.0
2026-07-13 09:24:53,5094,350,1,0.0,150,100.0
2026-07-13 09:24:54,5095,350,2,0.0,150,100.0
2026-07-13 09:24:55,5096,350,3,0.0,150,100.0
2026-07-13 09:24:56,5097,350,4,0.0,150,100.0
2026-07-13 09:24:57,5098,350,5,0.0,150,100.0
2026-07-13 09:24:58,5099,350,6,0.0,150,100.0
2026-07-13 09:24:59,5100,350,7,0.0,150,100.0
2026-07-13 09:25:00,5101,350,8,0.0,150,100.0
2026-07-13 09:25:01,5102,350,9,0.0,150,100.0
2026-07-13 09:25:02,5103,350,10,0.0,150,100.0
2026-07-13 09:25:03,5104,350,11,0.0,150,100.0
2026-07-13 09:25:04,5105,350,12,0.0,150,100.0
2026-07-13 09:25:05,5106,350,13,0.0,150,100.0
2026-07-13 09:25:06,5107,350,14,0.0,150,100.0
2026-07-13 09:25:07,5108,350,15,0.0,150,100.0
2026-07-13 09:25:08,5109,351,0,0.0,150,100.0
2026-07-13 09:25:09,5110,351,1,0.0,150,100.0
2026-07-13 09:25:10,5111,351,2,0.0,150,100.0
2026-07-13 09:25:11,5112,351,3,0.0,150,100.0
2026-07-13 09:25:12,5113,351,4,0.0,150,100.0
2026-07-13 09:25:13,5114,351,5,0.0,150,100.0
2026-07-13 09:25:14,5115,351,6,0.0,150,100.0
2026-07-13 09:25:15,5116,351,7,0.0,150,100.0
2026-07-13 09:25:16,5117,351,8,0.0,150,100.0
2026-07-13 09:25:17,5118,351,9,0.0,150,100.0
2026-07-13 09:25:18,5119,351,10,0.0,150,100.0
2026-07-13 09:25:19,5120,351,11,0.0,150,100.0
2026-07-13 09:25:20,5121,351,12,0.0,150,100.0
2026-07-13 09:25:21,5122,351,13,0.0,150,100.0
2026-07-13 09:25:22,5123,351,14,0.0,150,100.0
2026-07-13 09:25:23,5124,352,0,0.0,150,100.0
2026-07-13 09:25:24,5125,352,1,0.0,150,100.0
2026-07-13 09:25:25,5126,352,2,0.0,150,100.0
2026-07-13 09:25:26,5127,352,3,0.0,150,100.0
2026-07-13 09:25:27,5128,352,4,0.0,150,100.0
2026-07-13 09:25:28,5129,352,5,0.0,150,100.0
2026-07-13 09:25:29,5130,352,6,0.0,150,100.0
2026-07-13 09:25:30,5131,352,7,0.0,150,100.0
2026-07-13 09:25:31,5132,352,8,0.0,150,100.0
2026-07-13 09:25:32,5133,352,9,0.0,150,100.0
2026-07-13 09:25:33,5134,352,10,0.0,150,100.0
2026-07-13 09:25:34,5135,352,11,0.0,150,100.0
2026-07-13 09:25:35,5136,352,12,0.0,150,100.0
2026-07-13 09:25:36,5137,353,0,0.0,150,100.0
2026-07-13 09:25:37,5138,353,1,0.0,150,100.0
2026-07-13 09:25:38,5139,353,2,0.0,150,100.0
2026-07-13 09:25:39,5140,353,3,0.0,150,100.0
2026-07-13 09:25:40,5141,353,4,7.82,150,100.0
2026-07-13 09:25:41,5142,353,5,0.0,150,100.0
2026-07-13 09:25:42,5143,353,6,0.0,150,100.0
2026-07-13 09:25:43,5144,353,7,0.0,150,100.0
2026-07-13 09:25:44,5145,353,8,0.0,150,100.0
2026-07-13 09:25:45,5146,353,9,0.0,150,100.0
2026-07-13 09:25:46,5147,353,10,0.0,150,100.0
2026-07-13 09:25:47,5148,353,11,0.0,150,100.0
2026-07-13 09:25:48,5149,353,12,0.0,150,100.0
2026-07-13 09:25:49,5150,354,0,0.0,150,100.0
2026-07-13 09:25:50,5151,354,1,0.0,150,100.0
2026-07-13 09:25:51,5152,354,2,0.0,150,100.0
2026-07-13 09:25:52,5153,354,3,0.0,150,100.0
2026-07-13 09:25:53,5154,354,4,0.0,150,100.0
2026-07-13 09:25:54,5155,354,5,0.0,150,100.0
2026-07-13 09:25:55,5156,354,6,0.0,150,100.0
2026-07-13 09:25:56,5157,354,7,0.0,150,100.0
2026-07-13 09:25:57,5158,354,8,0.0,150,100.0
2026-07-13 09:25:58,5159,354,9,0.0,150,100.0
2026-07-13 09:25:59,5160,354,10,0.0,150,100.0
2026-07-13 09:26:00,5161,354,11,0.0,150,100.0
2026-07-13 09:26:01,5162,354,12,0.0,150,100.0
2026-07-13 09:26:02,5163,354,13,0.0,150,100.0
2026-07-13 09:26:03,5164,354,14,0.0,150,100.0
2026-07-13 09:26:04,5165,355,0,0.0,150,100.0
2026-07-13 09:26:05,5166,355,1,0.0,150,100.0
2026-07-13 09:26:06,5167,355,2,0.0,150,100.0
2026-07-13 09:26:07,5168,355,3,0.0,150,100.0
2026-07-13 09:26:08,5169,355,4,0.0,150,100.0
2026-07-13 09:26:09,5170,355,5,0.0,150,100.0
2026-07-13 09:26:10,5171,355,6,0.0,150,100.0
2026-07-13 09:26:11,5172,355,7,0.0,150,100.0
2026-07-13 09:26:12,5173,355,8,0.0,150,100.0
2026-07-13 09:26:13,5174,355,9,0.0,150,100.0
2026-07-13 09:26:14,5175,355,10,0.0,150,100.0
2026-07-13 09:26:15,5176,355,11,0.0,150,100.0
2026-07-13 09:26:16,5177,355,12,0.0,150,100.0
2026-07-13 09:26:17,5178,355,13,0.0,150,100.0
2026-07-13 09:26:18,5179,355,14,0.0,150,100.0
2026-07-13 09:26:19,5180,356,0,0.0,150,100.0
2026-07-13 09:26:20,5181,356,1,0.0,150,100.0
2026-07-13 09:26:21,5182,356,2,0.0,150,100.0
2026-07-13 09:26:22,5183,356,3,0.0,150,100.0
2026-07-13 09:26:23,5184,356,4,0.0,150,100.0
2026-07-13 09:26:24,5185,356,5,0.0,150,100.0
2026-07-13 09:26:25,5186,356,6,0.0,150,100.0
2026-07-13 09:26:26,5187,356,7,0.0,150,100.0
2026-07-13 09:26:27,5188,356,8,0.0,150,100.0
2026-07-13 09:26:28,5189,356,9,0.0,150,100.0
2026-07-13 09:26:29,5190,356,10,0.0,150,100.0
2026-07-13 09:26:30,5191,356,11,0.0,150,100.0
2026-07-13 09:26:31,5192,356,12,0.0,150,100.0
2026-07-13 09:26:32,5193,356,13,0.0,150,100.0
2026-07-13 09:26:33,5194,356,14,0.0,150,100.0
2026-07-13 09:26:34,5195,357,0,0.0,150,100.0
2026-07-13 09:26:35,5196,357,1,0.0,150,100.0
2026-07-13 09:26:36,5197,357,2,0.0,150,100.0
2026-07-13 09:26:37,5198,357,3,0.0,150,100.0
2026-07-13 09:26:38,5199,357,4,0.0,150,100.0
2026-07-13 09:26:39,5200,357,5,0.0,150,100.0
2026-07-13 09:26:40,5201,357,6,0.0,150,100.0
2026-07-13 09:26:41,5202,357,7,0.0,150,100.0
2026-07-13 09:26:42,5203,357,8,0.0,150,100.0
2026-07-13 09:26:43,5204,357,9,0.0,150,100.0
2026-07-13 09:26:44,5205,357,10,0.0,150,100.0
2026-07-13 09:26:45,5206,357,11,0.0,150,100.0
2026-07-13 09:26:46,5207,357,12,0.0,150,100.0
2026-07-13 09:26:47,5208,357,13,0.0,150,100.0
2026-07-13 09:26:48,5209,358,0,0.0,150,100.0
2026-07-13 09:26:49,5210,358,1,0.0,150,100.0
2026-07-13 09:26:50,5211,358,2,0.0,150,100.0
2026-07-13 09:26:51,5212,358,3,0.0,150,100.0
2026-07-13 09:26:52,5213,358,4,0.0,150,100.0
2026-07-13 09:26:53,5214,358,5,0.0,150,100.0
2026-07-13 09:26:54,5215,358,6,0.0,150,100.0
2026-07-13 09:26:55,5216,358,7,0.0,150,100.0
2026-07-13 09:26:56,5217,358,8,0.0,150,100.0
2026-07-13 09:26:57,5218,358,9,0.0,150,100.0
2026-07-13 09:26:58,5219,358,10,0.0,150,100.0
2026-07-13 09:26:59,5220,358,11,0.0,150,100.0
2026-07-13 09:27:00,5221,358,12,0.0,150,100.0
2026-07-13 09:27:01,5222,359,0,0.0,150,100.0
2026-07-13 09:27:02,5223,359,1,0.0,150,100.0
2026-07-13 09:27:03,5224,359,2,0.0,150,100.0
2026-07-13 09:27:04,5225,359,3,0.0,150,100.0
2026-07-13 09:27:05,5226,359,4,0.0,150,100.0
2026-07-13 09:27:06,5227,359,5,0.0,150,100.0
2026-07-13 09:27:07,5228,359,6,0.0,150,100.0
2026-07-13 09:27:08,5229,359,7,0.0,150,100.0
2026-07-13 09:27:09,5230,359,8,0.0,150,100.0
2026-07-13 09:27:10,5231,359,9,0.0,150,100.0
2026-07-13 09:27:11,5232,359,10,0.0,150,100.0
2026-07-13 09:27:12,5233,359,11,0.0,150,100.0
2026-07-13 09:27:13,5234,359,12,0.0,150,100.0
2026-07-13 09:27:14,5235,359,13,0.0,150,100.0
2026-07-13 09:27:15,5236,359,14,0.0,150,100.0
2026-07-13 09:27:16,5237,360,0,0.0,150,100.0
2026-07-13 09:27:17,5238,360,1,0.0,150,100.0
2026-07-13 09:27:18,5239,360,2,0.0,150,100.0
2026-07-13 09:27:19,5240,360,3,0.0,150,100.0
2026-07-13 09:27:20,5241,360,4,0.0,150,100.0
2026-07-13 09:27:21,5242,360,5,0.0,150,100.0
2026-07-13 09:27:22,5243,360,6,0.0,150,100.0
2026-07-13 09:27:23,5244,360,7,0.0,150,100.0
2026-07-13 09:27:24,5245,360,8,0.0,150,100.0
2026-07-13 09:27:25,5246,360,9,0.0,150,100.0
2026-07-13 09:27:26,5247,360,10,0.0,150,100.0
2026-07-13 09:27:27,5248,360,11,0.0,150,100.0
2026-07-13 09:27:28,5249,360,12,0.0,150,100.0
2026-07-13 09:27:29,5250,360,13,0.0,150,100.0
2026-07-13 09:27:30,5251,361,0,27.09,150,100.0
2026-07-13 09:27:31,5252,361,1,0.0,150,100.0
2026-07-13 09:27:32,5253,361,2,0.0,150,100.0
2026-07-13 09:27:33,5254,361,3,0.0,150,100.0
2026-07-13 09:27:34,5255,361,4,0.0,150,100.0
2026-07-13 09:27:35,5256,361,5,0.0,150,100.0
2026-07-13 09:27:36,5257,361,6,0.0,150,100.0
2026-07-13 09:27:37,5258,361,7,37.97,150,100.0
2026-07-13 09:27:38,5259,361,8,67.83,150,100.0
2026-07-13 09:27:39,5260,361,9,0.0,150,100.0
2026-07-13 09:27:40,5261,361,10,0.0,150,100.0
2026-07-13 09:27:41,5262,361,11,0.0,150,100.0
2026-07-13 09:27:42,5263,361,12,0.0,150,100.0
2026-07-13 09:27:43,5264,362,0,4.1,150,100.0
2026-07-13 09:27:44,5265,362,1,100.0,150,100.0
2026-07-13 09:27:45,5266,362,2,0.0,150,100.0
2026-07-13 09:27:46,5267,362,3,71.63,150,100.0
2026-07-13 09:27:47,5268,362,4,56.41,150,100.0
2026-07-13 09:27:48,5269,362,5,0.0,150,100.0
2026-07-13 09:27:49,5270,362,6,0.0,150,100.0
2026-07-13 09:27:50,5271,362,7,0.0,150,100.0
2026-07-13 09:27:51,5272,362,8,0.0,150,100.0
2026-07-13 09:27:52,5273,362,9,0.0,150,100.0
2026-07-13 09:27:53,5274,362,10,0.0,150,100.0
2026-07-13 09:27:54,5275,362,11,0.0,150,100.0
2026-07-13 09:27:55,5276,362,12,0.0,150,100.0
2026-07-13 09:27:56,5277,362,13,11.78,150,100.0
2026-07-13 09:27:57,5278,362,14,25.57,150,100.0
2026-07-13 09:27:58,5279,362,15,100.0,150,100.0
2026-07-13 09:27:59,5280,363,0,0.0,150,100.0
2026-07-13 09:28:00,5281,363,1,10.87,150,100.0
2026-07-13 09:28:01,5282,363,2,0.0,150,100.0
2026-07-13 09:28:02,5283,363,3,0.0,150,100.0
2026-07-13 09:28:03,5284,363,4,0.0,150,100.0
2026-07-13 09:28:04,5285,363,5,0.0,150,100.0
2026-07-13 09:28:05,5286,363,6,0.0,150,100.0
2026-07-13 09:28:06,5287,363,7,0.0,150,100.0
2026-07-13 09:28:07,5288,363,8,0.0,150,100.0
2026-07-13 09:28:08,5289,363,9,0.0,150,100.0
2026-07-13 09:28:09,5290,363,10,0.0,150,100.0
2026-07-13 09:28:10,5291,363,11,0.0,150,100.0
2026-07-13 09:28:11,5292,363,12,0.0,150,100.0
2026-07-13 09:28:12,5293,363,13,0.0,150,100.0
2026-07-13 09:28:13,5294,363,14,0.0,150,100.0
2026-07-13 09:28:14,5295,364,0,0.0,150,100.0
2026-07-13 09:28:15,5296,364,1,0.0,150,100.0
2026-07-13 09:28:16,5297,364,2,0.0,150,100.0
2026-07-13 09:28:17,5298,364,3,0.0,150,100.0
2026-07-13 09:28:18,5299,364,4,0.0,150,100.0
2026-07-13 09:28:19,5300,364,5,0.0,150,100.0
2026-07-13 09:28:20,5301,364,6,0.0,150,100.0
2026-07-13 09:28:21,5302,364,7,0.0,150,100.0
2026-07-13 09:28:22,5303,364,8,0.0,150,100.0
2026-07-13 09:28:23,5304,364,9,0.0,150,100.0
2026-07-13 09:28:24,5305,364,10,0.0,150,100.0
2026-07-13 09:28:25,5306,364,11,0.0,150,100.0
2026-07-13 09:28:26,5307,364,12,0.0,150,100.0
2026-07-13 09:28:27,5308,364,13,0.0,150,100.0
2026-07-13 09:28:28,5309,365,0,0.0,150,100.0
2026-07-13 09:28:29,5310,365,1,0.0,150,100.0
2026-07-13 09:28:30,5311,365,2,0.0,150,100.0
2026-07-13 09:28:31,5312,365,3,0.0,150,100.0
2026-07-13 09:28:32,5313,365,4,0.0,150,100.0
2026-07-13 09:28:33,5314,365,5,0.0,150,100.0
2026-07-13 09:28:34,5315,365,6,0.0,150,100.0
2026-07-13 09:28:35,5316,365,7,0.0,150,100.0
2026-07-13 09:28:36,5317,365,8,0.0,150,100.0
2026-07-13 09:28:37,5318,365,9,0.0,150,100.0
2026-07-13 09:28:38,5319,365,10,0.0,150,100.0
2026-07-13 09:28:39,5320,365,11,0.0,150,100.0
2026-07-13 09:28:40,5321,365,12,0.0,150,100.0
2026-07-13 09:28:41,5322,366,0,0.0,150,100.0
2026-07-13 09:28:42,5323,366,1,0.0,150,100.0
2026-07-13 09:28:43,5324,366,2,0.0,150,100.0
2026-07-13 09:28:44,5325,366,3,0.0,150,100.0
2026-07-13 09:28:45,5326,366,4,0.0,150,100.0
2026-07-13 09:28:46,5327,366,5,0.0,150,100.0
2026-07-13 09:28:47,5328,366,6,0.0,150,100.0
2026-07-13 09:28:48,5329,366,7,0.0,150,100.0
2026-07-13 09:28:49,5330,366,8,0.0,150,100.0
2026-07-13 09:28:50,5331,366,9,0.0,150,100.0
2026-07-13 09:28:51,5332,366,10,0.0,150,100.0
2026-07-13 09:28:52,5333,366,11,0.0,150,100.0
2026-07-13 09:28:53,5334,366,12,0.0,150,100.0
2026-07-13 09:28:54,5335,366,13,0.0,150,100.0
2026-07-13 09:28:55,5336,366,14,0.0,150,100.0
2026-07-13 09:28:56,5337,367,0,0.0,150,100.0
2026-07-13 09:28:57,5338,367,1,0.0,150,100.0
2026-07-13 09:28:58,5339,367,2,0.0,150,100.0
2026-07-13 09:28:59,5340,367,3,0.0,150,100.0
2026-07-13 09:29:00,5341,367,4,0.0,150,100.0
2026-07-13 09:29:01,5342,367,5,0.0,150,100.0
2026-07-13 09:29:02,5343,367,6,0.0,150,100.0
2026-07-13 09:29:03,5344,367,7,14.52,150,100.0
2026-07-13 09:29:04,5345,367,8,0.0,150,100.0
2026-07-13 09:29:05,5346,367,9,0.0,150,100.0
2026-07-13 09:29:06,5347,367,10,0.0,150,100.0
2026-07-13 09:29:07,5348,367,11,0.0,150,100.0
2026-07-13 09:29:08,5349,367,12,0.0,150,100.0
2026-07-13 09:29:09,5350,368,0,0.0,150,100.0
2026-07-13 09:29:10,5351,368,1,0.0,150,100.0
2026-07-13 09:29:11,5352,368,2,0.0,150,100.0
2026-07-13 09:29:12,5353,368,3,0.0,150,100.0
2026-07-13 09:29:13,5354,368,4,0.0,150,100.0
2026-07-13 09:29:14,5355,368,5,0.0,150,100.0
2026-07-13 09:29:15,5356,368,6,0.0,150,100.0
2026-07-13 09:29:16,5357,368,7,0.0,150,100.0
2026-07-13 09:29:17,5358,368,8,0.0,150,100.0
2026-07-13 09:29:18,5359,368,9,0.0,150,100.0
2026-07-13 09:29:19,5360,368,10,0.0,150,100.0
2026-07-13 09:29:20,5361,368,11,0.0,150,100.0
2026-07-13 09:29:21,5362,368,12,0.0,150,100.0
2026-07-13 09:29:22,5363,368,13,0.0,150,100.0
2026-07-13 09:29:23,5364,368,14,0.0,150,100.0
2026-07-13 09:29:24,5365,369,0,0.0,150,100.0
2026-07-13 09:29:25,5366,369,1,0.0,150,100.0
2026-07-13 09:29:26,5367,369,2,0.0,150,100.0
2026-07-13 09:29:27,5368,369,3,0.0,150,100.0
2026-07-13 09:29:28,5369,369,4,0.0,150,100.0
2026-07-13 09:29:29,5370,369,5,0.0,150,100.0
2026-07-13 09:29:30,5371,369,6,0.0,150,100.0
2026-07-13 09:29:31,5372,369,7,0.0,150,100.0
2026-07-13 09:29:32,5373,369,8,0.0,150,100.0
2026-07-13 09:29:33,5374,369,9,0.0,150,100.0
2026-07-13 09:29:34,5375,369,10,0.0,150,100.0
2026-07-13 09:29:35,5376,369,11,0.0,150,100.0
2026-07-13 09:29:36,5377,369,12,0.0,150,100.0
2026-07-13 09:29:37,5378,369,13,0.0,150,100.0
2026-07-13 09:29:38,5379,369,14,0.0,150,100.0
2026-07-13 09:29:39,5380,370,0,0.0,150,100.0
2026-07-13 09:29:40,5381,370,1,0.0,150,100.0
2026-07-13 09:29:41,5382,370,2,0.0,150,100.0
2026-07-13 09:29:42,5383,370,3,0.0,150,100.0
2026-07-13 09:29:43,5384,370,4,0.0,150,100.0
2026-07-13 09:29:44,5385,370,5,0.0,150,100.0
2026-07-13 09:29:45,5386,370,6,0.0,150,100.0
2026-07-13 09:29:46,5387,370,7,0.0,150,100.0
2026-07-13 09:29:47,5388,370,8,0.0,150,100.0
2026-07-13 09:29:48,5389,370,9,0.0,150,100.0
2026-07-13 09:29:49,5390,370,10,0.0,150,100.0
2026-07-13 09:29:50,5391,370,11,0.0,150,100.0
2026-07-13 09:29:51,5392,371,0,0.0,150,100.0
2026-07-13 09:29:52,5393,371,1,0.0,150,100.0
2026-07-13 09:29:53,5394,371,2,0.0,150,100.0
2026-07-13 09:29:54,5395,371,3,0.0,150,100.0
2026-07-13 09:29:55,5396,371,4,0.0,150,100.0
2026-07-13 09:29:56,5397,371,5,0.0,150,100.0
2026-07-13 09:29:57,5398,371,6,0.0,150,100.0
2026-07-13 09:29:58,5399,371,7,0.0,150,100.0
2026-07-13 09:29:59,5400,371,8,0.0,150,100.0
2026-07-13 09:30:00,5401,371,9,0.0,150,100.0
2026-07-13 09:30:01,5402,371,10,0.0,150,100.0
2026-07-13 09:30:02,5403,371,11,0.0,150,100.0
2026-07-13 09:30:03,5404,371,12,0.0,150,100.0
2026-07-13 09:30:04,5405,371,13,0.0,150,100.0
2026-07-13 09:30:05,5406,371,14,0.0,150,100.0
2026-07-13 09:30:06,5407,371,15,0.0,150,100.0
2026-07-13 09:30:07,5408,371,16,0.0,150,100.0
2026-07-13 09:30:08,5409,372,0,0.0,150,100.0
2026-07-13 09:30:09,5410,372,1,0.0,150,100.0
2026-07-13 09:30:10,5411,372,2,0.0,150,100.0
2026-07-13 09:30:11,5412,372,3,0.0,150,100.0
2026-07-13 09:30:12,5413,372,4,0.0,150,100.0
2026-07-13 09:30:13,5414,372,5,0.0,150,100.0
2026-07-13 09:30:14,5415,372,6,0.0,150,100.0
2026-07-13 09:30:15,5416,372,7,0.0,150,100.0
2026-07-13 09:30:16,5417,372,8,0.0,150,100.0
2026-07-13 09:30:17,5418,372,9,0.0,150,100.0
2026-07-13 09:30:18,5419,372,10,0.0,150,100.0
2026-07-13 09:30:19,5420,372,11,0.0,150,100.0
2026-07-13 09:30:20,5421,372,12,0.0,150,100.0
2026-07-13 09:30:21,5422,372,13,0.0,150,100.0
2026-07-13 09:30:22,5423,373,0,0.0,150,100.0
2026-07-13 09:30:23,5424,373,1,0.0,150,100.0
2026-07-13 09:30:24,5425,373,2,0.0,150,100.0
2026-07-13 09:30:25,5426,373,3,0.0,150,100.0
2026-07-13 09:30:26,5427,373,4,0.0,150,100.0
2026-07-13 09:30:27,5428,373,5,0.0,150,100.0
2026-07-13 09:30:28,5429,373,6,0.0,150,100.0
2026-07-13 09:30:29,5430,373,7,6.5,150,100.0
2026-07-13 09:30:30,5431,373,8,18.54,150,100.0
2026-07-13 09:30:31,5432,373,9,0.0,150,100.0
2026-07-13 09:30:32,5433,373,10,0.0,150,100.0
2026-07-13 09:30:33,5434,373,11,0.0,150,100.0
2026-07-13 09:30:34,5435,373,12,0.0,150,100.0
2026-07-13 09:30:35,5436,373,13,0.0,150,100.0
2026-07-13 09:30:36,5437,374,0,0.0,150,100.0
2026-07-13 09:30:37,5438,374,1,0.0,150,100.0
2026-07-13 09:30:38,5439,374,2,0.0,150,100.0
2026-07-13 09:30:39,5440,374,3,0.0,150,100.0
2026-07-13 09:30:40,5441,374,4,0.0,150,100.0
2026-07-13 09:30:41,5442,374,5,0.0,150,100.0
2026-07-13 09:30:42,5443,374,6,0.0,150,100.0
2026-07-13 09:30:43,5444,374,7,13.2,150,100.0
2026-07-13 09:30:44,5445,374,8,0.0,150,100.0
2026-07-13 09:30:45,5446,374,9,0.0,150,100.0
2026-07-13 09:30:46,5447,374,10,0.0,150,100.0
2026-07-13 09:30:47,5448,374,11,0.0,150,100.0
2026-07-13 09:30:48,5449,374,12,0.0,150,100.0
2026-07-13 09:30:49,5450,374,13,0.0,150,100.0
2026-07-13 09:30:50,5451,374,14,0.0,150,100.0
2026-07-13 09:30:51,5452,375,0,0.0,150,100.0
2026-07-13 09:30:52,5453,375,1,0.0,150,100.0
2026-07-13 09:30:53,5454,375,2,0.0,150,100.0
2026-07-13 09:30:54,5455,375,3,0.0,150,100.0
2026-07-13 09:30:55,5456,375,4,0.0,150,100.0
2026-07-13 09:30:56,5457,375,5,0.0,150,100.0
2026-07-13 09:30:57,5458,375,6,0.0,150,100.0
2026-07-13 09:30:58,5459,375,7,0.0,150,100.0
2026-07-13 09:30:59,5460,375,8,0.0,150,100.0
2026-07-13 09:31:00,5461,375,9,0.0,150,100.0
2026-07-13 09:31:01,5462,375,10,0.0,150,100.0
2026-07-13 09:31:02,5463,375,11,0.0,150,100.0
2026-07-13 09:31:03,5464,375,12,0.0,150,100.0
2026-07-13 09:31:04,5465,375,13,0.0,150,100.0
2026-07-13 09:31:05,5466,376,0,0.0,150,100.0
2026-07-13 09:31:06,5467,376,1,0.0,150,100.0
2026-07-13 09:31:07,5468,376,2,0.0,150,100.0
2026-07-13 09:31:08,5469,376,3,0.0,150,100.0
2026-07-13 09:31:09,5470,376,4,0.0,150,100.0
2026-07-13 09:31:10,5471,376,5,0.0,150,100.0
2026-07-13 09:31:11,5472,376,6,0.0,150,100.0
2026-07-13 09:31:12,5473,376,7,35.18,150,100.0
2026-07-13 09:31:13,5474,376,8,0.0,150,100.0
2026-07-13 09:31:14,5475,376,9,0.0,150,100.0
2026-07-13 09:31:15,5476,376,10,0.0,150,100.0
2026-07-13 09:31:16,5477,376,11,0.0,150,100.0
2026-07-13 09:31:17,5478,376,12,0.0,150,100.0
2026-07-13 09:31:18,5479,376,13,0.0,150,100.0
2026-07-13 09:31:19,5480,377,0,0.0,150,100.0
2026-07-13 09:31:20,5481,377,1,0.0,150,100.0
2026-07-13 09:31:21,5482,377,2,0.0,150,100.0
2026-07-13 09:31:22,5483,377,3,0.0,150,100.0
2026-07-13 09:31:23,5484,377,4,0.0,150,100.0
2026-07-13 09:31:24,5485,377,5,0.0,150,100.0
2026-07-13 09:31:25,5486,377,6,0.0,150,100.0
2026-07-13 09:31:26,5487,377,7,0.0,150,100.0
2026-07-13 09:31:27,5488,377,8,0.0,150,100.0
2026-07-13 09:31:28,5489,377,9,0.0,150,100.0
2026-07-13 09:31:29,5490,377,10,0.0,150,100.0
2026-07-13 09:31:30,5491,377,11,0.0,150,100.0
2026-07-13 09:31:31,5492,377,12,0.0,150,100.0
2026-07-13 09:31:32,5493,377,13,0.0,150,100.0
2026-07-13 09:31:33,5494,377,14,0.0,150,100.0
2026-07-13 09:31:34,5495,378,0,0.0,150,100.0
2026-07-13 09:31:35,5496,378,1,0.0,150,100.0
2026-07-13 09:31:36,5497,378,2,0.0,150,100.0
2026-07-13 09:31:37,5498,378,3,0.0,150,100.0
2026-07-13 09:31:38,5499,378,4,0.0,150,100.0
2026-07-13 09:31:39,5500,378,5,0.0,150,100.0
2026-07-13 09:31:40,5501,378,6,0.0,150,100.0
2026-07-13 09:31:41,5502,378,7,0.0,150,100.0
2026-07-13 09:31:42,5503,378,8,0.0,150,100.0
2026-07-13 09:31:43,5504,378,9,0.0,150,100.0
2026-07-13 09:31:44,5505,378,10,0.0,150,100.0
2026-07-13 09:31:45,5506,378,11,0.0,150,100.0
2026-07-13 09:31:46,5507,378,12,0.0,150,100.0
2026-07-13 09:31:47,5508,378,13,0.0,150,100.0
2026-07-13 09:31:48,5509,378,14,0.0,150,100.0
2026-07-13 09:31:49,5510,378,15,0.0,150,100.0
2026-07-13 09:31:50,5511,379,0,0.0,150,100.0
2026-07-13 09:31:51,5512,379,1,0.0,150,100.0
2026-07-13 09:31:52,5513,379,2,0.0,150,100.0
2026-07-13 09:31:53,5514,379,3,0.0,150,100.0
2026-07-13 09:31:54,5515,379,4,0.0,150,100.0
2026-07-13 09:31:55,5516,379,5,0.0,150,100.0
2026-07-13 09:31:56,5517,379,6,0.0,150,100.0
2026-07-13 09:31:57,5518,379,7,0.0,150,100.0
2026-07-13 09:31:58,5519,379,8,0.0,150,100.0
2026-07-13 09:31:59,5520,379,9,0.0,150,100.0
2026-07-13 09:32:00,5521,379,10,0.0,150,100.0
2026-07-13 09:32:01,5522,379,11,0.0,150,100.0
2026-07-13 09:32:02,5523,379,12,31.31,150,100.0
2026-07-13 09:32:03,5524,379,13,0.0,150,100.0
2026-07-13 09:32:04,5525,380,0,0.0,150,100.0
2026-07-13 09:32:05,5526,380,1,0.0,150,100.0
2026-07-13 09:32:06,5527,380,2,0.0,150,100.0
2026-07-13 09:32:07,5528,380,3,0.0,150,100.0
2026-07-13 09:32:08,5529,380,4,0.0,150,100.0
2026-07-13 09:32:09,5530,380,5,0.0,150,100.0
2026-07-13 09:32:10,5531,380,6,0.0,150,100.0
2026-07-13 09:32:11,5532,380,7,0.0,150,100.0
2026-07-13 09:32:12,5533,380,8,0.0,150,100.0
2026-07-13 09:32:13,5534,380,9,0.0,150,100.0
2026-07-13 09:32:14,5535,380,10,0.0,150,100.0
2026-07-13 09:32:15,5536,380,11,0.0,150,100.0
2026-07-13 09:32:16,5537,380,12,0.0,150,100.0
2026-07-13 09:32:17,5538,380,13,0.0,150,100.0
2026-07-13 09:32:18,5539,380,14,0.0,150,100.0
2026-07-13 09:32:19,5540,380,15,0.0,150,100.0
2026-07-13 09:32:20,5541,381,0,0.0,150,100.0
2026-07-13 09:32:21,5542,381,1,0.0,150,100.0
2026-07-13 09:32:22,5543,381,2,0.0,150,100.0
2026-07-13 09:32:23,5544,381,3,0.0,150,100.0
2026-07-13 09:32:24,5545,381,4,0.0,150,100.0
2026-07-13 09:32:25,5546,381,5,0.0,150,100.0
2026-07-13 09:32:26,5547,381,6,0.0,150,100.0
2026-07-13 09:32:27,5548,381,7,0.0,150,100.0
2026-07-13 09:32:28,5549,381,8,0.0,150,100.0
2026-07-13 09:32:29,5550,381,9,0.0,150,100.0
2026-07-13 09:32:30,5551,381,10,0.0,150,100.0
2026-07-13 09:32:31,5552,381,11,0.0,150,100.0
2026-07-13 09:32:32,5553,381,12,0.0,150,100.0
2026-07-13 09:32:33,5554,382,0,0.0,150,100.0
2026-07-13 09:32:34,5555,382,1,0.0,150,100.0
2026-07-13 09:32:35,5556,382,2,0.0,150,100.0
2026-07-13 09:32:36,5557,382,3,0.0,150,100.0
2026-07-13 09:32:37,5558,382,4,0.0,150,100.0
2026-07-13 09:32:38,5559,382,5,0.0,150,100.0
2026-07-13 09:32:39,5560,382,6,0.0,150,100.0
2026-07-13 09:32:40,5561,382,7,0.0,150,100.0
2026-07-13 09:32:41,5562,382,8,0.0,150,100.0
2026-07-13 09:32:42,5563,382,9,0.0,150,100.0
2026-07-13 09:32:43,5564,382,10,0.0,150,100.0
2026-07-13 09:32:44,5565,382,11,0.0,150,100.0
2026-07-13 09:32:45,5566,382,12,0.0,150,100.0
2026-07-13 09:32:46,5567,382,13,0.0,150,100.0
2026-07-13 09:32:47,5568,382,14,0.0,150,100.0
2026-07-13 09:32:48,5569,383,0,0.0,150,100.0
2026-07-13 09:32:49,5570,383,1,0.0,150,100.0
2026-07-13 09:32:50,5571,383,2,0.0,150,100.0
2026-07-13 09:32:51,5572,383,3,0.0,150,100.0
2026-07-13 09:32:52,5573,383,4,0.0,150,100.0
2026-07-13 09:32:53,5574,383,5,0.0,150,100.0
2026-07-13 09:32:54,5575,383,6,0.0,150,100.0
2026-07-13 09:32:55,5576,383,7,0.0,150,100.0
2026-07-13 09:32:56,5577,383,8,0.0,150,100.0
2026-07-13 09:32:57,5578,383,9,0.0,150,100.0
2026-07-13 09:32:58,5579,383,10,0.0,150,100.0
2026-07-13 09:32:59,5580,383,11,0.0,150,100.0
2026-07-13 09:33:00,5581,383,12,0.0,150,100.0
2026-07-13 09:33:01,5582,383,13,0.0,150,100.0
2026-07-13 09:33:02,5583,384,0,0.0,150,100.0
2026-07-13 09:33:03,5584,384,1,0.0,150,100.0
2026-07-13 09:33:04,5585,384,2,0.0,150,100.0
2026-07-13 09:33:05,5586,384,3,0.0,150,100.0
2026-07-13 09:33:06,5587,384,4,0.0,150,100.0
2026-07-13 09:33:07,5588,384,5,0.0,150,100.0
2026-07-13 09:33:08,5589,384,6,0.0,150,100.0
2026-07-13 09:33:09,5590,384,7,0.0,150,100.0
2026-07-13 09:33:10,5591,384,8,0.0,150,100.0
2026-07-13 09:33:11,5592,384,9,0.0,150,100.0
2026-07-13 09:33:12,5593,384,10,0.0,150,100.0
2026-07-13 09:33:13,5594,384,11,0.0,150,100.0
2026-07-13 09:33:14,5595,384,12,0.0,150,100.0
2026-07-13 09:33:15,5596,384,13,0.0,150,100.0
2026-07-13 09:33:16,5597,385,0,0.0,150,100.0
2026-07-13 09:33:17,5598,385,1,0.0,150,100.0
2026-07-13 09:33:18,5599,385,2,0.0,150,100.0
2026-07-13 09:33:19,5600,385,3,0.0,150,100.0
2026-07-13 09:33:20,5601,385,4,0.0,150,100.0
2026-07-13 09:33:21,5602,385,5,0.0,150,100.0
2026-07-13 09:33:22,5603,385,6,0.0,150,100.0
2026-07-13 09:33:23,5604,385,7,0.0,150,100.0
2026-07-13 09:33:24,5605,385,8,0.0,150,100.0
2026-07-13 09:33:25,5606,385,9,0.0,150,100.0
2026-07-13 09:33:26,5607,385,10,0.0,150,100.0
2026-07-13 09:33:27,5608,385,11,0.0,150,100.0
2026-07-13 09:33:28,5609,385,12,0.0,150,100.0
2026-07-13 09:33:29,5610,386,0,0.0,150,100.0
2026-07-13 09:33:30,5611,386,1,0.0,150,100.0
2026-07-13 09:33:31,5612,386,2,0.0,150,100.0
2026-07-13 09:33:32,5613,386,3,0.0,150,100.0
2026-07-13 09:33:33,5614,386,4,0.0,150,100.0
2026-07-13 09:33:34,5615,386,5,0.0,150,100.0
2026-07-13 09:33:35,5616,386,6,0.0,150,100.0
2026-07-13 09:33:36,5617,386,7,0.0,150,100.0
2026-07-13 09:33:37,5618,386,8,0.0,150,100.0
2026-07-13 09:33:38,5619,386,9,0.0,150,100.0
2026-07-13 09:33:39,5620,386,10,0.0,150,100.0
2026-07-13 09:33:40,5621,386,11,0.0,150,100.0
2026-07-13 09:33:41,5622,386,12,0.0,150,100.0
2026-07-13 09:33:42,5623,386,13,0.0,150,100.0
2026-07-13 09:33:43,5624,386,14,0.0,150,100.0
2026-07-13 09:33:44,5625,386,15,0.0,150,100.0
2026-07-13 09:33:45,5626,387,0,0.0,150,100.0
2026-07-13 09:33:46,5627,387,1,0.0,150,100.0
2026-07-13 09:33:47,5628,387,2,0.0,150,100.0
2026-07-13 09:33:48,5629,387,3,0.0,150,100.0
2026-07-13 09:33:49,5630,387,4,0.0,150,100.0
2026-07-13 09:33:50,5631,387,5,0.0,150,100.0
2026-07-13 09:33:51,5632,387,6,0.0,150,100.0
2026-07-13 09:33:52,5633,387,7,0.0,150,100.0
2026-07-13 09:33:53,5634,387,8,0.0,150,100.0
2026-07-13 09:33:54,5635,387,9,0.0,150,100.0
2026-07-13 09:33:55,5636,387,10,0.0,150,100.0
2026-07-13 09:33:56,5637,387,11,0.0,150,100.0
2026-07-13 09:33:57,5638,387,12,0.0,150,100.0
2026-07-13 09:33:58,5639,387,13,0.0,150,100.0
2026-07-13 09:33:59,5640,388,0,0.0,150,100.0
2026-07-13 09:34:00,5641,388,1,0.0,150,100.0
2026-07-13 09:34:01,5642,388,2,0.0,150,100.0
2026-07-13 09:34:02,5643,388,3,0.0,150,100.0
2026-07-13 09:34:03,5644,388,4,0.0,150,100.0
2026-07-13 09:34:04,5645,388,5,0.0,150,100.0
2026-07-13 09:34:05,5646,388,6,0.0,150,100.0
2026-07-13 09:34:06,5647,388,7,0.0,150,100.0
2026-07-13 09:34:07,5648,388,8,0.0,150,100.0
2026-07-13 09:34:08,5649,388,9,0.0,150,100.0
2026-07-13 09:34:09,5650,388,10,0.0,150,100.0
2026-07-13 09:34:10,5651,388,11,0.0,150,100.0
2026-07-13 09:34:11,5652,388,12,0.0,150,100.0
2026-07-13 09:34:12,5653,388,13,0.0,150,100.0
2026-07-13 09:34:13,5654,389,0,0.0,150,100.0
2026-07-13 09:34:14,5655,389,1,0.0,150,100.0
2026-07-13 09:34:15,5656,389,2,0.0,150,100.0
2026-07-13 09:34:16,5657,389,3,0.0,150,100.0
2026-07-13 09:34:17,5658,389,4,0.0,150,100.0
2026-07-13 09:34:18,5659,389,5,0.0,150,100.0
2026-07-13 09:34:19,5660,389,6,0.0,150,100.0
2026-07-13 09:34:20,5661,389,7,0.0,150,100.0
2026-07-13 09:34:21,5662,389,8,0.0,150,100.0
2026-07-13 09:34:22,5663,389,9,0.0,150,100.0
2026-07-13 09:34:23,5664,389,10,0.0,150,100.0
2026-07-13 09:34:24,5665,389,11,0.0,150,100.0
2026-07-13 09:34:25,5666,389,12,0.0,150,100.0
2026-07-13 09:34:26,5667,389,13,0.0,150,100.0
2026-07-13 09:34:27,5668,390,0,0.0,150,100.0
2026-07-13 09:34:28,5669,390,1,0.0,150,100.0
2026-07-13 09:34:29,5670,390,2,0.0,150,100.0
2026-07-13 09:34:30,5671,390,3,0.0,150,100.0
2026-07-13 09:34:31,5672,390,4,0.0,150,100.0
2026-07-13 09:34:32,5673,390,5,0.0,150,100.0
2026-07-13 09:34:33,5674,390,6,0.0,150,100.0
2026-07-13 09:34:34,5675,390,7,0.0,150,100.0
2026-07-13 09:34:35,5676,390,8,0.0,150,100.0
2026-07-13 09:34:36,5677,390,9,0.0,150,100.0
2026-07-13 09:34:37,5678,390,10,0.0,150,100.0
2026-07-13 09:34:38,5679,390,11,0.0,150,100.0
2026-07-13 09:34:39,5680,391,0,0.0,150,100.0
2026-07-13 09:34:40,5681,391,1,0.0,150,100.0
2026-07-13 09:34:41,5682,391,2,0.0,150,100.0
2026-07-13 09:34:42,5683,391,3,0.0,150,100.0
2026-07-13 09:34:43,5684,391,4,0.0,150,100.0
2026-07-13 09:34:44,5685,391,5,0.0,150,100.0
2026-07-13 09:34:45,5686,391,6,0.0,150,100.0
2026-07-13 09:34:46,5687,391,7,0.0,150,100.0
2026-07-13 09:34:47,5688,391,8,0.0,150,100.0
2026-07-13 09:34:48,5689,391,9,0.0,150,100.0
2026-07-13 09:34:49,5690,391,10,0.0,150,100.0
2026-07-13 09:34:50,5691,391,11,0.0,150,100.0
2026-07-13 09:34:51,5692,391,12,0.0,150,100.0
2026-07-13 09:34:52,5693,391,13,0.0,150,100.0
2026-07-13 09:34:53,5694,391,14,0.0,150,100.0
2026-07-13 09:34:54,5695,392,0,0.0,150,100.0
2026-07-13 09:34:55,5696,392,1,0.0,150,100.0
2026-07-13 09:34:56,5697,392,2,0.0,150,100.0
2026-07-13 09:34:57,5698,392,3,0.0,150,100.0
2026-07-13 09:34:58,5699,392,4,0.0,150,100.0
2026-07-13 09:34:59,5700,392,5,0.0,150,100.0
2026-07-13 09:35:00,5701,392,6,0.0,150,100.0
2026-07-13 09:35:01,5702,392,7,0.0,150,100.0
2026-07-13 09:35:02,5703,392,8,0.0,150,100.0
2026-07-13 09:35:03,5704,392,9,0.0,150,100.0
2026-07-13 09:35:04,5705,392,10,0.0,150,100.0
2026-07-13 09:35:05,5706,392,11,0.0,150,100.0
2026-07-13 09:35:06,5707,392,12,0.0,150,100.0
2026-07-13 09:35:07,5708,392,13,0.0,150,100.0
2026-07-13 09:35:08,5709,393,0,0.0,150,100.0
2026-07-13 09:35:09,5710,393,1,0.0,150,100.0
2026-07-13 09:35:10,5711,393,2,0.0,150,100.0
2026-07-13 09:35:11,5712,393,3,0.0,150,100.0
2026-07-13 09:35:12,5713,393,4,0.0,150,100.0
2026-07-13 09:35:13,5714,393,5,0.0,150,100.0
2026-07-13 09:35:14,5715,393,6,0.0,150,100.0
2026-07-13 09:35:15,5716,393,7,0.0,150,100.0
2026-07-13 09:35:16,5717,393,8,0.0,150,100.0
2026-07-13 09:35:17,5718,393,9,0.0,150,100.0
2026-07-13 09:35:18,5719,393,10,0.0,150,100.0
2026-07-13 09:35:19,5720,393,11,0.0,150,100.0
2026-07-13 09:35:20,5721,393,12,0.0,150,100.0
2026-07-13 09:35:21,5722,393,13,0.0,150,100.0
2026-07-13 09:35:22,5723,393,14,0.0,150,100.0
2026-07-13 09:35:23,5724,394,0,0.0,150,100.0
2026-07-13 09:35:24,5725,394,1,0.0,150,100.0
2026-07-13 09:35:25,5726,394,2,0.0,150,100.0
2026-07-13 09:35:26,5727,394,3,0.0,150,100.0
2026-07-13 09:35:27,5728,394,4,0.0,150,100.0
2026-07-13 09:35:28,5729,394,5,0.0,150,100.0
2026-07-13 09:35:29,5730,394,6,0.0,150,100.0
2026-07-13 09:35:30,5731,394,7,0.0,150,100.0
2026-07-13 09:35:31,5732,394,8,0.0,150,100.0
2026-07-13 09:35:32,5733,394,9,0.0,150,100.0
2026-07-13 09:35:33,5734,394,10,0.0,150,100.0
2026-07-13 09:35:34,5735,394,11,0.0,150,100.0
2026-07-13 09:35:35,5736,394,12,0.0,150,100.0
2026-07-13 09:35:36,5737,395,0,0.0,150,100.0
2026-07-13 09:35:37,5738,395,1,0.0,150,100.0
2026-07-13 09:35:38,5739,395,2,0.0,150,100.0
2026-07-13 09:35:39,5740,395,3,0.0,150,100.0
2026-07-13 09:35:40,5741,395,4,0.0,150,100.0
2026-07-13 09:35:41,5742,395,5,0.0,150,100.0
2026-07-13 09:35:42,5743,395,6,0.0,150,100.0
2026-07-13 09:35:43,5744,395,7,0.0,150,100.0
2026-07-13 09:35:44,5745,395,8,0.0,150,100.0
2026-07-13 09:35:45,5746,395,9,0.0,150,100.0
2026-07-13 09:35:46,5747,395,10,0.0,150,100.0
2026-07-13 09:35:47,5748,395,11,0.0,150,100.0
2026-07-13 09:35:48,5749,395,12,0.0,150,100.0
2026-07-13 09:35:49,5750,395,13,0.0,150,100.0
2026-07-13 09:35:50,5751,395,14,0.0,150,100.0
2026-07-13 09:35:51,5752,396,0,0.0,150,100.0
2026-07-13 09:35:52,5753,396,1,0.0,150,100.0
2026-07-13 09:35:53,5754,396,2,0.0,150,100.0
2026-07-13 09:35:54,5755,396,3,0.0,150,100.0
2026-07-13 09:35:55,5756,396,4,0.0,150,100.0
2026-07-13 09:35:56,5757,396,5,0.0,150,100.0
2026-07-13 09:35:57,5758,396,6,0.0,150,100.0
2026-07-13 09:35:58,5759,396,7,0.0,150,100.0
2026-07-13 09:35:59,5760,396,8,0.0,150,100.0
2026-07-13 09:36:00,5761,396,9,0.0,150,100.0
2026-07-13 09:36:01,5762,396,10,0.0,150,100.0
2026-07-13 09:36:02,5763,396,11,0.0,150,100.0
2026-07-13 09:36:03,5764,396,12,0.0,150,100.0
2026-07-13 09:36:04,5765,396,13,0.0,150,100.0
2026-07-13 09:36:05,5766,397,0,0.0,150,100.0
2026-07-13 09:36:06,5767,397,1,0.0,150,100.0
2026-07-13 09:36:07,5768,397,2,0.0,150,100.0
2026-07-13 09:36:08,5769,397,3,0.0,150,100.0
2026-07-13 09:36:09,5770,397,4,0.0,150,100.0
2026-07-13 09:36:10,5771,397,5,0.0,150,100.0
2026-07-13 09:36:11,5772,397,6,0.0,150,100.0
2026-07-13 09:36:12,5773,397,7,0.0,150,100.0
2026-07-13 09:36:13,5774,397,8,0.0,150,100.0
2026-07-13 09:36:14,5775,397,9,23.19,150,100.0
2026-07-13 09:36:15,5776,397,10,10.09,150,100.0
2026-07-13 09:36:16,5777,397,11,0.0,150,100.0
2026-07-13 09:36:17,5778,397,12,0.0,150,100.0
2026-07-13 09:36:18,5779,397,13,0.0,150,100.0
2026-07-13 09:36:19,5780,398,0,0.0,150,100.0
2026-07-13 09:36:20,5781,398,1,35.12,150,100.0
2026-07-13 09:36:21,5782,398,2,100.0,150,100.0
2026-07-13 09:36:22,5783,398,3,57.16,150,100.0
2026-07-13 09:36:23,5784,398,4,31.11,150,100.0
2026-07-13 09:36:24,5785,398,5,0.0,150,100.0
2026-07-13 09:36:25,5786,398,6,0.0,150,100.0
2026-07-13 09:36:26,5787,398,7,0.0,150,100.0
2026-07-13 09:36:27,5788,398,8,0.0,150,100.0
2026-07-13 09:36:28,5789,398,9,64.16,150,100.0
2026-07-13 09:36:29,5790,398,10,0.0,150,100.0
2026-07-13 09:36:30,5791,398,11,0.0,150,100.0
2026-07-13 09:36:31,5792,398,12,0.0,150,100.0
2026-07-13 09:36:32,5793,398,13,0.0,150,100.0
2026-07-13 09:36:33,5794,398,14,0.0,150,100.0
2026-07-13 09:36:34,5795,399,0,100.0,150,100.0
2026-07-13 09:36:35,5796,399,1,0.0,150,100.0
2026-07-13 09:36:36,5797,399,2,21.3,150,100.0
2026-07-13 09:36:37,5798,399,3,87.26,150,100.0
2026-07-13 09:36:38,5799,399,4,43.9,150,100.0
2026-07-13 09:36:39,5800,399,5,0.0,150,100.0
2026-07-13 09:36:40,5801,399,6,0.0,150,100.0
2026-07-13 09:36:41,5802,399,7,0.0,150,100.0
2026-07-13 09:36:42,5803,399,8,100.0,150,100.0
2026-07-13 09:36:43,5804,399,9,0.0,150,100.0
2026-07-13 09:36:44,5805,399,10,0.0,150,100.0
2026-07-13 09:36:45,5806,399,11,0.0,150,100.0
2026-07-13 09:36:46,5807,399,12,2.49,150,100.0
2026-07-13 09:36:47,5808,399,13,67.22,150,100.0
2026-07-13 09:36:48,5809,399,14,100.0,150,100.0
2026-07-13 09:36:49,5810,399,15,0.0,150,100.0
2026-07-13 09:36:50,5811,400,0,100.0,150,100.0
2026-07-13 09:36:51,5812,400,1,100.0,150,100.0
2026-07-13 09:36:52,5813,400,2,14.08,150,100.0
2026-07-13 09:36:53,5814,400,3,0.0,150,100.0
2026-07-13 09:36:54,5815,400,4,0.0,150,100.0
2026-07-13 09:36:55,5816,400,5,0.0,150,100.0
2026-07-13 09:36:56,5817,400,6,94.56,150,100.0
2026-07-13 09:36:57,5818,400,7,0.0,150,100.0
2026-07-13 09:36:58,5819,400,8,0.0,150,100.0
2026-07-13 09:36:59,5820,400,9,0.0,150,100.0
2026-07-13 09:37:00,5821,400,10,0.0,150,100.0
2026-07-13 09:37:01,5822,400,11,0.0,150,100.0
2026-07-13 09:37:02,5823,400,12,0.0,150,100.0
2026-07-13 09:37:03,5824,400,13,0.0,150,100.0
2026-07-13 09:37:04,5825,400,14,0.0,150,100.0
2026-07-13 09:37:05,5826,400,15,0.0,150,100.0
2026-07-13 09:37:06,5827,400,16,0.0,150,100.0
2026-07-13 09:37:07,5828,401,0,0.0,150,100.0
2026-07-13 09:37:08,5829,401,1,0.0,150,100.0
2026-07-13 09:37:09,5830,401,2,29.42,150,100.0
2026-07-13 09:37:10,5831,401,3,0.0,150,100.0
2026-07-13 09:37:11,5832,401,4,0.0,150,100.0
2026-07-13 09:37:12,5833,401,5,0.0,150,100.0
2026-07-13 09:37:13,5834,401,6,0.0,150,100.0
2026-07-13 09:37:14,5835,401,7,0.0,150,100.0
2026-07-13 09:37:15,5836,401,8,0.0,150,100.0
2026-07-13 09:37:16,5837,401,9,0.0,150,100.0
2026-07-13 09:37:17,5838,401,10,0.0,150,100.0
2026-07-13 09:37:18,5839,401,11,0.0,150,100.0
2026-07-13 09:37:19,5840,401,12,0.0,150,100.0
2026-07-13 09:37:20,5841,401,13,0.0,150,100.0
2026-07-13 09:37:21,5842,402,0,0.0,150,100.0
2026-07-13 09:37:22,5843,402,1,0.0,150,100.0
2026-07-13 09:37:23,5844,402,2,0.23,150,100.0
2026-07-13 09:37:24,5845,402,3,29.09,150,100.0
2026-07-13 09:37:25,5846,402,4,0.0,150,100.0
2026-07-13 09:37:26,5847,402,5,0.0,150,100.0
2026-07-13 09:37:27,5848,402,6,0.0,150,100.0
2026-07-13 09:37:28,5849,402,7,0.0,150,100.0
2026-07-13 09:37:29,5850,402,8,0.0,150,100.0
2026-07-13 09:37:30,5851,402,9,0.0,150,100.0
2026-07-13 09:37:31,5852,402,10,0.0,150,100.0
2026-07-13 09:37:32,5853,402,11,0.0,150,100.0
2026-07-13 09:37:33,5854,402,12,0.0,150,100.0
2026-07-13 09:37:34,5855,403,0,0.0,150,100.0
2026-07-13 09:37:35,5856,403,1,0.0,150,100.0
2026-07-13 09:37:36,5857,403,2,0.0,150,100.0
2026-07-13 09:37:37,5858,403,3,0.86,150,100.0
2026-07-13 09:37:38,5859,403,4,55.6,150,100.0
2026-07-13 09:37:39,5860,403,5,95.33,150,100.0
2026-07-13 09:37:40,5861,403,6,0.0,150,100.0
2026-07-13 09:37:41,5862,403,7,0.0,150,100.0
2026-07-13 09:37:42,5863,403,8,0.0,150,100.0
2026-07-13 09:37:43,5864,403,9,24.27,150,100.0
2026-07-13 09:37:44,5865,403,10,0.0,150,100.0
2026-07-13 09:37:45,5866,403,11,0.0,150,100.0
2026-07-13 09:37:46,5867,403,12,0.0,150,100.0
2026-07-13 09:37:47,5868,403,13,0.0,150,100.0
2026-07-13 09:37:48,5869,403,14,0.0,150,100.0
2026-07-13 09:37:49,5870,403,15,0.0,150,100.0
2026-07-13 09:37:50,5871,403,16,0.0,150,100.0
2026-07-13 09:37:51,5872,404,0,0.0,150,100.0
2026-07-13 09:37:52,5873,404,1,18.53,150,100.0
2026-07-13 09:37:53,5874,404,2,0.0,150,100.0
2026-07-13 09:37:54,5875,404,3,0.0,150,100.0
2026-07-13 09:37:55,5876,404,4,0.0,150,100.0
2026-07-13 09:37:56,5877,404,5,0.0,150,100.0
2026-07-13 09:37:57,5878,404,6,0.0,150,100.0
2026-07-13 09:37:58,5879,404,7,0.0,150,100.0
2026-07-13 09:37:59,5880,404,8,0.0,150,100.0
2026-07-13 09:38:00,5881,404,9,0.0,150,100.0
2026-07-13 09:38:01,5882,404,10,0.0,150,100.0
2026-07-13 09:38:02,5883,404,11,0.0,150,100.0
2026-07-13 09:38:03,5884,405,0,0.0,150,100.0
2026-07-13 09:38:04,5885,405,1,0.0,150,100.0
2026-07-13 09:38:05,5886,405,2,0.0,150,100.0
2026-07-13 09:38:06,5887,405,3,0.0,150,100.0
2026-07-13 09:38:07,5888,405,4,0.0,150,100.0
2026-07-13 09:38:08,5889,405,5,0.0,150,100.0
2026-07-13 09:38:09,5890,405,6,0.0,150,100.0
2026-07-13 09:38:10,5891,405,7,0.0,150,100.0
2026-07-13 09:38:11,5892,405,8,0.0,150,100.0
2026-07-13 09:38:12,5893,405,9,0.0,150,100.0
2026-07-13 09:38:13,5894,405,10,0.0,150,100.0
2026-07-13 09:38:14,5895,405,11,0.0,150,100.0
2026-07-13 09:38:15,5896,405,12,0.0,150,100.0
2026-07-13 09:38:16,5897,405,13,0.0,150,100.0
2026-07-13 09:38:17,5898,405,14,0.0,150,100.0
2026-07-13 09:38:18,5899,406,0,0.0,150,100.0
2026-07-13 09:38:19,5900,406,1,0.0,150,100.0
2026-07-13 09:38:20,5901,406,2,0.0,150,100.0
2026-07-13 09:38:21,5902,406,3,0.0,150,100.0
2026-07-13 09:38:22,5903,406,4,0.0,150,100.0
2026-07-13 09:38:23,5904,406,5,0.0,150,100.0
2026-07-13 09:38:24,5905,406,6,0.0,150,100.0
2026-07-13 09:38:25,5906,406,7,0.0,150,100.0
2026-07-13 09:38:26,5907,406,8,0.0,150,100.0
2026-07-13 09:38:27,5908,406,9,0.0,150,100.0
2026-07-13 09:38:28,5909,406,10,0.0,150,100.0
2026-07-13 09:38:29,5910,406,11,0.0,150,100.0
2026-07-13 09:38:30,5911,406,12,0.0,150,100.0
2026-07-13 09:38:31,5912,406,13,0.0,150,100.0
2026-07-13 09:38:32,5913,407,0,0.0,150,100.0
2026-07-13 09:38:33,5914,407,1,0.0,150,100.0
2026-07-13 09:38:34,5915,407,2,0.0,150,100.0
2026-07-13 09:38:35,5916,407,3,0.0,150,100.0
2026-07-13 09:38:36,5917,407,4,0.0,150,100.0
2026-07-13 09:38:37,5918,407,5,0.0,150,100.0
2026-07-13 09:38:38,5919,407,6,0.0,150,100.0
2026-07-13 09:38:39,5920,407,7,0.0,150,100.0
2026-07-13 09:38:40,5921,407,8,0.0,150,100.0
2026-07-13 09:38:41,5922,407,9,0.0,150,100.0
2026-07-13 09:38:42,5923,407,10,0.0,150,100.0
2026-07-13 09:38:43,5924,407,11,0.0,150,100.0
2026-07-13 09:38:44,5925,407,12,0.0,150,100.0
2026-07-13 09:38:45,5926,408,0,0.0,150,100.0
2026-07-13 09:38:46,5927,408,1,0.0,150,100.0
2026-07-13 09:38:47,5928,408,2,0.0,150,100.0
2026-07-13 09:38:48,5929,408,3,0.0,150,100.0
2026-07-13 09:38:49,5930,408,4,0.0,150,100.0
2026-07-13 09:38:50,5931,408,5,0.0,150,100.0
2026-07-13 09:38:51,5932,408,6,0.0,150,100.0
2026-07-13 09:38:52,5933,408,7,0.0,150,100.0
2026-07-13 09:38:53,5934,408,8,0.0,150,100.0
2026-07-13 09:38:54,5935,408,9,0.0,150,100.0
2026-07-13 09:38:55,5936,408,10,0.0,150,100.0
2026-07-13 09:38:56,5937,408,11,0.0,150,100.0
2026-07-13 09:38:57,5938,408,12,0.0,150,100.0
2026-07-13 09:38:58,5939,408,13,0.0,150,100.0
2026-07-13 09:38:59,5940,409,0,0.0,150,100.0
2026-07-13 09:39:00,5941,409,1,0.0,150,100.0
2026-07-13 09:39:01,5942,409,2,0.0,150,100.0
2026-07-13 09:39:02,5943,409,3,0.0,150,100.0
2026-07-13 09:39:03,5944,409,4,0.0,150,100.0
2026-07-13 09:39:04,5945,409,5,0.0,150,100.0
2026-07-13 09:39:05,5946,409,6,0.0,150,100.0
2026-07-13 09:39:06,5947,409,7,0.0,150,100.0
2026-07-13 09:39:07,5948,409,8,0.0,150,100.0
2026-07-13 09:39:08,5949,409,9,0.0,150,100.0
2026-07-13 09:39:09,5950,409,10,0.0,150,100.0
2026-07-13 09:39:10,5951,409,11,0.0,150,100.0
2026-07-13 09:39:11,5952,409,12,0.0,150,100.0
2026-07-13 09:39:12,5953,409,13,0.0,150,100.0
2026-07-13 09:39:13,5954,409,14,0.0,150,100.0
2026-07-13 09:39:14,5955,409,15,0.0,150,100.0
2026-07-13 09:39:15,5956,410,0,0.0,150,100.0
2026-07-13 09:39:16,5957,410,1,0.0,150,100.0
2026-07-13 09:39:17,5958,410,2,0.0,150,100.0
2026-07-13 09:39:18,5959,410,3,0.0,150,100.0
2026-07-13 09:39:19,5960,410,4,0.0,150,100.0
2026-07-13 09:39:20,5961,410,5,0.0,150,100.0
2026-07-13 09:39:21,5962,410,6,0.0,150,100.0
2026-07-13 09:39:22,5963,410,7,0.0,150,100.0
2026-07-13 09:39:23,5964,410,8,0.0,150,100.0
2026-07-13 09:39:24,5965,410,9,0.0,150,100.0
2026-07-13 09:39:25,5966,410,10,0.0,150,100.0
2026-07-13 09:39:26,5967,410,11,0.0,150,100.0
2026-07-13 09:39:27,5968,410,12,0.0,150,100.0
2026-07-13 09:39:28,5969,411,0,0.0,150,100.0
2026-07-13 09:39:29,5970,411,1,0.0,150,100.0
2026-07-13 09:39:30,5971,411,2,0.0,150,100.0
2026-07-13 09:39:31,5972,411,3,0.0,150,100.0
2026-07-13 09:39:32,5973,411,4,0.0,150,100.0
2026-07-13 09:39:33,5974,411,5,0.0,150,100.0
2026-07-13 09:39:34,5975,411,6,0.0,150,100.0
2026-07-13 09:39:35,5976,411,7,0.0,150,100.0
2026-07-13 09:39:36,5977,411,8,0.0,150,100.0
2026-07-13 09:39:37,5978,411,9,0.0,150,100.0
2026-07-13 09:39:38,5979,411,10,0.0,150,100.0
2026-07-13 09:39:39,5980,411,11,0.0,150,100.0
2026-07-13 09:39:40,5981,411,12,0.0,150,100.0
2026-07-13 09:39:41,5982,411,13,0.0,150,100.0
2026-07-13 09:39:42,5983,412,0,0.0,150,100.0
2026-07-13 09:39:43,5984,412,1,0.0,150,100.0
2026-07-13 09:39:44,5985,412,2,0.0,150,100.0
2026-07-13 09:39:45,5986,412,3,0.0,150,100.0
2026-07-13 09:39:46,5987,412,4,0.0,150,100.0
2026-07-13 09:39:47,5988,412,5,0.0,150,100.0
2026-07-13 09:39:48,5989,412,6,0.0,150,100.0
2026-07-13 09:39:49,5990,412,7,0.0,150,100.0
2026-07-13 09:39:50,5991,412,8,0.0,150,100.0
2026-07-13 09:39:51,5992,412,9,0.0,150,100.0
2026-07-13 09:39:52,5993,412,10,0.0,150,100.0
2026-07-13 09:39:53,5994,412,11,0.0,150,100.0
2026-07-13 09:39:54,5995,412,12,0.0,150,100.0
2026-07-13 09:39:55,5996,413,0,0.0,150,100.0
2026-07-13 09:39:56,5997,413,1,0.0,150,100.0
2026-07-13 09:39:57,5998,413,2,0.0,150,100.0
2026-07-13 09:39:58,5999,413,3,0.0,150,100.0
2026-07-13 09:39:59,6000,413,4,0.0,150,100.0
2026-07-13 09:40:00,6001,413,5,0.0,150,100.0
2026-07-13 09:40:01,6002,413,6,0.0,150,100.0
2026-07-13 09:40:02,6003,413,7,0.0,150,100.0
2026-07-13 09:40:03,6004,413,8,0.0,150,100.0
2026-07-13 09:40:04,6005,413,9,0.0,150,100.0
2026-07-13 09:40:05,6006,413,10,0.0,150,100.0
2026-07-13 09:40:06,6007,413,11,0.0,150,100.0
2026-07-13 09:40:07,6008,413,12,0.0,150,100.0
2026-07-13 09:40:08,6009,413,13,0.0,150,100.0
2026-07-13 09:40:09,6010,413,14,0.0,150,100.0
2026-07-13 09:40:10,6011,414,0,0.0,150,100.0
2026-07-13 09:40:11,6012,414,1,0.0,150,100.0
2026-07-13 09:40:12,6013,414,2,0.0,150,100.0
2026-07-13 09:40:13,6014,414,3,0.0,150,100.0
2026-07-13 09:40:14,6015,414,4,0.0,150,100.0
2026-07-13 09:40:15,6016,414,5,0.0,150,100.0
2026-07-13 09:40:16,6017,414,6,0.0,150,100.0
2026-07-13 09:40:17,6018,414,7,0.0,150,100.0
2026-07-13 09:40:18,6019,414,8,0.0,150,100.0
2026-07-13 09:40:19,6020,414,9,0.0,150,100.0
2026-07-13 09:40:20,6021,414,10,0.0,150,100.0
2026-07-13 09:40:21,6022,414,11,0.0,150,100.0
2026-07-13 09:40:22,6023,414,12,0.0,150,100.0
2026-07-13 09:40:23,6024,414,13,0.0,150,100.0
2026-07-13 09:40:24,6025,414,14,0.0,150,100.0
2026-07-13 09:40:25,6026,414,15,32.66,150,100.0
2026-07-13 09:40:26,6027,415,0,0.0,150,100.0
2026-07-13 09:40:27,6028,415,1,0.0,150,100.0
2026-07-13 09:40:28,6029,415,2,0.0,150,100.0
2026-07-13 09:40:29,6030,415,3,0.0,150,100.0
2026-07-13 09:40:30,6031,415,4,0.0,150,100.0
2026-07-13 09:40:31,6032,415,5,0.0,150,100.0
2026-07-13 09:40:32,6033,415,6,0.0,150,100.0
2026-07-13 09:40:33,6034,415,7,0.0,150,100.0
2026-07-13 09:40:34,6035,415,8,34.46,150,100.0
2026-07-13 09:40:35,6036,415,9,0.0,150,100.0
2026-07-13 09:40:36,6037,415,10,0.0,150,100.0
2026-07-13 09:40:37,6038,415,11,0.0,150,100.0
2026-07-13 09:40:38,6039,415,12,0.0,150,100.0
2026-07-13 09:40:39,6040,415,13,44.35,150,100.0
2026-07-13 09:40:40,6041,415,14,0.0,150,100.0
2026-07-13 09:40:41,6042,415,15,0.0,150,100.0
2026-07-13 09:40:42,6043,416,0,0.0,150,100.0
2026-07-13 09:40:43,6044,416,1,0.0,150,100.0
2026-07-13 09:40:44,6045,416,2,0.0,150,100.0
2026-07-13 09:40:45,6046,416,3,0.0,150,100.0
2026-07-13 09:40:46,6047,416,4,0.0,150,100.0
2026-07-13 09:40:47,6048,416,5,9.35,150,100.0
2026-07-13 09:40:48,6049,416,6,15.59,150,100.0
2026-07-13 09:40:49,6050,416,7,0.0,150,100.0
2026-07-13 09:40:50,6051,416,8,0.0,150,100.0
2026-07-13 09:40:51,6052,416,9,0.0,150,100.0
2026-07-13 09:40:52,6053,416,10,0.0,150,100.0
2026-07-13 09:40:53,6054,416,11,0.0,150,100.0
2026-07-13 09:40:54,6055,416,12,0.0,150,100.0
2026-07-13 09:40:55,6056,416,13,0.0,150,100.0
2026-07-13 09:40:56,6057,416,14,0.0,150,100.0
2026-07-13 09:40:57,6058,416,15,0.0,150,100.0
2026-07-13 09:40:58,6059,417,0,0.0,150,100.0
2026-07-13 09:40:59,6060,417,1,0.0,150,100.0
2026-07-13 09:41:00,6061,417,2,0.0,150,100.0
2026-07-13 09:41:01,6062,417,3,14.3,150,100.0
2026-07-13 09:41:02,6063,417,4,0.0,150,100.0
2026-07-13 09:41:03,6064,417,5,0.0,150,100.0
2026-07-13 09:41:04,6065,417,6,0.0,150,100.0
2026-07-13 09:41:05,6066,417,7,0.0,150,100.0
2026-07-13 09:41:06,6067,417,8,0.0,150,100.0
2026-07-13 09:41:07,6068,417,9,0.0,150,100.0
2026-07-13 09:41:08,6069,417,10,0.0,150,100.0
2026-07-13 09:41:09,6070,417,11,0.0,150,100.0
2026-07-13 09:41:10,6071,417,12,0.0,150,100.0
2026-07-13 09:41:11,6072,417,13,0.0,150,100.0
2026-07-13 09:41:12,6073,417,14,0.0,150,100.0
2026-07-13 09:41:13,6074,417,15,0.0,150,100.0
2026-07-13 09:41:14,6075,418,0,0.0,150,100.0
2026-07-13 09:41:15,6076,418,1,1.14,150,100.0
2026-07-13 09:41:16,6077,418,2,53.98,150,100.0
2026-07-13 09:41:17,6078,418,3,0.0,150,100.0
2026-07-13 09:41:18,6079,418,4,0.0,150,100.0
2026-07-13 09:41:19,6080,418,5,0.0,150,100.0
2026-07-13 09:41:20,6081,418,6,0.0,150,100.0
2026-07-13 09:41:21,6082,418,7,0.0,150,100.0
2026-07-13 09:41:22,6083,418,8,0.0,150,100.0
2026-07-13 09:41:23,6084,418,9,0.0,150,100.0
2026-07-13 09:41:24,6085,418,10,0.0,150,100.0
2026-07-13 09:41:25,6086,418,11,0.0,150,100.0
2026-07-13 09:41:26,6087,418,12,0.0,150,100.0
2026-07-13 09:41:27,6088,418,13,0.0,150,100.0
2026-07-13 09:41:28,6089,418,14,0.0,150,100.0
2026-07-13 09:41:29,6090,418,15,0.0,150,100.0
2026-07-13 09:41:30,6091,419,0,0.0,150,100.0
2026-07-13 09:41:31,6092,419,1,0.0,150,100.0
2026-07-13 09:41:32,6093,419,2,0.0,150,100.0
2026-07-13 09:41:33,6094,419,3,0.0,150,100.0
2026-07-13 09:41:34,6095,419,4,0.0,150,100.0
2026-07-13 09:41:35,6096,419,5,0.0,150,100.0
2026-07-13 09:41:36,6097,419,6,0.0,150,100.0
2026-07-13 09:41:37,6098,419,7,0.0,150,100.0
2026-07-13 09:41:38,6099,419,8,0.0,150,100.0
2026-07-13 09:41:39,6100,419,9,0.0,150,100.0
2026-07-13 09:41:40,6101,419,10,0.0,150,100.0
2026-07-13 09:41:41,6102,419,11,0.0,150,100.0
2026-07-13 09:41:42,6103,419,12,0.0,150,100.0
2026-07-13 09:41:43,6104,419,13,0.0,150,100.0
2026-07-13 09:41:44,6105,420,0,0.0,150,100.0
2026-07-13 09:41:45,6106,420,1,15.5,150,100.0
2026-07-13 09:41:46,6107,420,2,0.0,150,100.0
2026-07-13 09:41:47,6108,420,3,0.0,150,100.0
2026-07-13 09:41:48,6109,420,4,0.0,150,100.0
2026-07-13 09:41:49,6110,420,5,0.0,150,100.0
2026-07-13 09:41:50,6111,420,6,0.0,150,100.0
2026-07-13 09:41:51,6112,420,7,0.0,150,100.0
2026-07-13 09:41:52,6113,420,8,0.0,150,100.0
2026-07-13 09:41:53,6114,420,9,0.0,150,100.0
2026-07-13 09:41:54,6115,420,10,0.0,150,100.0
2026-07-13 09:41:55,6116,420,11,0.0,150,100.0
2026-07-13 09:41:56,6117,420,12,0.0,150,100.0
2026-07-13 09:41:57,6118,421,0,0.0,150,100.0
2026-07-13 09:41:58,6119,421,1,0.0,150,100.0
2026-07-13 09:41:59,6120,421,2,0.0,150,100.0
2026-07-13 09:42:00,6121,421,3,0.0,150,100.0
2026-07-13 09:42:01,6122,421,4,0.0,150,100.0
2026-07-13 09:42:02,6123,421,5,0.0,150,100.0
2026-07-13 09:42:03,6124,421,6,0.0,150,100.0
2026-07-13 09:42:04,6125,421,7,0.0,150,100.0
2026-07-13 09:42:05,6126,421,8,0.0,150,100.0
2026-07-13 09:42:06,6127,421,9,0.0,150,100.0
2026-07-13 09:42:07,6128,421,10,0.0,150,100.0
2026-07-13 09:42:08,6129,421,11,0.0,150,100.0
2026-07-13 09:42:09,6130,421,12,0.0,150,100.0
2026-07-13 09:42:10,6131,421,13,0.0,150,100.0
2026-07-13 09:42:11,6132,421,14,0.0,150,100.0
2026-07-13 09:42:12,6133,421,15,0.0,150,100.0
2026-07-13 09:42:13,6134,421,16,0.0,150,100.0
2026-07-13 09:42:14,6135,422,0,0.0,150,100.0
2026-07-13 09:42:15,6136,422,1,0.0,150,100.0
2026-07-13 09:42:16,6137,422,2,0.0,150,100.0
2026-07-13 09:42:17,6138,422,3,0.0,150,100.0
2026-07-13 09:42:18,6139,422,4,0.0,150,100.0
2026-07-13 09:42:19,6140,422,5,0.0,150,100.0
2026-07-13 09:42:20,6141,422,6,0.0,150,100.0
2026-07-13 09:42:21,6142,422,7,0.0,150,100.0
2026-07-13 09:42:22,6143,422,8,0.0,150,100.0
2026-07-13 09:42:23,6144,422,9,0.0,150,100.0
2026-07-13 09:42:24,6145,422,10,0.0,150,100.0
2026-07-13 09:42:25,6146,422,11,0.0,150,100.0
2026-07-13 09:42:26,6147,422,12,0.0,150,100.0
2026-07-13 09:42:27,6148,422,13,0.0,150,100.0
2026-07-13 09:42:28,6149,422,14,0.0,150,100.0
2026-07-13 09:42:29,6150,422,15,0.0,150,100.0
2026-07-13 09:42:30,6151,422,16,0.0,150,100.0
2026-07-13 09:42:31,6152,423,0,0.0,150,100.0
2026-07-13 09:42:32,6153,423,1,0.0,150,100.0
2026-07-13 09:42:33,6154,423,2,0.0,150,100.0
2026-07-13 09:42:34,6155,423,3,0.0,150,100.0
2026-07-13 09:42:35,6156,423,4,0.0,150,100.0
2026-07-13 09:42:36,6157,423,5,0.0,150,100.0
2026-07-13 09:42:37,6158,423,6,0.0,150,100.0
2026-07-13 09:42:38,6159,423,7,0.0,150,100.0
2026-07-13 09:42:39,6160,423,8,0.0,150,100.0
2026-07-13 09:42:40,6161,423,9,0.0,150,100.0
2026-07-13 09:42:41,6162,423,10,0.0,150,100.0
2026-07-13 09:42:42,6163,423,11,0.0,150,100.0
2026-07-13 09:42:43,6164,424,0,0.0,150,100.0
2026-07-13 09:42:44,6165,424,1,0.0,150,100.0
2026-07-13 09:42:45,6166,424,2,0.0,150,100.0
2026-07-13 09:42:46,6167,424,3,0.0,150,100.0
2026-07-13 09:42:47,6168,424,4,0.0,150,100.0
2026-07-13 09:42:48,6169,424,5,0.0,150,100.0
2026-07-13 09:42:49,6170,424,6,0.0,150,100.0
2026-07-13 09:42:50,6171,424,7,0.0,150,100.0
2026-07-13 09:42:51,6172,424,8,0.0,150,100.0
2026-07-13 09:42:52,6173,424,9,0.0,150,100.0
2026-07-13 09:42:53,6174,424,10,0.0,150,100.0
2026-07-13 09:42:54,6175,424,11,0.0,150,100.0
2026-07-13 09:42:55,6176,424,12,0.0,150,100.0
2026-07-13 09:42:56,6177,424,13,0.0,150,100.0
2026-07-13 09:42:57,6178,424,14,0.0,150,100.0
2026-07-13 09:42:58,6179,425,0,0.0,150,100.0
2026-07-13 09:42:59,6180,425,1,0.0,150,100.0
2026-07-13 09:43:00,6181,425,2,0.0,150,100.0
2026-07-13 09:43:01,6182,425,3,0.0,150,100.0
2026-07-13 09:43:02,6183,425,4,47.47,150,100.0
2026-07-13 09:43:03,6184,425,5,0.0,150,100.0
2026-07-13 09:43:04,6185,425,6,0.0,150,100.0
2026-07-13 09:43:05,6186,425,7,0.0,150,100.0
2026-07-13 09:43:06,6187,425,8,0.0,150,100.0
2026-07-13 09:43:07,6188,425,9,0.0,150,100.0
2026-07-13 09:43:08,6189,425,10,0.0,150,100.0
2026-07-13 09:43:09,6190,425,11,0.0,150,100.0
2026-07-13 09:43:10,6191,425,12,0.0,150,100.0
2026-07-13 09:43:11,6192,425,13,0.0,150,100.0
2026-07-13 09:43:12,6193,426,0,0.0,150,100.0
2026-07-13 09:43:13,6194,426,1,0.0,150,100.0
2026-07-13 09:43:14,6195,426,2,0.0,150,100.0
2026-07-13 09:43:15,6196,426,3,0.0,150,100.0
2026-07-13 09:43:16,6197,426,4,0.0,150,100.0
2026-07-13 09:43:17,6198,426,5,0.0,150,100.0
2026-07-13 09:43:18,6199,426,6,0.0,150,100.0
2026-07-13 09:43:19,6200,426,7,0.0,150,100.0
2026-07-13 09:43:20,6201,426,8,0.0,150,100.0
2026-07-13 09:43:21,6202,426,9,0.0,150,100.0
2026-07-13 09:43:22,6203,426,10,0.0,150,100.0
2026-07-13 09:43:23,6204,426,11,0.0,150,100.0
2026-07-13 09:43:24,6205,426,12,0.0,150,100.0
2026-07-13 09:43:25,6206,427,0,0.0,150,100.0
2026-07-13 09:43:26,6207,427,1,0.0,150,100.0
2026-07-13 09:43:27,6208,427,2,0.0,150,100.0
2026-07-13 09:43:28,6209,427,3,0.0,150,100.0
2026-07-13 09:43:29,6210,427,4,0.0,150,100.0
2026-07-13 09:43:30,6211,427,5,0.0,150,100.0
2026-07-13 09:43:31,6212,427,6,0.0,150,100.0
2026-07-13 09:43:32,6213,427,7,0.0,150,100.0
2026-07-13 09:43:33,6214,427,8,0.0,150,100.0
2026-07-13 09:43:34,6215,427,9,0.0,150,100.0
2026-07-13 09:43:35,6216,427,10,0.0,150,100.0
2026-07-13 09:43:36,6217,427,11,0.0,150,100.0
2026-07-13 09:43:37,6218,427,12,0.0,150,100.0
2026-07-13 09:43:38,6219,427,13,0.0,150,100.0
2026-07-13 09:43:39,6220,427,14,0.0,150,100.0
2026-07-13 09:43:40,6221,428,0,0.0,150,100.0
2026-07-13 09:43:41,6222,428,1,0.0,150,100.0
2026-07-13 09:43:42,6223,428,2,0.0,150,100.0
2026-07-13 09:43:43,6224,428,3,0.0,150,100.0
2026-07-13 09:43:44,6225,428,4,0.0,150,100.0
2026-07-13 09:43:45,6226,428,5,0.0,150,100.0
2026-07-13 09:43:46,6227,428,6,0.0,150,100.0
2026-07-13 09:43:47,6228,428,7,0.0,150,100.0
2026-07-13 09:43:48,6229,428,8,0.0,150,100.0
2026-07-13 09:43:49,6230,428,9,0.0,150,100.0
2026-07-13 09:43:50,6231,428,10,0.0,150,100.0
2026-07-13 09:43:51,6232,428,11,0.0,150,100.0
2026-07-13 09:43:52,6233,428,12,0.0,150,100.0
2026-07-13 09:43:53,6234,428,13,0.0,150,100.0
2026-07-13 09:43:54,6235,428,14,0.0,150,100.0
2026-07-13 09:43:55,6236,429,0,0.0,150,100.0
2026-07-13 09:43:56,6237,429,1,0.0,150,100.0
2026-07-13 09:43:57,6238,429,2,0.0,150,100.0
2026-07-13 09:43:58,6239,429,3,0.0,150,100.0
2026-07-13 09:43:59,6240,429,4,0.0,150,100.0
2026-07-13 09:44:00,6241,429,5,0.0,150,100.0
2026-07-13 09:44:01,6242,429,6,0.0,150,100.0
2026-07-13 09:44:02,6243,429,7,0.0,150,100.0
2026-07-13 09:44:03,6244,429,8,0.0,150,100.0
2026-07-13 09:44:04,6245,429,9,0.0,150,100.0
2026-07-13 09:44:05,6246,429,10,0.0,150,100.0
2026-07-13 09:44:06,6247,429,11,0.0,150,100.0
2026-07-13 09:44:07,6248,429,12,0.0,150,100.0
2026-07-13 09:44:08,6249,429,13,0.0,150,100.0
2026-07-13 09:44:09,6250,430,0,0.0,150,100.0
2026-07-13 09:44:10,6251,430,1,0.0,150,100.0
2026-07-13 09:44:11,6252,430,2,0.0,150,100.0
2026-07-13 09:44:12,6253,430,3,0.0,150,100.0
2026-07-13 09:44:13,6254,430,4,0.0,150,100.0
2026-07-13 09:44:14,6255,430,5,0.0,150,100.0
2026-07-13 09:44:15,6256,430,6,0.0,150,100.0
2026-07-13 09:44:16,6257,430,7,0.0,150,100.0
2026-07-13 09:44:17,6258,430,8,0.0,150,100.0
2026-07-13 09:44:18,6259,430,9,0.0,150,100.0
2026-07-13 09:44:19,6260,430,10,0.0,150,100.0
2026-07-13 09:44:20,6261,430,11,0.0,150,100.0
2026-07-13 09:44:21,6262,430,12,0.0,150,100.0
2026-07-13 09:44:22,6263,430,13,0.0,150,100.0
2026-07-13 09:44:23,6264,431,0,0.0,150,100.0
2026-07-13 09:44:24,6265,431,1,0.0,150,100.0
2026-07-13 09:44:25,6266,431,2,0.0,150,100.0
2026-07-13 09:44:26,6267,431,3,0.0,150,100.0
2026-07-13 09:44:27,6268,431,4,0.0,150,100.0
2026-07-13 09:44:28,6269,431,5,0.0,150,100.0
2026-07-13 09:44:29,6270,431,6,0.0,150,100.0
2026-07-13 09:44:30,6271,431,7,0.0,150,100.0
2026-07-13 09:44:31,6272,431,8,0.0,150,100.0
2026-07-13 09:44:32,6273,431,9,0.0,150,100.0
2026-07-13 09:44:33,6274,431,10,0.0,150,100.0
2026-07-13 09:44:34,6275,431,11,0.0,150,100.0
2026-07-13 09:44:35,6276,431,12,0.0,150,100.0
2026-07-13 09:44:36,6277,431,13,0.0,150,100.0
2026-07-13 09:44:37,6278,431,14,0.0,150,100.0
2026-07-13 09:44:38,6279,431,15,0.0,150,100.0
2026-07-13 09:44:39,6280,432,0,0.0,150,100.0
2026-07-13 09:44:40,6281,432,1,0.0,150,100.0
2026-07-13 09:44:41,6282,432,2,0.0,150,100.0
2026-07-13 09:44:42,6283,432,3,0.0,150,100.0
2026-07-13 09:44:43,6284,432,4,0.0,150,100.0
2026-07-13 09:44:44,6285,432,5,0.0,150,100.0
2026-07-13 09:44:45,6286,432,6,20.96,150,100.0
2026-07-13 09:44:46,6287,432,7,0.0,150,100.0
2026-07-13 09:44:47,6288,432,8,0.0,150,100.0
2026-07-13 09:44:48,6289,432,9,0.0,150,100.0
2026-07-13 09:44:49,6290,432,10,0.0,150,100.0
2026-07-13 09:44:50,6291,432,11,0.0,150,100.0
2026-07-13 09:44:51,6292,432,12,0.0,150,100.0
2026-07-13 09:44:52,6293,433,0,0.0,150,100.0
2026-07-13 09:44:53,6294,433,1,0.0,150,100.0
2026-07-13 09:44:54,6295,433,2,0.0,150,100.0
2026-07-13 09:44:55,6296,433,3,0.0,150,100.0
2026-07-13 09:44:56,6297,433,4,0.0,150,100.0
2026-07-13 09:44:57,6298,433,5,0.0,150,100.0
2026-07-13 09:44:58,6299,433,6,0.0,150,100.0
2026-07-13 09:44:59,6300,433,7,0.0,150,100.0
2026-07-13 09:45:00,6301,433,8,66.07,150,100.0
2026-07-13 09:45:01,6302,433,9,0.0,150,100.0
2026-07-13 09:45:02,6303,433,10,0.0,150,100.0
2026-07-13 09:45:03,6304,433,11,0.0,150,100.0
2026-07-13 09:45:04,6305,433,12,0.0,150,100.0
2026-07-13 09:45:05,6306,433,13,0.0,150,100.0
2026-07-13 09:45:06,6307,433,14,0.0,150,100.0
2026-07-13 09:45:07,6308,433,15,0.0,150,100.0
2026-07-13 09:45:08,6309,434,0,0.0,150,100.0
2026-07-13 09:45:09,6310,434,1,0.0,150,100.0
2026-07-13 09:45:10,6311,434,2,0.0,150,100.0
2026-07-13 09:45:11,6312,434,3,0.0,150,100.0
2026-07-13 09:45:12,6313,434,4,0.0,150,100.0
2026-07-13 09:45:13,6314,434,5,33.0,150,100.0
2026-07-13 09:45:14,6315,434,6,70.69,150,100.0
2026-07-13 09:45:15,6316,434,7,0.0,150,100.0
2026-07-13 09:45:16,6317,434,8,0.0,150,100.0
2026-07-13 09:45:17,6318,434,9,0.0,150,100.0
2026-07-13 09:45:18,6319,434,10,0.0,150,100.0
2026-07-13 09:45:19,6320,434,11,48.75,150,100.0
2026-07-13 09:45:20,6321,434,12,0.0,150,100.0
2026-07-13 09:45:21,6322,434,13,0.0,150,100.0
2026-07-13 09:45:22,6323,435,0,0.0,150,100.0
2026-07-13 09:45:23,6324,435,1,0.0,150,100.0
2026-07-13 09:45:24,6325,435,2,0.0,150,100.0
2026-07-13 09:45:25,6326,435,3,0.0,150,100.0
2026-07-13 09:45:26,6327,435,4,0.0,150,100.0
2026-07-13 09:45:27,6328,435,5,23.6,150,100.0
2026-07-13 09:45:28,6329,435,6,73.86,150,100.0
2026-07-13 09:45:29,6330,435,7,97.89,150,100.0
2026-07-13 09:45:30,6331,435,8,0.0,150,100.0
2026-07-13 09:45:31,6332,435,9,0.0,150,100.0
2026-07-13 09:45:32,6333,435,10,0.0,150,100.0
2026-07-13 09:45:33,6334,435,11,3.44,150,100.0
2026-07-13 09:45:34,6335,435,12,0.0,150,100.0
2026-07-13 09:45:35,6336,435,13,0.0,150,100.0
2026-07-13 09:45:36,6337,436,0,0.0,150,100.0
2026-07-13 09:45:37,6338,436,1,0.0,150,100.0
2026-07-13 09:45:38,6339,436,2,0.0,150,100.0
2026-07-13 09:45:39,6340,436,3,0.0,150,100.0
2026-07-13 09:45:40,6341,436,4,0.0,150,100.0
2026-07-13 09:45:41,6342,436,5,0.0,150,100.0
2026-07-13 09:45:42,6343,436,6,50.98,150,100.0
2026-07-13 09:45:43,6344,436,7,0.0,150,100.0
2026-07-13 09:45:44,6345,436,8,0.0,150,100.0
2026-07-13 09:45:45,6346,436,9,0.0,150,100.0
2026-07-13 09:45:46,6347,436,10,0.0,150,100.0
2026-07-13 09:45:47,6348,436,11,0.0,150,100.0
2026-07-13 09:45:48,6349,436,12,0.0,150,100.0
2026-07-13 09:45:49,6350,436,13,0.0,150,100.0
2026-07-13 09:45:50,6351,436,14,0.0,150,100.0
2026-07-13 09:45:51,6352,437,0,0.0,150,100.0
2026-07-13 09:45:52,6353,437,1,0.0,150,100.0
2026-07-13 09:45:53,6354,437,2,0.0,150,100.0
2026-07-13 09:45:54,6355,437,3,0.0,150,100.0
2026-07-13 09:45:55,6356,437,4,0.0,150,100.0
2026-07-13 09:45:56,6357,437,5,0.0,150,100.0
2026-07-13 09:45:57,6358,437,6,0.0,150,100.0
2026-07-13 09:45:58,6359,437,7,0.0,150,100.0
2026-07-13 09:45:59,6360,437,8,0.0,150,100.0
2026-07-13 09:46:00,6361,437,9,0.0,150,100.0
2026-07-13 09:46:01,6362,437,10,0.0,150,100.0
2026-07-13 09:46:02,6363,437,11,0.0,150,100.0
2026-07-13 09:46:03,6364,437,12,0.0,150,100.0
2026-07-13 09:46:04,6365,437,13,0.0,150,100.0
2026-07-13 09:46:05,6366,438,0,0.0,150,100.0
2026-07-13 09:46:06,6367,438,1,0.0,150,100.0
2026-07-13 09:46:07,6368,438,2,0.0,150,100.0
2026-07-13 09:46:08,6369,438,3,0.0,150,100.0
2026-07-13 09:46:09,6370,438,4,0.0,150,100.0
2026-07-13 09:46:10,6371,438,5,0.0,150,100.0
2026-07-13 09:46:11,6372,438,6,7.99,150,100.0
2026-07-13 09:46:12,6373,438,7,0.0,150,100.0
2026-07-13 09:46:13,6374,438,8,0.0,150,100.0
2026-07-13 09:46:14,6375,438,9,0.0,150,100.0
2026-07-13 09:46:15,6376,438,10,0.0,150,100.0
2026-07-13 09:46:16,6377,438,11,0.0,150,100.0
2026-07-13 09:46:17,6378,438,12,0.0,150,100.0
2026-07-13 09:46:18,6379,438,13,0.0,150,100.0
2026-07-13 09:46:19,6380,439,0,0.0,150,100.0
2026-07-13 09:46:20,6381,439,1,0.0,150,100.0
2026-07-13 09:46:21,6382,439,2,0.0,150,100.0
2026-07-13 09:46:22,6383,439,3,0.0,150,100.0
2026-07-13 09:46:23,6384,439,4,0.0,150,100.0
2026-07-13 09:46:24,6385,439,5,0.0,150,100.0
2026-07-13 09:46:25,6386,439,6,0.0,150,100.0
2026-07-13 09:46:26,6387,439,7,0.0,150,100.0
2026-07-13 09:46:27,6388,439,8,0.0,150,100.0
2026-07-13 09:46:28,6389,439,9,0.0,150,100.0
2026-07-13 09:46:29,6390,439,10,0.0,150,100.0
2026-07-13 09:46:30,6391,439,11,0.0,150,100.0
2026-07-13 09:46:31,6392,439,12,0.0,150,100.0
2026-07-13 09:46:32,6393,439,13,0.0,150,100.0
2026-07-13 09:46:33,6394,440,0,0.0,150,100.0
2026-07-13 09:46:34,6395,440,1,0.0,150,100.0
2026-07-13 09:46:35,6396,440,2,0.0,150,100.0
2026-07-13 09:46:36,6397,440,3,0.0,150,100.0
2026-07-13 09:46:37,6398,440,4,0.0,150,100.0
2026-07-13 09:46:38,6399,440,5,0.0,150,100.0
2026-07-13 09:46:39,6400,440,6,0.0,150,100.0
2026-07-13 09:46:40,6401,440,7,6.07,150,100.0
2026-07-13 09:46:41,6402,440,8,0.0,150,100.0
2026-07-13 09:46:42,6403,440,9,0.0,150,100.0
2026-07-13 09:46:43,6404,440,10,0.0,150,100.0
2026-07-13 09:46:44,6405,440,11,0.0,150,100.0
2026-07-13 09:46:45,6406,440,12,0.0,150,100.0
2026-07-13 09:46:46,6407,440,13,0.0,150,100.0
2026-07-13 09:46:47,6408,441,0,0.0,150,100.0
2026-07-13 09:46:48,6409,441,1,0.0,150,100.0
2026-07-13 09:46:49,6410,441,2,0.0,150,100.0
2026-07-13 09:46:50,6411,441,3,0.0,150,100.0
2026-07-13 09:46:51,6412,441,4,0.0,150,100.0
2026-07-13 09:46:52,6413,441,5,0.0,150,100.0
2026-07-13 09:46:53,6414,441,6,0.0,150,100.0
2026-07-13 09:46:54,6415,441,7,0.0,150,100.0
2026-07-13 09:46:55,6416,441,8,0.0,150,100.0
2026-07-13 09:46:56,6417,441,9,0.0,150,100.0
2026-07-13 09:46:57,6418,441,10,0.0,150,100.0
2026-07-13 09:46:58,6419,441,11,0.0,150,100.0
2026-07-13 09:46:59,6420,441,12,0.0,150,100.0
2026-07-13 09:47:00,6421,441,13,0.0,150,100.0
2026-07-13 09:47:01,6422,442,0,0.0,150,100.0
2026-07-13 09:47:02,6423,442,1,0.0,150,100.0
2026-07-13 09:47:03,6424,442,2,0.0,150,100.0
2026-07-13 09:47:04,6425,442,3,0.0,150,100.0
2026-07-13 09:47:05,6426,442,4,0.0,150,100.0
2026-07-13 09:47:06,6427,442,5,0.0,150,100.0
2026-07-13 09:47:07,6428,442,6,0.0,150,100.0
2026-07-13 09:47:08,6429,442,7,0.0,150,100.0
2026-07-13 09:47:09,6430,442,8,0.0,150,100.0
2026-07-13 09:47:10,6431,442,9,0.0,150,100.0
2026-07-13 09:47:11,6432,442,10,0.0,150,100.0
2026-07-13 09:47:12,6433,442,11,0.0,150,100.0
2026-07-13 09:47:13,6434,442,12,0.0,150,100.0
2026-07-13 09:47:14,6435,442,13,0.0,150,100.0
2026-07-13 09:47:15,6436,442,14,0.0,150,100.0
2026-07-13 09:47:16,6437,442,15,0.0,150,100.0
2026-07-13 09:47:17,6438,443,0,0.0,150,100.0
2026-07-13 09:47:18,6439,443,1,0.0,150,100.0
2026-07-13 09:47:19,6440,443,2,0.0,150,100.0
2026-07-13 09:47:20,6441,443,3,0.0,150,100.0
2026-07-13 09:47:21,6442,443,4,0.0,150,100.0
2026-07-13 09:47:22,6443,443,5,0.0,150,100.0
2026-07-13 09:47:23,6444,443,6,0.0,150,100.0
2026-07-13 09:47:24,6445,443,7,0.0,150,100.0
2026-07-13 09:47:25,6446,443,8,0.0,150,100.0
2026-07-13 09:47:26,6447,443,9,0.0,150,100.0
2026-07-13 09:47:27,6448,443,10,0.0,150,100.0
2026-07-13 09:47:28,6449,443,11,0.0,150,100.0
2026-07-13 09:47:29,6450,443,12,0.0,150,100.0
2026-07-13 09:47:30,6451,443,13,0.0,150,100.0
2026-07-13 09:47:31,6452,443,14,0.0,150,100.0
2026-07-13 09:47:32,6453,443,15,0.0,150,100.0
2026-07-13 09:47:33,6454,443,16,0.0,150,100.0
2026-07-13 09:47:34,6455,444,0,0.0,150,100.0
2026-07-13 09:47:35,6456,444,1,0.0,150,100.0
2026-07-13 09:47:36,6457,444,2,0.0,150,100.0
2026-07-13 09:47:37,6458,444,3,0.0,150,100.0
2026-07-13 09:47:38,6459,444,4,23.86,150,100.0
2026-07-13 09:47:39,6460,444,5,0.0,150,100.0
2026-07-13 09:47:40,6461,444,6,0.0,150,100.0
2026-07-13 09:47:41,6462,444,7,0.0,150,100.0
2026-07-13 09:47:42,6463,444,8,0.0,150,100.0
2026-07-13 09:47:43,6464,444,9,0.0,150,100.0
2026-07-13 09:47:44,6465,444,10,0.0,150,100.0
2026-07-13 09:47:45,6466,444,11,0.0,150,100.0
2026-07-13 09:47:46,6467,444,12,0.0,150,100.0
2026-07-13 09:47:47,6468,444,13,0.0,150,100.0
2026-07-13 09:47:48,6469,444,14,0.0,150,100.0
2026-07-13 09:47:49,6470,445,0,0.0,150,100.0
2026-07-13 09:47:50,6471,445,1,0.0,150,100.0
2026-07-13 09:47:51,6472,445,2,0.0,150,100.0
2026-07-13 09:47:52,6473,445,3,22.66,150,100.0
2026-07-13 09:47:53,6474,445,4,0.0,150,100.0
2026-07-13 09:47:54,6475,445,5,0.0,150,100.0
2026-07-13 09:47:55,6476,445,6,0.0,150,100.0
2026-07-13 09:47:56,6477,445,7,0.0,150,100.0
2026-07-13 09:47:57,6478,445,8,0.0,150,100.0
2026-07-13 09:47:58,6479,445,9,0.0,150,100.0
2026-07-13 09:47:59,6480,445,10,0.0,150,100.0
2026-07-13 09:48:00,6481,445,11,0.0,150,100.0
2026-07-13 09:48:01,6482,445,12,0.0,150,100.0
2026-07-13 09:48:02,6483,445,13,0.0,150,100.0
2026-07-13 09:48:03,6484,446,0,0.0,150,100.0
2026-07-13 09:48:04,6485,446,1,0.0,150,100.0
2026-07-13 09:48:05,6486,446,2,0.0,150,100.0
2026-07-13 09:48:06,6487,446,3,3.28,150,100.0
2026-07-13 09:48:07,6488,446,4,27.31,150,100.0
2026-07-13 09:48:08,6489,446,5,0.0,150,100.0
2026-07-13 09:48:09,6490,446,6,0.0,150,100.0
2026-07-13 09:48:10,6491,446,7,0.0,150,100.0
2026-07-13 09:48:11,6492,446,8,0.0,150,100.0
2026-07-13 09:48:12,6493,446,9,0.0,150,100.0
2026-07-13 09:48:13,6494,446,10,0.0,150,100.0
2026-07-13 09:48:14,6495,446,11,0.0,150,100.0
2026-07-13 09:48:15,6496,446,12,0.0,150,100.0
2026-07-13 09:48:16,6497,446,13,0.0,150,100.0
2026-07-13 09:48:17,6498,447,0,0.0,150,100.0
2026-07-13 09:48:18,6499,447,1,0.0,150,100.0
2026-07-13 09:48:19,6500,447,2,0.0,150,100.0
2026-07-13 09:48:20,6501,447,3,0.0,150,100.0
2026-07-13 09:48:21,6502,447,4,39.7,150,100.0
2026-07-13 09:48:22,6503,447,5,0.0,150,100.0
2026-07-13 09:48:23,6504,447,6,0.0,150,100.0
2026-07-13 09:48:24,6505,447,7,0.0,150,100.0
2026-07-13 09:48:25,6506,447,8,0.0,150,100.0
2026-07-13 09:48:26,6507,447,9,0.0,150,100.0
2026-07-13 09:48:27,6508,447,10,0.0,150,100.0
2026-07-13 09:48:28,6509,447,11,0.0,150,100.0
2026-07-13 09:48:29,6510,447,12,0.0,150,100.0
2026-07-13 09:48:30,6511,447,13,0.0,150,100.0
2026-07-13 09:48:31,6512,448,0,0.0,150,100.0
2026-07-13 09:48:32,6513,448,1,0.0,150,100.0
2026-07-13 09:48:33,6514,448,2,0.0,150,100.0
2026-07-13 09:48:34,6515,448,3,0.0,150,100.0
2026-07-13 09:48:35,6516,448,4,3.16,150,100.0
2026-07-13 09:48:36,6517,448,5,55.52,150,100.0
2026-07-13 09:48:37,6518,448,6,0.0,150,100.0
2026-07-13 09:48:38,6519,448,7,0.0,150,100.0
2026-07-13 09:48:39,6520,448,8,0.0,150,100.0
2026-07-13 09:48:40,6521,448,9,0.0,150,100.0
2026-07-13 09:48:41,6522,448,10,0.0,150,100.0
2026-07-13 09:48:42,6523,448,11,0.0,150,100.0
2026-07-13 09:48:43,6524,448,12,0.0,150,100.0
2026-07-13 09:48:44,6525,448,13,0.0,150,100.0
2026-07-13 09:48:45,6526,448,14,0.0,150,100.0
2026-07-13 09:48:46,6527,448,15,0.0,150,100.0
2026-07-13 09:48:47,6528,449,0,0.0,150,100.0
2026-07-13 09:48:48,6529,449,1,0.0,150,100.0
2026-07-13 09:48:49,6530,449,2,0.0,150,100.0
2026-07-13 09:48:50,6531,449,3,0.0,150,100.0
2026-07-13 09:48:51,6532,449,4,0.0,150,100.0
2026-07-13 09:48:52,6533,449,5,0.0,150,100.0
2026-07-13 09:48:53,6534,449,6,0.0,150,100.0
2026-07-13 09:48:54,6535,449,7,0.0,150,100.0
2026-07-13 09:48:55,6536,449,8,0.0,150,100.0
2026-07-13 09:48:56,6537,449,9,0.0,150,100.0
2026-07-13 09:48:57,6538,449,10,0.0,150,100.0
2026-07-13 09:48:58,6539,449,11,0.0,150,100.0
2026-07-13 09:48:59,6540,449,12,0.0,150,100.0
2026-07-13 09:49:00,6541,449,13,0.0,150,100.0
2026-07-13 09:49:01,6542,450,0,0.0,150,100.0
2026-07-13 09:49:02,6543,450,1,0.0,150,100.0
2026-07-13 09:49:03,6544,450,2,0.0,150,100.0
2026-07-13 09:49:04,6545,450,3,0.0,150,100.0
2026-07-13 09:49:05,6546,450,4,0.0,150,100.0
2026-07-13 09:49:06,6547,450,5,0.0,150,100.0
2026-07-13 09:49:07,6548,450,6,0.0,150,100.0
2026-07-13 09:49:08,6549,450,7,0.0,150,100.0
2026-07-13 09:49:09,6550,450,8,0.0,150,100.0
2026-07-13 09:49:10,6551,450,9,0.0,150,100.0
2026-07-13 09:49:11,6552,450,10,0.0,150,100.0
2026-07-13 09:49:12,6553,450,11,0.0,150,100.0
2026-07-13 09:49:13,6554,450,12,0.0,150,100.0
2026-07-13 09:49:14,6555,450,13,0.0,150,100.0
2026-07-13 09:49:15,6556,450,14,0.0,150,100.0
2026-07-13 09:49:16,6557,451,0,0.0,150,100.0
2026-07-13 09:49:17,6558,451,1,0.0,150,100.0
2026-07-13 09:49:18,6559,451,2,0.0,150,100.0
2026-07-13 09:49:19,6560,451,3,0.0,150,100.0
2026-07-13 09:49:20,6561,451,4,0.0,150,100.0
2026-07-13 09:49:21,6562,451,5,0.0,150,100.0
2026-07-13 09:49:22,6563,451,6,0.0,150,100.0
2026-07-13 09:49:23,6564,451,7,0.0,150,100.0
2026-07-13 09:49:24,6565,451,8,0.0,150,100.0
2026-07-13 09:49:25,6566,451,9,0.0,150,100.0
2026-07-13 09:49:26,6567,451,10,0.0,150,100.0
2026-07-13 09:49:27,6568,451,11,0.0,150,100.0
2026-07-13 09:49:28,6569,451,12,0.0,150,100.0
2026-07-13 09:49:29,6570,451,13,0.0,150,100.0
2026-07-13 09:49:30,6571,452,0,0.0,150,100.0
2026-07-13 09:49:31,6572,452,1,0.0,150,100.0
2026-07-13 09:49:32,6573,452,2,0.0,150,100.0
2026-07-13 09:49:33,6574,452,3,0.0,150,100.0
2026-07-13 09:49:34,6575,452,4,0.0,150,100.0
2026-07-13 09:49:35,6576,452,5,0.0,150,100.0
2026-07-13 09:49:36,6577,452,6,0.0,150,100.0
2026-07-13 09:49:37,6578,452,7,0.0,150,100.0
2026-07-13 09:49:38,6579,452,8,0.0,150,100.0
2026-07-13 09:49:39,6580,452,9,0.0,150,100.0
2026-07-13 09:49:40,6581,452,10,0.0,150,100.0
2026-07-13 09:49:41,6582,452,11,0.0,150,100.0
2026-07-13 09:49:42,6583,452,12,0.0,150,100.0
2026-07-13 09:49:43,6584,452,13,0.0,150,100.0
2026-07-13 09:49:44,6585,453,0,0.0,150,100.0
2026-07-13 09:49:45,6586,453,1,0.0,150,100.0
2026-07-13 09:49:46,6587,453,2,0.0,150,100.0
2026-07-13 09:49:47,6588,453,3,0.0,150,100.0
2026-07-13 09:49:48,6589,453,4,0.0,150,100.0
2026-07-13 09:49:49,6590,453,5,0.0,150,100.0
2026-07-13 09:49:50,6591,453,6,0.0,150,100.0
2026-07-13 09:49:51,6592,453,7,0.0,150,100.0
2026-07-13 09:49:52,6593,453,8,0.0,150,100.0
2026-07-13 09:49:53,6594,453,9,0.0,150,100.0
2026-07-13 09:49:54,6595,453,10,0.0,150,100.0
2026-07-13 09:49:55,6596,453,11,0.0,150,100.0
2026-07-13 09:49:56,6597,453,12,0.0,150,100.0
2026-07-13 09:49:57,6598,453,13,0.0,150,100.0
2026-07-13 09:49:58,6599,453,14,0.0,150,100.0
2026-07-13 09:49:59,6600,454,0,0.0,150,100.0
2026-07-13 09:50:00,6601,454,1,0.0,150,100.0
2026-07-13 09:50:01,6602,454,2,0.0,150,100.0
2026-07-13 09:50:02,6603,454,3,0.0,150,100.0
2026-07-13 09:50:03,6604,454,4,0.0,150,100.0
2026-07-13 09:50:04,6605,454,5,0.0,150,100.0
2026-07-13 09:50:05,6606,454,6,31.34,150,100.0
2026-07-13 09:50:06,6607,454,7,0.0,150,100.0
2026-07-13 09:50:07,6608,454,8,0.0,150,100.0
2026-07-13 09:50:08,6609,454,9,0.0,150,100.0
2026-07-13 09:50:09,6610,454,10,0.0,150,100.0
2026-07-13 09:50:10,6611,454,11,0.0,150,100.0
2026-07-13 09:50:11,6612,454,12,0.0,150,100.0
2026-07-13 09:50:12,6613,454,13,0.0,150,100.0
2026-07-13 09:50:13,6614,455,0,0.0,150,100.0
2026-07-13 09:50:14,6615,455,1,0.0,150,100.0
2026-07-13 09:50:15,6616,455,2,0.0,150,100.0
2026-07-13 09:50:16,6617,455,3,0.0,150,100.0
2026-07-13 09:50:17,6618,455,4,0.0,150,100.0
2026-07-13 09:50:18,6619,455,5,0.0,150,100.0
2026-07-13 09:50:19,6620,455,6,0.0,150,100.0
2026-07-13 09:50:20,6621,455,7,0.0,150,100.0
2026-07-13 09:50:21,6622,455,8,0.0,150,100.0
2026-07-13 09:50:22,6623,455,9,0.0,150,100.0
2026-07-13 09:50:23,6624,455,10,0.0,150,100.0
2026-07-13 09:50:24,6625,455,11,0.0,150,100.0
2026-07-13 09:50:25,6626,455,12,0.0,150,100.0
2026-07-13 09:50:26,6627,456,0,0.0,150,100.0
2026-07-13 09:50:27,6628,456,1,0.0,150,100.0
2026-07-13 09:50:28,6629,456,2,0.0,150,100.0
2026-07-13 09:50:29,6630,456,3,0.0,150,100.0
2026-07-13 09:50:30,6631,456,4,0.0,150,100.0
2026-07-13 09:50:31,6632,456,5,0.0,150,100.0
2026-07-13 09:50:32,6633,456,6,0.0,150,100.0
2026-07-13 09:50:33,6634,456,7,0.0,150,100.0
2026-07-13 09:50:34,6635,456,8,0.0,150,100.0
2026-07-13 09:50:35,6636,456,9,0.0,150,100.0
2026-07-13 09:50:36,6637,456,10,0.0,150,100.0
2026-07-13 09:50:37,6638,456,11,0.0,150,100.0
2026-07-13 09:50:38,6639,456,12,0.0,150,100.0
2026-07-13 09:50:39,6640,456,13,0.0,150,100.0
2026-07-13 09:50:40,6641,456,14,0.0,150,100.0
2026-07-13 09:50:41,6642,457,0,0.0,150,100.0
2026-07-13 09:50:42,6643,457,1,0.0,150,100.0
2026-07-13 09:50:43,6644,457,2,0.0,150,100.0
2026-07-13 09:50:44,6645,457,3,0.0,150,100.0
2026-07-13 09:50:45,6646,457,4,0.0,150,100.0
2026-07-13 09:50:46,6647,457,5,0.0,150,100.0
2026-07-13 09:50:47,6648,457,6,0.0,150,100.0
2026-07-13 09:50:48,6649,457,7,0.0,150,100.0
2026-07-13 09:50:49,6650,457,8,0.0,150,100.0
2026-07-13 09:50:50,6651,457,9,0.0,150,100.0
2026-07-13 09:50:51,6652,457,10,0.0,150,100.0
2026-07-13 09:50:52,6653,457,11,0.0,150,100.0
2026-07-13 09:50:53,6654,457,12,0.0,150,100.0
2026-07-13 09:50:54,6655,457,13,0.0,150,100.0
2026-07-13 09:50:55,6656,457,14,0.0,150,100.0
2026-07-13 09:50:56,6657,457,15,0.0,150,100.0
2026-07-13 09:50:57,6658,458,0,0.0,150,100.0
2026-07-13 09:50:58,6659,458,1,0.0,150,100.0
2026-07-13 09:50:59,6660,458,2,0.0,150,100.0
2026-07-13 09:51:00,6661,458,3,0.0,150,100.0
2026-07-13 09:51:01,6662,458,4,0.0,150,100.0
2026-07-13 09:51:02,6663,458,5,0.0,150,100.0
2026-07-13 09:51:03,6664,458,6,0.0,150,100.0
2026-07-13 09:51:04,6665,458,7,0.0,150,100.0
2026-07-13 09:51:05,6666,458,8,0.0,150,100.0
2026-07-13 09:51:06,6667,458,9,0.0,150,100.0
2026-07-13 09:51:07,6668,458,10,0.0,150,100.0
2026-07-13 09:51:08,6669,458,11,0.0,150,100.0
2026-07-13 09:51:09,6670,458,12,0.0,150,100.0
2026-07-13 09:51:10,6671,458,13,0.0,150,100.0
2026-07-13 09:51:11,6672,459,0,0.0,150,100.0
2026-07-13 09:51:12,6673,459,1,0.0,150,100.0
2026-07-13 09:51:13,6674,459,2,0.0,150,100.0
2026-07-13 09:51:14,6675,459,3,0.0,150,100.0
2026-07-13 09:51:15,6676,459,4,0.0,150,100.0
2026-07-13 09:51:16,6677,459,5,0.0,150,100.0
2026-07-13 09:51:17,6678,459,6,0.0,150,100.0
2026-07-13 09:51:18,6679,459,7,0.0,150,100.0
2026-07-13 09:51:19,6680,459,8,0.0,150,100.0
2026-07-13 09:51:20,6681,459,9,0.0,150,100.0
2026-07-13 09:51:21,6682,459,10,0.0,150,100.0
2026-07-13 09:51:22,6683,459,11,0.0,150,100.0
2026-07-13 09:51:23,6684,459,12,0.0,150,100.0
2026-07-13 09:51:24,6685,459,13,0.0,150,100.0
2026-07-13 09:51:25,6686,459,14,0.0,150,100.0
2026-07-13 09:51:26,6687,460,0,0.0,150,100.0
2026-07-13 09:51:27,6688,460,1,0.0,150,100.0
2026-07-13 09:51:28,6689,460,2,0.0,150,100.0
2026-07-13 09:51:29,6690,460,3,0.0,150,100.0
2026-07-13 09:51:30,6691,460,4,0.0,150,100.0
2026-07-13 09:51:31,6692,460,5,0.0,150,100.0
2026-07-13 09:51:32,6693,460,6,0.0,150,100.0
2026-07-13 09:51:33,6694,460,7,0.0,150,100.0
2026-07-13 09:51:34,6695,460,8,0.0,150,100.0
2026-07-13 09:51:35,6696,460,9,0.0,150,100.0
2026-07-13 09:51:36,6697,460,10,0.0,150,100.0
2026-07-13 09:51:37,6698,460,11,0.0,150,100.0
2026-07-13 09:51:38,6699,460,12,0.0,150,100.0
2026-07-13 09:51:39,6700,461,0,0.0,150,100.0
2026-07-13 09:51:40,6701,461,1,0.0,150,100.0
2026-07-13 09:51:41,6702,461,2,0.0,150,100.0
2026-07-13 09:51:42,6703,461,3,0.0,150,100.0
2026-07-13 09:51:43,6704,461,4,0.0,150,100.0
2026-07-13 09:51:44,6705,461,5,0.0,150,100.0
2026-07-13 09:51:45,6706,461,6,0.0,150,100.0
2026-07-13 09:51:46,6707,461,7,0.0,150,100.0
2026-07-13 09:51:47,6708,461,8,0.0,150,100.0
2026-07-13 09:51:48,6709,461,9,0.0,150,100.0
2026-07-13 09:51:49,6710,461,10,0.0,150,100.0
2026-07-13 09:51:50,6711,461,11,0.0,150,100.0
2026-07-13 09:51:51,6712,461,12,0.0,150,100.0
2026-07-13 09:51:52,6713,461,13,0.0,150,100.0
2026-07-13 09:51:53,6714,461,14,0.0,150,100.0
2026-07-13 09:51:54,6715,461,15,0.0,150,100.0
2026-07-13 09:51:55,6716,462,0,0.0,150,100.0
2026-07-13 09:51:56,6717,462,1,0.0,150,100.0
2026-07-13 09:51:57,6718,462,2,0.0,150,100.0
2026-07-13 09:51:58,6719,462,3,0.0,150,100.0
2026-07-13 09:51:59,6720,462,4,0.0,150,100.0
2026-07-13 09:52:00,6721,462,5,0.0,150,100.0
2026-07-13 09:52:01,6722,462,6,0.0,150,100.0
2026-07-13 09:52:02,6723,462,7,0.0,150,100.0
2026-07-13 09:52:03,6724,462,8,0.0,150,100.0
2026-07-13 09:52:04,6725,462,9,0.0,150,100.0
2026-07-13 09:52:05,6726,462,10,0.0,150,100.0
2026-07-13 09:52:06,6727,462,11,0.0,150,100.0
2026-07-13 09:52:07,6728,462,12,0.0,150,100.0
2026-07-13 09:52:08,6729,462,13,0.0,150,100.0
2026-07-13 09:52:09,6730,463,0,0.0,150,100.0
2026-07-13 09:52:10,6731,463,1,0.0,150,100.0
2026-07-13 09:52:11,6732,463,2,0.0,150,100.0
2026-07-13 09:52:12,6733,463,3,0.0,150,100.0
2026-07-13 09:52:13,6734,463,4,0.0,150,100.0
2026-07-13 09:52:14,6735,463,5,0.0,150,100.0
2026-07-13 09:52:15,6736,463,6,0.0,150,100.0
2026-07-13 09:52:16,6737,463,7,0.0,150,100.0
2026-07-13 09:52:17,6738,463,8,0.0,150,100.0
2026-07-13 09:52:18,6739,463,9,0.0,150,100.0
2026-07-13 09:52:19,6740,463,10,0.0,150,100.0
2026-07-13 09:52:20,6741,463,11,0.0,150,100.0
2026-07-13 09:52:21,6742,463,12,0.0,150,100.0
2026-07-13 09:52:22,6743,463,13,0.0,150,100.0
2026-07-13 09:52:23,6744,463,14,0.0,150,100.0
2026-07-13 09:52:24,6745,463,15,0.0,150,100.0
2026-07-13 09:52:25,6746,464,0,0.0,150,100.0
2026-07-13 09:52:26,6747,464,1,0.0,150,100.0
2026-07-13 09:52:27,6748,464,2,0.0,150,100.0
2026-07-13 09:52:28,6749,464,3,0.0,150,100.0
2026-07-13 09:52:29,6750,464,4,0.0,150,100.0
2026-07-13 09:52:30,6751,464,5,0.0,150,100.0
2026-07-13 09:52:31,6752,464,6,0.0,150,100.0
2026-07-13 09:52:32,6753,464,7,0.0,150,100.0
2026-07-13 09:52:33,6754,464,8,0.0,150,100.0
2026-07-13 09:52:34,6755,464,9,0.0,150,100.0
2026-07-13 09:52:35,6756,464,10,0.0,150,100.0
2026-07-13 09:52:36,6757,464,11,0.0,150,100.0
2026-07-13 09:52:37,6758,464,12,0.0,150,100.0
2026-07-13 09:52:38,6759,464,13,0.0,150,100.0
2026-07-13 09:52:39,6760,464,14,0.0,150,100.0
2026-07-13 09:52:40,6761,464,15,0.0,150,100.0
2026-07-13 09:52:41,6762,464,16,0.0,150,100.0
2026-07-13 09:52:42,6763,465,0,0.0,150,100.0
2026-07-13 09:52:43,6764,465,1,0.0,150,100.0
2026-07-13 09:52:44,6765,465,2,0.0,150,100.0
2026-07-13 09:52:45,6766,465,3,0.0,150,100.0
2026-07-13 09:52:46,6767,465,4,0.0,150,100.0
2026-07-13 09:52:47,6768,465,5,0.0,150,100.0
2026-07-13 09:52:48,6769,465,6,0.0,150,100.0
2026-07-13 09:52:49,6770,465,7,0.0,150,100.0
2026-07-13 09:52:50,6771,465,8,0.0,150,100.0
2026-07-13 09:52:51,6772,465,9,0.0,150,100.0
2026-07-13 09:52:52,6773,465,10,0.0,150,100.0
2026-07-13 09:52:53,6774,465,11,0.0,150,100.0
2026-07-13 09:52:54,6775,465,12,5.41,150,100.0
2026-07-13 09:52:55,6776,466,0,0.0,150,100.0
2026-07-13 09:52:56,6777,466,1,0.0,150,100.0
2026-07-13 09:52:57,6778,466,2,0.0,150,100.0
2026-07-13 09:52:58,6779,466,3,0.0,150,100.0
2026-07-13 09:52:59,6780,466,4,0.0,150,100.0
2026-07-13 09:53:00,6781,466,5,0.0,150,100.0
2026-07-13 09:53:01,6782,466,6,0.0,150,100.0
2026-07-13 09:53:02,6783,466,7,0.0,150,100.0
2026-07-13 09:53:03,6784,466,8,0.0,150,100.0
2026-07-13 09:53:04,6785,466,9,0.0,150,100.0
2026-07-13 09:53:05,6786,466,10,0.0,150,100.0
2026-07-13 09:53:06,6787,466,11,0.0,150,100.0
2026-07-13 09:53:07,6788,466,12,0.0,150,100.0
2026-07-13 09:53:08,6789,466,13,0.0,150,100.0
2026-07-13 09:53:09,6790,467,0,18.98,150,100.0
2026-07-13 09:53:10,6791,467,1,0.0,150,100.0
2026-07-13 09:53:11,6792,467,2,0.0,150,100.0
2026-07-13 09:53:12,6793,467,3,0.0,150,100.0
2026-07-13 09:53:13,6794,467,4,0.0,150,100.0
2026-07-13 09:53:14,6795,467,5,0.0,150,100.0
2026-07-13 09:53:15,6796,467,6,0.0,150,100.0
2026-07-13 09:53:16,6797,467,7,0.0,150,100.0
2026-07-13 09:53:17,6798,467,8,0.0,150,100.0
2026-07-13 09:53:18,6799,467,9,0.0,150,100.0
2026-07-13 09:53:19,6800,467,10,0.0,150,100.0
2026-07-13 09:53:20,6801,467,11,0.0,150,100.0
2026-07-13 09:53:21,6802,467,12,0.0,150,100.0
2026-07-13 09:53:22,6803,467,13,0.0,150,100.0
2026-07-13 09:53:23,6804,467,14,0.0,150,100.0
2026-07-13 09:53:24,6805,468,0,0.0,150,100.0
2026-07-13 09:53:25,6806,468,1,0.0,150,100.0
2026-07-13 09:53:26,6807,468,2,0.0,150,100.0
2026-07-13 09:53:27,6808,468,3,0.0,150,100.0
2026-07-13 09:53:28,6809,468,4,0.0,150,100.0
2026-07-13 09:53:29,6810,468,5,0.0,150,100.0
2026-07-13 09:53:30,6811,468,6,0.0,150,100.0
2026-07-13 09:53:31,6812,468,7,0.0,150,100.0
2026-07-13 09:53:32,6813,468,8,0.0,150,100.0
2026-07-13 09:53:33,6814,468,9,0.0,150,100.0
2026-07-13 09:53:34,6815,468,10,0.0,150,100.0
2026-07-13 09:53:35,6816,468,11,0.0,150,100.0
2026-07-13 09:53:36,6817,468,12,0.0,150,100.0
2026-07-13 09:53:37,6818,468,13,0.0,150,100.0
2026-07-13 09:53:38,6819,468,14,0.0,150,100.0
2026-07-13 09:53:39,6820,469,0,0.0,150,100.0
2026-07-13 09:53:40,6821,469,1,0.0,150,100.0
2026-07-13 09:53:41,6822,469,2,0.0,150,100.0
2026-07-13 09:53:42,6823,469,3,0.0,150,100.0
2026-07-13 09:53:43,6824,469,4,0.0,150,100.0
2026-07-13 09:53:44,6825,469,5,0.0,150,100.0
2026-07-13 09:53:45,6826,469,6,0.0,150,100.0
2026-07-13 09:53:46,6827,469,7,0.0,150,100.0
2026-07-13 09:53:47,6828,469,8,0.0,150,100.0
2026-07-13 09:53:48,6829,469,9,0.0,150,100.0
2026-07-13 09:53:49,6830,469,10,0.0,150,100.0
2026-07-13 09:53:50,6831,469,11,0.0,150,100.0
2026-07-13 09:53:51,6832,470,0,0.0,150,100.0
2026-07-13 09:53:52,6833,470,1,0.0,150,100.0
2026-07-13 09:53:53,6834,470,2,0.0,150,100.0
2026-07-13 09:53:54,6835,470,3,0.0,150,100.0
2026-07-13 09:53:55,6836,470,4,0.0,150,100.0
2026-07-13 09:53:56,6837,470,5,0.0,150,100.0
2026-07-13 09:53:57,6838,470,6,0.0,150,100.0
2026-07-13 09:53:58,6839,470,7,0.0,150,100.0
2026-07-13 09:53:59,6840,470,8,0.0,150,100.0
2026-07-13 09:54:00,6841,470,9,0.0,150,100.0
2026-07-13 09:54:01,6842,470,10,0.0,150,100.0
2026-07-13 09:54:02,6843,470,11,0.0,150,100.0
2026-07-13 09:54:03,6844,470,12,0.0,150,100.0
2026-07-13 09:54:04,6845,471,0,0.0,150,100.0
2026-07-13 09:54:05,6846,471,1,0.0,150,100.0
2026-07-13 09:54:06,6847,471,2,0.0,150,100.0
2026-07-13 09:54:07,6848,471,3,0.0,150,100.0
2026-07-13 09:54:08,6849,471,4,0.0,150,100.0
2026-07-13 09:54:09,6850,471,5,0.0,150,100.0
2026-07-13 09:54:10,6851,471,6,0.0,150,100.0
2026-07-13 09:54:11,6852,471,7,0.0,150,100.0
2026-07-13 09:54:12,6853,471,8,0.0,150,100.0
2026-07-13 09:54:13,6854,471,9,0.0,150,100.0
2026-07-13 09:54:14,6855,471,10,0.0,150,100.0
2026-07-13 09:54:15,6856,471,11,0.0,150,100.0
2026-07-13 09:54:16,6857,471,12,0.0,150,100.0
2026-07-13 09:54:17,6858,471,13,0.0,150,100.0
2026-07-13 09:54:18,6859,471,14,0.0,150,100.0
2026-07-13 09:54:19,6860,472,0,0.0,150,100.0
2026-07-13 09:54:20,6861,472,1,0.0,150,100.0
2026-07-13 09:54:21,6862,472,2,0.0,150,100.0
2026-07-13 09:54:22,6863,472,3,0.0,150,100.0
2026-07-13 09:54:23,6864,472,4,0.0,150,100.0
2026-07-13 09:54:24,6865,472,5,0.0,150,100.0
2026-07-13 09:54:25,6866,472,6,0.0,150,100.0
2026-07-13 09:54:26,6867,472,7,0.0,150,100.0
2026-07-13 09:54:27,6868,472,8,0.0,150,100.0
2026-07-13 09:54:28,6869,472,9,0.0,150,100.0
2026-07-13 09:54:29,6870,472,10,0.0,150,100.0
2026-07-13 09:54:30,6871,472,11,0.0,150,100.0
2026-07-13 09:54:31,6872,472,12,0.0,150,100.0
2026-07-13 09:54:32,6873,472,13,0.0,150,100.0
2026-07-13 09:54:33,6874,473,0,0.0,150,100.0
2026-07-13 09:54:34,6875,473,1,0.0,150,100.0
2026-07-13 09:54:35,6876,473,2,0.0,150,100.0
2026-07-13 09:54:36,6877,473,3,0.0,150,100.0
2026-07-13 09:54:37,6878,473,4,0.0,150,100.0
2026-07-13 09:54:38,6879,473,5,0.0,150,100.0
2026-07-13 09:54:39,6880,473,6,0.0,150,100.0
2026-07-13 09:54:40,6881,473,7,0.0,150,100.0
2026-07-13 09:54:41,6882,473,8,0.0,150,100.0
2026-07-13 09:54:42,6883,473,9,0.0,150,100.0
2026-07-13 09:54:43,6884,473,10,0.0,150,100.0
2026-07-13 09:54:44,6885,473,11,0.0,150,100.0
2026-07-13 09:54:45,6886,473,12,0.0,150,100.0
2026-07-13 09:54:46,6887,473,13,0.0,150,100.0
2026-07-13 09:54:47,6888,473,14,0.0,150,100.0
2026-07-13 09:54:48,6889,473,15,0.0,150,100.0
2026-07-13 09:54:49,6890,474,0,0.0,150,100.0
2026-07-13 09:54:50,6891,474,1,0.0,150,100.0
2026-07-13 09:54:51,6892,474,2,0.0,150,100.0
2026-07-13 09:54:52,6893,474,3,0.0,150,100.0
2026-07-13 09:54:53,6894,474,4,0.0,150,100.0
2026-07-13 09:54:54,6895,474,5,0.0,150,100.0
2026-07-13 09:54:55,6896,474,6,0.0,150,100.0
2026-07-13 09:54:56,6897,474,7,0.0,150,100.0
2026-07-13 09:54:57,6898,474,8,0.0,150,100.0
2026-07-13 09:54:58,6899,474,9,0.0,150,100.0
2026-07-13 09:54:59,6900,474,10,0.0,150,100.0
2026-07-13 09:55:00,6901,474,11,0.0,150,100.0
2026-07-13 09:55:01,6902,474,12,0.0,150,100.0
2026-07-13 09:55:02,6903,474,13,0.0,150,100.0
2026-07-13 09:55:03,6904,475,0,0.0,150,100.0
2026-07-13 09:55:04,6905,475,1,0.0,150,100.0
2026-07-13 09:55:05,6906,475,2,0.0,150,100.0
2026-07-13 09:55:06,6907,475,3,0.0,150,100.0
2026-07-13 09:55:07,6908,475,4,0.0,150,100.0
2026-07-13 09:55:08,6909,475,5,0.0,150,100.0
2026-07-13 09:55:09,6910,475,6,0.0,150,100.0
2026-07-13 09:55:10,6911,475,7,0.0,150,100.0
2026-07-13 09:55:11,6912,475,8,0.0,150,100.0
2026-07-13 09:55:12,6913,475,9,0.0,150,100.0
2026-07-13 09:55:13,6914,475,10,0.0,150,100.0
2026-07-13 09:55:14,6915,475,11,0.0,150,100.0
2026-07-13 09:55:15,6916,475,12,0.0,150,100.0
2026-07-13 09:55:16,6917,475,13,0.0,150,100.0
2026-07-13 09:55:17,6918,475,14,0.0,150,100.0
2026-07-13 09:55:18,6919,476,0,0.0,150,100.0
2026-07-13 09:55:19,6920,476,1,0.0,150,100.0
2026-07-13 09:55:20,6921,476,2,0.0,150,100.0
2026-07-13 09:55:21,6922,476,3,0.0,150,100.0
2026-07-13 09:55:22,6923,476,4,0.0,150,100.0
2026-07-13 09:55:23,6924,476,5,0.0,150,100.0
2026-07-13 09:55:24,6925,476,6,0.0,150,100.0
2026-07-13 09:55:25,6926,476,7,0.0,150,100.0
2026-07-13 09:55:26,6927,476,8,0.0,150,100.0
2026-07-13 09:55:27,6928,476,9,0.0,150,100.0
2026-07-13 09:55:28,6929,476,10,0.0,150,100.0
2026-07-13 09:55:29,6930,476,11,0.0,150,100.0
2026-07-13 09:55:30,6931,476,12,0.0,150,100.0
2026-07-13 09:55:31,6932,476,13,0.0,150,100.0
2026-07-13 09:55:32,6933,476,14,0.0,150,100.0
2026-07-13 09:55:33,6934,477,0,0.0,150,100.0
2026-07-13 09:55:34,6935,477,1,0.0,150,100.0
2026-07-13 09:55:35,6936,477,2,0.0,150,100.0
2026-07-13 09:55:36,6937,477,3,0.0,150,100.0
2026-07-13 09:55:37,6938,477,4,0.0,150,100.0
2026-07-13 09:55:38,6939,477,5,0.0,150,100.0
2026-07-13 09:55:39,6940,477,6,0.0,150,100.0
2026-07-13 09:55:40,6941,477,7,0.0,150,100.0
2026-07-13 09:55:41,6942,477,8,0.0,150,100.0
2026-07-13 09:55:42,6943,477,9,0.0,150,100.0
2026-07-13 09:55:43,6944,477,10,0.0,150,100.0
2026-07-13 09:55:44,6945,477,11,0.0,150,100.0
2026-07-13 09:55:45,6946,477,12,0.0,150,100.0
2026-07-13 09:55:46,6947,477,13,0.0,150,100.0
2026-07-13 09:55:47,6948,478,0,0.0,150,100.0
2026-07-13 09:55:48,6949,478,1,0.0,150,100.0
2026-07-13 09:55:49,6950,478,2,0.0,150,100.0
2026-07-13 09:55:50,6951,478,3,0.0,150,100.0
2026-07-13 09:55:51,6952,478,4,0.0,150,100.0
2026-07-13 09:55:52,6953,478,5,0.0,150,100.0
2026-07-13 09:55:53,6954,478,6,34.03,150,100.0
2026-07-13 09:55:54,6955,478,7,82.13,150,100.0
2026-07-13 09:55:55,6956,478,8,0.0,150,100.0
2026-07-13 09:55:56,6957,478,9,0.0,150,100.0
2026-07-13 09:55:57,6958,478,10,0.0,150,100.0
2026-07-13 09:55:58,6959,478,11,0.0,150,100.0
2026-07-13 09:55:59,6960,478,12,0.0,150,100.0
2026-07-13 09:56:00,6961,479,0,0.0,150,100.0
2026-07-13 09:56:01,6962,479,1,0.0,150,100.0
2026-07-13 09:56:02,6963,479,2,0.0,150,100.0
2026-07-13 09:56:03,6964,479,3,0.0,150,100.0
2026-07-13 09:56:04,6965,479,4,0.0,150,100.0
2026-07-13 09:56:05,6966,479,5,0.0,150,100.0
2026-07-13 09:56:06,6967,479,6,0.0,150,100.0
2026-07-13 09:56:07,6968,479,7,0.0,150,100.0
2026-07-13 09:56:08,6969,479,8,0.0,150,100.0
2026-07-13 09:56:09,6970,479,9,0.0,150,100.0
2026-07-13 09:56:10,6971,479,10,0.0,150,100.0
2026-07-13 09:56:11,6972,479,11,0.0,150,100.0
2026-07-13 09:56:12,6973,479,12,0.0,150,100.0
2026-07-13 09:56:13,6974,479,13,0.0,150,100.0
2026-07-13 09:56:14,6975,480,0,0.0,150,100.0
2026-07-13 09:56:15,6976,480,1,0.0,150,100.0
2026-07-13 09:56:16,6977,480,2,0.0,150,100.0
2026-07-13 09:56:17,6978,480,3,0.0,150,100.0
2026-07-13 09:56:18,6979,480,4,0.0,150,100.0
2026-07-13 09:56:19,6980,480,5,0.0,150,100.0
2026-07-13 09:56:20,6981,480,6,0.0,150,100.0
2026-07-13 09:56:21,6982,480,7,0.0,150,100.0
2026-07-13 09:56:22,6983,480,8,0.0,150,100.0
2026-07-13 09:56:23,6984,480,9,0.0,150,100.0
2026-07-13 09:56:24,6985,480,10,0.0,150,100.0
2026-07-13 09:56:25,6986,480,11,0.0,150,100.0
2026-07-13 09:56:26,6987,480,12,0.0,150,100.0
2026-07-13 09:56:27,6988,480,13,0.0,150,100.0
2026-07-13 09:56:28,6989,480,14,0.0,150,100.0
2026-07-13 09:56:29,6990,480,15,0.0,150,100.0
2026-07-13 09:56:30,6991,480,16,0.0,150,100.0
2026-07-13 09:56:31,6992,481,0,0.0,150,100.0
2026-07-13 09:56:32,6993,481,1,0.0,150,100.0
2026-07-13 09:56:33,6994,481,2,0.0,150,100.0
2026-07-13 09:56:34,6995,481,3,0.0,150,100.0
2026-07-13 09:56:35,6996,481,4,0.0,150,100.0
2026-07-13 09:56:36,6997,481,5,0.0,150,100.0
2026-07-13 09:56:37,6998,481,6,0.0,150,100.0
2026-07-13 09:56:38,6999,481,7,0.0,150,100.0
2026-07-13 09:56:39,7000,481,8,0.0,150,100.0
2026-07-13 09:56:40,7001,481,9,0.0,150,100.0
2026-07-13 09:56:41,7002,481,10,0.0,150,100.0
2026-07-13 09:56:42,7003,481,11,0.0,150,100.0
2026-07-13 09:56:43,7004,482,0,0.0,150,100.0
2026-07-13 09:56:44,7005,482,1,0.0,150,100.0
2026-07-13 09:56:45,7006,482,2,0.0,150,100.0
2026-07-13 09:56:46,7007,482,3,0.0,150,100.0
2026-07-13 09:56:47,7008,482,4,0.0,150,100.0
2026-07-13 09:56:48,7009,482,5,0.0,150,100.0
2026-07-13 09:56:49,7010,482,6,0.0,150,100.0
2026-07-13 09:56:50,7011,482,7,0.0,150,100.0
2026-07-13 09:56:51,7012,482,8,0.0,150,100.0
2026-07-13 09:56:52,7013,482,9,0.0,150,100.0
2026-07-13 09:56:53,7014,482,10,0.0,150,100.0
2026-07-13 09:56:54,7015,482,11,0.0,150,100.0
2026-07-13 09:56:55,7016,482,12,0.0,150,100.0
2026-07-13 09:56:56,7017,482,13,0.0,150,100.0
2026-07-13 09:56:57,7018,482,14,0.0,150,100.0
2026-07-13 09:56:58,7019,482,15,0.0,150,100.0
2026-07-13 09:56:59,7020,483,0,0.0,150,100.0
2026-07-13 09:57:00,7021,483,1,0.0,150,100.0
2026-07-13 09:57:01,7022,483,2,0.0,150,100.0
2026-07-13 09:57:02,7023,483,3,0.0,150,100.0
2026-07-13 09:57:03,7024,483,4,0.0,150,100.0
2026-07-13 09:57:04,7025,483,5,0.0,150,100.0
2026-07-13 09:57:05,7026,483,6,0.0,150,100.0
2026-07-13 09:57:06,7027,483,7,0.0,150,100.0
2026-07-13 09:57:07,7028,483,8,0.0,150,100.0
2026-07-13 09:57:08,7029,483,9,0.0,150,100.0
2026-07-13 09:57:09,7030,483,10,0.0,150,100.0
2026-07-13 09:57:10,7031,483,11,0.0,150,100.0
2026-07-13 09:57:11,7032,483,12,0.0,150,100.0
2026-07-13 09:57:12,7033,484,0,0.0,150,100.0
2026-07-13 09:57:13,7034,484,1,0.0,150,100.0
2026-07-13 09:57:14,7035,484,2,0.0,150,100.0
2026-07-13 09:57:15,7036,484,3,0.0,150,100.0
2026-07-13 09:57:16,7037,484,4,0.0,150,100.0
2026-07-13 09:57:17,7038,484,5,0.0,150,100.0
2026-07-13 09:57:18,7039,484,6,0.0,150,100.0
2026-07-13 09:57:19,7040,484,7,0.0,150,100.0
2026-07-13 09:57:20,7041,484,8,0.0,150,100.0
2026-07-13 09:57:21,7042,484,9,0.0,150,100.0
2026-07-13 09:57:22,7043,484,10,0.0,150,100.0
2026-07-13 09:57:23,7044,484,11,0.0,150,100.0
2026-07-13 09:57:24,7045,484,12,0.0,150,100.0
2026-07-13 09:57:25,7046,484,13,0.0,150,100.0
2026-07-13 09:57:26,7047,484,14,0.0,150,100.0
2026-07-13 09:57:27,7048,485,0,0.0,150,100.0
2026-07-13 09:57:28,7049,485,1,0.0,150,100.0
2026-07-13 09:57:29,7050,485,2,0.0,150,100.0
2026-07-13 09:57:30,7051,485,3,0.0,150,100.0
2026-07-13 09:57:31,7052,485,4,0.0,150,100.0
2026-07-13 09:57:32,7053,485,5,0.0,150,100.0
2026-07-13 09:57:33,7054,485,6,0.0,150,100.0
2026-07-13 09:57:34,7055,485,7,0.0,150,100.0
2026-07-13 09:57:35,7056,485,8,0.0,150,100.0
2026-07-13 09:57:36,7057,485,9,0.0,150,100.0
2026-07-13 09:57:37,7058,485,10,0.0,150,100.0
2026-07-13 09:57:38,7059,485,11,0.0,150,100.0
2026-07-13 09:57:39,7060,485,12,0.0,150,100.0
2026-07-13 09:57:40,7061,485,13,0.0,150,100.0
2026-07-13 09:57:41,7062,485,14,0.0,150,100.0
2026-07-13 09:57:42,7063,485,15,0.0,150,100.0
2026-07-13 09:57:43,7064,486,0,0.0,150,100.0
2026-07-13 09:57:44,7065,486,1,0.0,150,100.0
2026-07-13 09:57:45,7066,486,2,0.0,150,100.0
2026-07-13 09:57:46,7067,486,3,0.0,150,100.0
2026-07-13 09:57:47,7068,486,4,0.0,150,100.0
2026-07-13 09:57:48,7069,486,5,0.0,150,100.0
2026-07-13 09:57:49,7070,486,6,0.0,150,100.0
2026-07-13 09:57:50,7071,486,7,0.0,150,100.0
2026-07-13 09:57:51,7072,486,8,0.0,150,100.0
2026-07-13 09:57:52,7073,486,9,0.0,150,100.0
2026-07-13 09:57:53,7074,486,10,0.0,150,100.0
2026-07-13 09:57:54,7075,486,11,0.0,150,100.0
2026-07-13 09:57:55,7076,486,12,0.0,150,100.0
2026-07-13 09:57:56,7077,486,13,0.0,150,100.0
2026-07-13 09:57:57,7078,486,14,0.0,150,100.0
2026-07-13 09:57:58,7079,486,15,0.0,150,100.0
2026-07-13 09:57:59,7080,487,0,0.0,150,100.0
2026-07-13 09:58:00,7081,487,1,0.0,150,100.0
2026-07-13 09:58:01,7082,487,2,0.0,150,100.0
2026-07-13 09:58:02,7083,487,3,0.0,150,100.0
2026-07-13 09:58:03,7084,487,4,0.0,150,100.0
2026-07-13 09:58:04,7085,487,5,0.0,150,100.0
2026-07-13 09:58:05,7086,487,6,0.0,150,100.0
2026-07-13 09:58:06,7087,487,7,0.0,150,100.0
2026-07-13 09:58:07,7088,487,8,0.0,150,100.0
2026-07-13 09:58:08,7089,487,9,0.0,150,100.0
2026-07-13 09:58:09,7090,487,10,0.0,150,100.0
2026-07-13 09:58:10,7091,487,11,0.0,150,100.0
2026-07-13 09:58:11,7092,487,12,0.0,150,100.0
2026-07-13 09:58:12,7093,487,13,0.0,150,100.0
2026-07-13 09:58:13,7094,487,14,0.0,150,100.0
2026-07-13 09:58:14,7095,487,15,0.0,150,100.0
2026-07-13 09:58:15,7096,488,0,0.0,150,100.0
2026-07-13 09:58:16,7097,488,1,0.0,150,100.0
2026-07-13 09:58:17,7098,488,2,0.0,150,100.0
2026-07-13 09:58:18,7099,488,3,0.0,150,100.0
2026-07-13 09:58:19,7100,488,4,0.0,150,100.0
2026-07-13 09:58:20,7101,488,5,0.0,150,100.0
2026-07-13 09:58:21,7102,488,6,0.0,150,100.0
2026-07-13 09:58:22,7103,488,7,0.0,150,100.0
2026-07-13 09:58:23,7104,488,8,0.0,150,100.0
2026-07-13 09:58:24,7105,488,9,0.0,150,100.0
2026-07-13 09:58:25,7106,488,10,0.0,150,100.0
2026-07-13 09:58:26,7107,488,11,0.0,150,100.0
2026-07-13 09:58:27,7108,488,12,0.0,150,100.0
2026-07-13 09:58:28,7109,488,13,0.0,150,100.0
2026-07-13 09:58:29,7110,489,0,0.0,150,100.0
2026-07-13 09:58:30,7111,489,1,0.0,150,100.0
2026-07-13 09:58:31,7112,489,2,0.0,150,100.0
2026-07-13 09:58:32,7113,489,3,0.0,150,100.0
2026-07-13 09:58:33,7114,489,4,0.0,150,100.0
2026-07-13 09:58:34,7115,489,5,0.0,150,100.0
2026-07-13 09:58:35,7116,489,6,0.0,150,100.0
2026-07-13 09:58:36,7117,489,7,0.0,150,100.0
2026-07-13 09:58:37,7118,489,8,0.0,150,100.0
2026-07-13 09:58:38,7119,489,9,0.0,150,100.0
2026-07-13 09:58:39,7120,489,10,0.0,150,100.0
2026-07-13 09:58:40,7121,489,11,0.0,150,100.0
2026-07-13 09:58:41,7122,489,12,0.0,150,100.0
2026-07-13 09:58:42,7123,489,13,0.0,150,100.0
2026-07-13 09:58:43,7124,490,0,0.0,150,100.0
2026-07-13 09:58:44,7125,490,1,0.0,150,100.0
2026-07-13 09:58:45,7126,490,2,0.0,150,100.0
2026-07-13 09:58:46,7127,490,3,0.0,150,100.0
2026-07-13 09:58:47,7128,490,4,0.0,150,100.0
2026-07-13 09:58:48,7129,490,5,0.0,150,100.0
2026-07-13 09:58:49,7130,490,6,0.0,150,100.0
2026-07-13 09:58:50,7131,490,7,0.0,150,100.0
2026-07-13 09:58:51,7132,490,8,0.0,150,100.0
2026-07-13 09:58:52,7133,490,9,0.0,150,100.0
2026-07-13 09:58:53,7134,490,10,0.0,150,100.0
2026-07-13 09:58:54,7135,490,11,0.0,150,100.0
2026-07-13 09:58:55,7136,490,12,0.0,150,100.0
2026-07-13 09:58:56,7137,490,13,0.0,150,100.0
2026-07-13 09:58:57,7138,491,0,0.0,150,100.0
2026-07-13 09:58:58,7139,491,1,0.0,150,100.0
2026-07-13 09:58:59,7140,491,2,0.0,150,100.0
2026-07-13 09:59:00,7141,491,3,0.0,150,100.0
2026-07-13 09:59:01,7142,491,4,0.0,150,100.0
2026-07-13 09:59:02,7143,491,5,0.0,150,100.0
2026-07-13 09:59:03,7144,491,6,0.0,150,100.0
2026-07-13 09:59:04,7145,491,7,0.0,150,100.0
2026-07-13 09:59:05,7146,491,8,0.0,150,100.0
2026-07-13 09:59:06,7147,491,9,0.0,150,100.0
2026-07-13 09:59:07,7148,491,10,0.0,150,100.0
2026-07-13 09:59:08,7149,491,11,0.0,150,100.0
2026-07-13 09:59:09,7150,491,12,0.0,150,100.0
2026-07-13 09:59:10,7151,491,13,0.0,150,100.0
2026-07-13 09:59:11,7152,491,14,0.0,150,100.0
2026-07-13 09:59:12,7153,492,0,0.0,150,100.0
2026-07-13 09:59:13,7154,492,1,0.0,150,100.0
2026-07-13 09:59:14,7155,492,2,0.0,150,100.0
2026-07-13 09:59:15,7156,492,3,0.0,150,100.0
2026-07-13 09:59:16,7157,492,4,0.0,150,100.0
2026-07-13 09:59:17,7158,492,5,0.0,150,100.0
2026-07-13 09:59:18,7159,492,6,0.0,150,100.0
2026-07-13 09:59:19,7160,492,7,0.0,150,100.0
2026-07-13 09:59:20,7161,492,8,0.0,150,100.0
2026-07-13 09:59:21,7162,492,9,0.0,150,100.0
2026-07-13 09:59:22,7163,492,10,0.0,150,100.0
2026-07-13 09:59:23,7164,492,11,0.0,150,100.0
2026-07-13 09:59:24,7165,492,12,0.0,150,100.0
2026-07-13 09:59:25,7166,492,13,0.0,150,100.0
2026-07-13 09:59:26,7167,493,0,0.0,150,100.0
2026-07-13 09:59:27,7168,493,1,0.0,150,100.0
2026-07-13 09:59:28,7169,493,2,0.0,150,100.0
2026-07-13 09:59:29,7170,493,3,0.0,150,100.0
2026-07-13 09:59:30,7171,493,4,0.0,150,100.0
2026-07-13 09:59:31,7172,493,5,0.0,150,100.0
2026-07-13 09:59:32,7173,493,6,0.0,150,100.0
2026-07-13 09:59:33,7174,493,7,0.0,150,100.0
2026-07-13 09:59:34,7175,493,8,0.0,150,100.0
2026-07-13 09:59:35,7176,493,9,0.0,150,100.0
2026-07-13 09:59:36,7177,493,10,0.0,150,100.0
2026-07-13 09:59:37,7178,493,11,0.0,150,100.0
2026-07-13 09:59:38,7179,493,12,0.0,150,100.0
2026-07-13 09:59:39,7180,493,13,0.0,150,100.0
2026-07-13 09:59:40,7181,494,0,0.0,150,100.0
2026-07-13 09:59:41,7182,494,1,0.0,150,100.0
2026-07-13 09:59:42,7183,494,2,0.0,150,100.0
2026-07-13 09:59:43,7184,494,3,0.0,150,100.0
2026-07-13 09:59:44,7185,494,4,0.0,150,100.0
2026-07-13 09:59:45,7186,494,5,0.0,150,100.0
2026-07-13 09:59:46,7187,494,6,0.0,150,100.0
2026-07-13 09:59:47,7188,494,7,0.0,150,100.0
2026-07-13 09:59:48,7189,494,8,0.0,150,100.0
2026-07-13 09:59:49,7190,494,9,0.0,150,100.0
2026-07-13 09:59:50,7191,494,10,0.0,150,100.0
2026-07-13 09:59:51,7192,494,11,0.0,150,100.0
2026-07-13 09:59:52,7193,494,12,0.0,150,100.0
2026-07-13 09:59:53,7194,494,13,0.0,150,100.0
2026-07-13 09:59:54,7195,494,14,0.0,150,100.0
2026-07-13 09:59:55,7196,495,0,0.0,150,100.0
2026-07-13 09:59:56,7197,495,1,0.0,150,100.0
2026-07-13 09:59:57,7198,495,2,0.0,150,100.0
2026-07-13 09:59:58,7199,495,3,0.0,150,100.0
2026-07-13 09:59:59,7200,495,4,0.0,150,100.0
2026-07-13 10:00:00,7201,495,5,0.0,150,100.0
2026-07-13 10:00:01,7202,495,6,0.0,150,100.0
2026-07-13 10:00:02,7203,495,7,0.0,150,100.0
2026-07-13 10:00:03,7204,495,8,0.0,150,100.0
2026-07-13 10:00:04,7205,495,9,0.0,150,100.0
2026-07-13 10:00:05,7206,495,10,0.0,150,100.0
2026-07-13 10:00:06,7207,495,11,0.0,150,100.0
2026-07-13 10:00:07,7208,495,12,0.0,150,100.0
2026-07-13 10:00:08,7209,495,13,0.0,150,100.0
2026-07-13 10:00:09,7210,496,0,0.0,150,100.0
2026-07-13 10:00:10,7211,496,1,0.0,150,100.0
2026-07-13 10:00:11,7212,496,2,0.0,150,100.0
2026-07-13 10:00:12,7213,496,3,0.0,150,100.0
2026-07-13 10:00:13,7214,496,4,0.0,150,100.0
2026-07-13 10:00:14,7215,496,5,0.0,150,100.0
2026-07-13 10:00:15,7216,496,6,0.0,150,100.0
2026-07-13 10:00:16,7217,496,7,0.0,150,100.0
2026-07-13 10:00:17,7218,496,8,0.0,150,100.0
2026-07-13 10:00:18,7219,496,9,0.0,150,100.0
2026-07-13 10:00:19,7220,496,10,0.0,150,100.0
2026-07-13 10:00:20,7221,496,11,0.0,150,100.0
2026-07-13 10:00:21,7222,496,12,0.0,150,100.0
2026-07-13 10:00:22,7223,496,13,0.0,150,100.0
2026-07-13 10:00:23,7224,496,14,0.0,150,100.0
2026-07-13 10:00:24,7225,496,15,0.0,150,100.0
2026-07-13 10:00:25,7226,496,16,0.0,150,100.0
2026-07-13 10:00:26,7227,497,0,0.0,150,100.0
2026-07-13 10:00:27,7228,497,1,0.0,150,100.0
2026-07-13 10:00:28,7229,497,2,0.0,150,100.0
2026-07-13 10:00:29,7230,497,3,0.0,150,100.0
2026-07-13 10:00:30,7231,497,4,0.0,150,100.0
2026-07-13 10:00:31,7232,497,5,0.0,150,100.0
2026-07-13 10:00:32,7233,497,6,0.0,150,100.0
2026-07-13 10:00:33,7234,497,7,0.0,150,100.0
2026-07-13 10:00:34,7235,497,8,0.0,150,100.0
2026-07-13 10:00:35,7236,497,9,0.0,150,100.0
2026-07-13 10:00:36,7237,497,10,0.0,150,100.0
2026-07-13 10:00:37,7238,497,11,0.0,150,100.0
2026-07-13 10:00:38,7239,497,12,0.0,150,100.0
2026-07-13 10:00:39,7240,498,0,0.0,150,100.0
2026-07-13 10:00:40,7241,498,1,0.0,150,100.0
2026-07-13 10:00:41,7242,498,2,0.0,150,100.0
2026-07-13 10:00:42,7243,498,3,0.0,150,100.0
2026-07-13 10:00:43,7244,498,4,0.0,150,100.0
2026-07-13 10:00:44,7245,498,5,0.0,150,100.0
2026-07-13 10:00:45,7246,498,6,0.0,150,100.0
2026-07-13 10:00:46,7247,498,7,0.0,150,100.0
2026-07-13 10:00:47,7248,498,8,0.0,150,100.0
2026-07-13 10:00:48,7249,498,9,0.0,150,100.0
2026-07-13 10:00:49,7250,498,10,0.0,150,100.0
2026-07-13 10:00:50,7251,498,11,0.0,150,100.0
2026-07-13 10:00:51,7252,499,0,0.0,150,100.0
2026-07-13 10:00:52,7253,499,1,0.0,150,100.0
2026-07-13 10:00:53,7254,499,2,0.0,150,100.0
2026-07-13 10:00:54,7255,499,3,0.0,150,100.0
2026-07-13 10:00:55,7256,499,4,0.0,150,100.0
2026-07-13 10:00:56,7257,499,5,0.0,150,100.0
2026-07-13 10:00:57,7258,499,6,0.0,150,100.0
2026-07-13 10:00:58,7259,499,7,0.0,150,100.0
2026-07-13 10:00:59,7260,499,8,0.0,150,100.0
2026-07-13 10:01:00,7261,499,9,0.0,150,100.0
2026-07-13 10:01:01,7262,499,10,0.0,150,100.0
2026-07-13 10:01:02,7263,499,11,0.0,150,100.0
2026-07-13 10:01:03,7264,499,12,0.0,150,100.0
2026-07-13 10:01:04,7265,499,13,0.0,150,100.0
2026-07-13 10:01:05,7266,500,0,0.0,150,100.0
2026-07-13 10:01:06,7267,500,1,0.0,150,100.0
2026-07-13 10:01:07,7268,500,2,0.0,150,100.0
2026-07-13 10:01:08,7269,500,3,0.0,150,100.0
2026-07-13 10:01:09,7270,500,4,0.0,150,100.0
2026-07-13 10:01:10,7271,500,5,0.0,150,100.0
2026-07-13 10:01:11,7272,500,6,0.0,150,100.0
2026-07-13 10:01:12,7273,500,7,0.0,150,100.0
2026-07-13 10:01:13,7274,500,8,0.0,150,100.0
2026-07-13 10:01:14,7275,500,9,0.0,150,100.0
2026-07-13 10:01:15,7276,500,10,0.0,150,100.0
2026-07-13 10:01:16,7277,500,11,0.0,150,100.0
2026-07-13 10:01:17,7278,500,12,0.0,150,100.0
2026-07-13 10:01:18,7279,501,0,0.0,150,100.0
2026-07-13 10:01:19,7280,501,1,0.0,150,100.0
2026-07-13 10:01:20,7281,501,2,0.0,150,100.0
2026-07-13 10:01:21,7282,501,3,0.0,150,100.0
2026-07-13 10:01:22,7283,501,4,0.0,150,100.0
2026-07-13 10:01:23,7284,501,5,0.0,150,100.0
2026-07-13 10:01:24,7285,501,6,0.0,150,100.0
2026-07-13 10:01:25,7286,501,7,0.0,150,100.0
2026-07-13 10:01:26,7287,501,8,0.0,150,100.0
2026-07-13 10:01:27,7288,501,9,0.0,150,100.0
2026-07-13 10:01:28,7289,501,10,0.0,150,100.0
2026-07-13 10:01:29,7290,501,11,0.0,150,100.0
2026-07-13 10:01:30,7291,501,12,0.0,150,100.0
2026-07-13 10:01:31,7292,501,13,0.0,150,100.0
2026-07-13 10:01:32,7293,502,0,0.0,150,100.0
2026-07-13 10:01:33,7294,502,1,0.0,150,100.0
2026-07-13 10:01:34,7295,502,2,0.0,150,100.0
2026-07-13 10:01:35,7296,502,3,0.0,150,100.0
2026-07-13 10:01:36,7297,502,4,0.0,150,100.0
2026-07-13 10:01:37,7298,502,5,0.0,150,100.0
2026-07-13 10:01:38,7299,502,6,0.0,150,100.0
2026-07-13 10:01:39,7300,502,7,0.0,150,100.0
2026-07-13 10:01:40,7301,502,8,0.0,150,100.0
2026-07-13 10:01:41,7302,502,9,0.0,150,100.0
2026-07-13 10:01:42,7303,502,10,0.0,150,100.0
2026-07-13 10:01:43,7304,502,11,0.0,150,100.0
2026-07-13 10:01:44,7305,502,12,0.0,150,100.0
2026-07-13 10:01:45,7306,503,0,0.0,150,100.0
2026-07-13 10:01:46,7307,503,1,0.0,150,100.0
2026-07-13 10:01:47,7308,503,2,0.0,150,100.0
2026-07-13 10:01:48,7309,503,3,0.0,150,100.0
2026-07-13 10:01:49,7310,503,4,0.0,150,100.0
2026-07-13 10:01:50,7311,503,5,0.0,150,100.0
2026-07-13 10:01:51,7312,503,6,0.0,150,100.0
2026-07-13 10:01:52,7313,503,7,0.0,150,100.0
2026-07-13 10:01:53,7314,503,8,0.0,150,100.0
2026-07-13 10:01:54,7315,503,9,0.0,150,100.0
2026-07-13 10:01:55,7316,503,10,0.0,150,100.0
2026-07-13 10:01:56,7317,503,11,0.0,150,100.0
2026-07-13 10:01:57,7318,503,12,0.0,150,100.0
2026-07-13 10:01:58,7319,503,13,0.0,150,100.0
2026-07-13 10:01:59,7320,503,14,0.0,150,100.0
2026-07-13 10:02:00,7321,503,15,0.0,150,100.0
2026-07-13 10:02:01,7322,504,0,0.0,150,100.0
2026-07-13 10:02:02,7323,504,1,0.0,150,100.0
2026-07-13 10:02:03,7324,504,2,0.0,150,100.0
2026-07-13 10:02:04,7325,504,3,0.0,150,100.0
2026-07-13 10:02:05,7326,504,4,0.0,150,100.0
2026-07-13 10:02:06,7327,504,5,0.0,150,100.0
2026-07-13 10:02:07,7328,504,6,0.0,150,100.0
2026-07-13 10:02:08,7329,504,7,0.0,150,100.0
2026-07-13 10:02:09,7330,504,8,0.0,150,100.0
2026-07-13 10:02:10,7331,504,9,0.0,150,100.0
2026-07-13 10:02:11,7332,504,10,0.0,150,100.0
2026-07-13 10:02:12,7333,504,11,0.0,150,100.0
2026-07-13 10:02:13,7334,504,12,0.0,150,100.0
2026-07-13 10:02:14,7335,505,0,0.0,150,100.0
2026-07-13 10:02:15,7336,505,1,0.0,150,100.0
2026-07-13 10:02:16,7337,505,2,0.0,150,100.0
2026-07-13 10:02:17,7338,505,3,0.0,150,100.0
2026-07-13 10:02:18,7339,505,4,0.0,150,100.0
2026-07-13 10:02:19,7340,505,5,0.0,150,100.0
2026-07-13 10:02:20,7341,505,6,0.0,150,100.0
2026-07-13 10:02:21,7342,505,7,0.0,150,100.0
2026-07-13 10:02:22,7343,505,8,0.0,150,100.0
2026-07-13 10:02:23,7344,505,9,0.0,150,100.0
2026-07-13 10:02:24,7345,505,10,0.0,150,100.0
2026-07-13 10:02:25,7346,505,11,0.0,150,100.0
2026-07-13 10:02:26,7347,505,12,0.0,150,100.0
2026-07-13 10:02:27,7348,505,13,0.0,150,100.0
2026-07-13 10:02:28,7349,505,14,0.0,150,100.0
2026-07-13 10:02:29,7350,506,0,0.0,150,100.0
2026-07-13 10:02:30,7351,506,1,0.0,150,100.0
2026-07-13 10:02:31,7352,506,2,0.0,150,100.0
2026-07-13 10:02:32,7353,506,3,0.0,150,100.0
2026-07-13 10:02:33,7354,506,4,0.0,150,100.0
2026-07-13 10:02:34,7355,506,5,0.0,150,100.0
2026-07-13 10:02:35,7356,506,6,0.0,150,100.0
2026-07-13 10:02:36,7357,506,7,0.0,150,100.0
2026-07-13 10:02:37,7358,506,8,0.0,150,100.0
2026-07-13 10:02:38,7359,506,9,0.0,150,100.0
2026-07-13 10:02:39,7360,506,10,0.0,150,100.0
2026-07-13 10:02:40,7361,506,11,0.0,150,100.0
2026-07-13 10:02:41,7362,506,12,0.0,150,100.0
2026-07-13 10:02:42,7363,506,13,0.0,150,100.0
2026-07-13 10:02:43,7364,506,14,0.0,150,100.0
2026-07-13 10:02:44,7365,507,0,0.0,150,100.0
2026-07-13 10:02:45,7366,507,1,0.0,150,100.0
2026-07-13 10:02:46,7367,507,2,0.0,150,100.0
2026-07-13 10:02:47,7368,507,3,0.0,150,100.0
2026-07-13 10:02:48,7369,507,4,27.41,150,100.0
2026-07-13 10:02:49,7370,507,5,29.29,150,100.0
2026-07-13 10:02:50,7371,507,6,26.75,150,100.0
2026-07-13 10:02:51,7372,507,7,41.93,150,100.0
2026-07-13 10:02:52,7373,507,8,44.13,150,100.0
2026-07-13 10:02:53,7374,507,9,22.48,150,100.0
2026-07-13 10:02:54,7375,507,10,0.0,150,100.0
2026-07-13 10:02:55,7376,507,11,0.0,150,100.0
2026-07-13 10:02:56,7377,507,12,0.0,150,100.0
2026-07-13 10:02:57,7378,507,13,0.0,150,100.0
2026-07-13 10:02:58,7379,507,14,0.0,150,100.0
2026-07-13 10:02:59,7380,508,0,0.0,150,100.0
2026-07-13 10:03:00,7381,508,1,0.0,150,100.0
2026-07-13 10:03:01,7382,508,2,17.46,150,100.0
2026-07-13 10:03:02,7383,508,3,53.73,150,100.0
2026-07-13 10:03:03,7384,508,4,38.1,150,100.0
2026-07-13 10:03:04,7385,508,5,35.22,150,100.0
2026-07-13 10:03:05,7386,508,6,64.0,150,100.0
2026-07-13 10:03:06,7387,508,7,52.84,150,100.0
2026-07-13 10:03:07,7388,508,8,0.0,150,100.0
2026-07-13 10:03:08,7389,508,9,0.0,150,100.0
2026-07-13 10:03:09,7390,508,10,0.0,150,100.0
2026-07-13 10:03:10,7391,508,11,0.0,150,100.0
2026-07-13 10:03:11,7392,508,12,0.0,150,100.0
2026-07-13 10:03:12,7393,508,13,0.0,150,100.0
2026-07-13 10:03:13,7394,508,14,0.0,150,100.0
2026-07-13 10:03:14,7395,509,0,0.0,150,100.0
2026-07-13 10:03:15,7396,509,1,0.0,150,100.0
2026-07-13 10:03:16,7397,509,2,0.0,150,100.0
2026-07-13 10:03:17,7398,509,3,0.0,150,100.0
2026-07-13 10:03:18,7399,509,4,0.0,150,100.0
2026-07-13 10:03:19,7400,509,5,0.0,150,100.0
2026-07-13 10:03:20,7401,509,6,0.0,150,100.0
2026-07-13 10:03:21,7402,509,7,0.0,150,100.0
2026-07-13 10:03:22,7403,509,8,0.0,150,100.0
2026-07-13 10:03:23,7404,509,9,0.0,150,100.0
2026-07-13 10:03:24,7405,509,10,0.0,150,100.0
2026-07-13 10:03:25,7406,509,11,0.0,150,100.0
2026-07-13 10:03:26,7407,509,12,0.0,150,100.0
2026-07-13 10:03:27,7408,509,13,0.0,150,100.0
2026-07-13 10:03:28,7409,509,14,0.0,150,100.0
2026-07-13 10:03:29,7410,510,0,0.0,150,100.0
2026-07-13 10:03:30,7411,510,1,0.0,150,100.0
2026-07-13 10:03:31,7412,510,2,0.0,150,100.0
2026-07-13 10:03:32,7413,510,3,0.0,150,100.0
2026-07-13 10:03:33,7414,510,4,0.0,150,100.0
2026-07-13 10:03:34,7415,510,5,0.0,150,100.0
2026-07-13 10:03:35,7416,510,6,0.0,150,100.0
2026-07-13 10:03:36,7417,510,7,0.0,150,100.0
2026-07-13 10:03:37,7418,510,8,0.0,150,100.0
2026-07-13 10:03:38,7419,510,9,0.0,150,100.0
2026-07-13 10:03:39,7420,510,10,0.0,150,100.0
2026-07-13 10:03:40,7421,510,11,0.0,150,100.0
2026-07-13 10:03:41,7422,510,12,0.0,150,100.0
2026-07-13 10:03:42,7423,510,13,0.0,150,100.0
2026-07-13 10:03:43,7424,511,0,0.0,150,100.0
2026-07-13 10:03:44,7425,511,1,0.0,150,100.0
2026-07-13 10:03:45,7426,511,2,0.0,150,100.0
2026-07-13 10:03:46,7427,511,3,0.0,150,100.0
2026-07-13 10:03:47,7428,511,4,0.0,150,100.0
2026-07-13 10:03:48,7429,511,5,0.0,150,100.0
2026-07-13 10:03:49,7430,511,6,0.0,150,100.0
2026-07-13 10:03:50,7431,511,7,0.0,150,100.0
2026-07-13 10:03:51,7432,511,8,0.0,150,100.0
2026-07-13 10:03:52,7433,511,9,0.0,150,100.0
2026-07-13 10:03:53,7434,511,10,0.0,150,100.0
2026-07-13 10:03:54,7435,511,11,0.0,150,100.0
2026-07-13 10:03:55,7436,511,12,0.0,150,100.0
2026-07-13 10:03:56,7437,512,0,0.0,150,100.0
2026-07-13 10:03:57,7438,512,1,0.0,150,100.0
2026-07-13 10:03:58,7439,512,2,0.0,150,100.0
2026-07-13 10:03:59,7440,512,3,0.0,150,100.0
2026-07-13 10:04:00,7441,512,4,0.0,150,100.0
2026-07-13 10:04:01,7442,512,5,0.0,150,100.0
2026-07-13 10:04:02,7443,512,6,0.0,150,100.0
2026-07-13 10:04:03,7444,512,7,0.0,150,100.0
2026-07-13 10:04:04,7445,512,8,0.0,150,100.0
2026-07-13 10:04:05,7446,512,9,0.0,150,100.0
2026-07-13 10:04:06,7447,512,10,0.0,150,100.0
2026-07-13 10:04:07,7448,512,11,0.0,150,100.0
2026-07-13 10:04:08,7449,512,12,0.0,150,100.0
2026-07-13 10:04:09,7450,512,13,0.0,150,100.0
2026-07-13 10:04:10,7451,512,14,0.0,150,100.0
2026-07-13 10:04:11,7452,513,0,0.0,150,100.0
2026-07-13 10:04:12,7453,513,1,0.0,150,100.0
2026-07-13 10:04:13,7454,513,2,0.0,150,100.0
2026-07-13 10:04:14,7455,513,3,0.0,150,100.0
2026-07-13 10:04:15,7456,513,4,0.0,150,100.0
2026-07-13 10:04:16,7457,513,5,0.0,150,100.0
2026-07-13 10:04:17,7458,513,6,0.0,150,100.0
2026-07-13 10:04:18,7459,513,7,0.0,150,100.0
2026-07-13 10:04:19,7460,513,8,0.0,150,100.0
2026-07-13 10:04:20,7461,513,9,0.0,150,100.0
2026-07-13 10:04:21,7462,513,10,0.0,150,100.0
2026-07-13 10:04:22,7463,513,11,0.0,150,100.0
2026-07-13 10:04:23,7464,514,0,0.0,150,100.0
2026-07-13 10:04:24,7465,514,1,0.0,150,100.0
2026-07-13 10:04:25,7466,514,2,0.0,150,100.0
2026-07-13 10:04:26,7467,514,3,0.0,150,100.0
2026-07-13 10:04:27,7468,514,4,0.0,150,100.0
2026-07-13 10:04:28,7469,514,5,0.0,150,100.0
2026-07-13 10:04:29,7470,514,6,0.0,150,100.0
2026-07-13 10:04:30,7471,514,7,0.0,150,100.0
2026-07-13 10:04:31,7472,514,8,0.0,150,100.0
2026-07-13 10:04:32,7473,514,9,0.0,150,100.0
2026-07-13 10:04:33,7474,514,10,0.0,150,100.0
2026-07-13 10:04:34,7475,514,11,0.0,150,100.0
2026-07-13 10:04:35,7476,515,0,0.0,150,100.0
2026-07-13 10:04:36,7477,515,1,0.0,150,100.0
2026-07-13 10:04:37,7478,515,2,0.0,150,100.0
2026-07-13 10:04:38,7479,515,3,0.0,150,100.0
2026-07-13 10:04:39,7480,515,4,0.0,150,100.0
2026-07-13 10:04:40,7481,515,5,0.0,150,100.0
2026-07-13 10:04:41,7482,515,6,0.0,150,100.0
2026-07-13 10:04:42,7483,515,7,0.0,150,100.0
2026-07-13 10:04:43,7484,515,8,0.0,150,100.0
2026-07-13 10:04:44,7485,515,9,0.0,150,100.0
2026-07-13 10:04:45,7486,515,10,0.0,150,100.0
2026-07-13 10:04:46,7487,515,11,0.0,150,100.0
2026-07-13 10:04:47,7488,515,12,0.0,150,100.0
2026-07-13 10:04:48,7489,516,0,0.0,150,100.0
2026-07-13 10:04:49,7490,516,1,0.0,150,100.0
2026-07-13 10:04:50,7491,516,2,0.0,150,100.0
2026-07-13 10:04:51,7492,516,3,0.0,150,100.0
2026-07-13 10:04:52,7493,516,4,0.0,150,100.0
2026-07-13 10:04:53,7494,516,5,0.0,150,100.0
2026-07-13 10:04:54,7495,516,6,0.0,150,100.0
2026-07-13 10:04:55,7496,516,7,0.0,150,100.0
2026-07-13 10:04:56,7497,516,8,0.0,150,100.0
2026-07-13 10:04:57,7498,516,9,0.0,150,100.0
2026-07-13 10:04:58,7499,516,10,0.0,150,100.0
2026-07-13 10:04:59,7500,516,11,0.0,150,100.0
2026-07-13 10:05:00,7501,516,12,0.0,150,100.0
2026-07-13 10:05:01,7502,516,13,0.0,150,100.0
2026-07-13 10:05:02,7503,517,0,0.0,150,100.0
2026-07-13 10:05:03,7504,517,1,0.0,150,100.0
2026-07-13 10:05:04,7505,517,2,0.0,150,100.0
2026-07-13 10:05:05,7506,517,3,0.0,150,100.0
2026-07-13 10:05:06,7507,517,4,0.0,150,100.0
2026-07-13 10:05:07,7508,517,5,0.0,150,100.0
2026-07-13 10:05:08,7509,517,6,0.0,150,100.0
2026-07-13 10:05:09,7510,517,7,0.0,150,100.0
2026-07-13 10:05:10,7511,517,8,0.0,150,100.0
2026-07-13 10:05:11,7512,517,9,0.0,150,100.0
2026-07-13 10:05:12,7513,517,10,0.0,150,100.0
2026-07-13 10:05:13,7514,517,11,0.0,150,100.0
2026-07-13 10:05:14,7515,517,12,0.0,150,100.0
2026-07-13 10:05:15,7516,517,13,0.0,150,100.0
2026-07-13 10:05:16,7517,518,0,0.0,150,100.0
2026-07-13 10:05:17,7518,518,1,0.0,150,100.0
2026-07-13 10:05:18,7519,518,2,0.0,150,100.0
2026-07-13 10:05:19,7520,518,3,0.0,150,100.0
2026-07-13 10:05:20,7521,518,4,0.0,150,100.0
2026-07-13 10:05:21,7522,518,5,0.0,150,100.0
2026-07-13 10:05:22,7523,518,6,0.0,150,100.0
2026-07-13 10:05:23,7524,518,7,0.0,150,100.0
2026-07-13 10:05:24,7525,518,8,0.0,150,100.0
2026-07-13 10:05:25,7526,518,9,0.0,150,100.0
2026-07-13 10:05:26,7527,518,10,0.0,150,100.0
2026-07-13 10:05:27,7528,518,11,0.0,150,100.0
2026-07-13 10:05:28,7529,518,12,0.0,150,100.0
2026-07-13 10:05:29,7530,518,13,0.0,150,100.0
2026-07-13 10:05:30,7531,518,14,0.0,150,100.0
2026-07-13 10:05:31,7532,518,15,0.0,150,100.0
2026-07-13 10:05:32,7533,519,0,0.0,150,100.0
2026-07-13 10:05:33,7534,519,1,0.0,150,100.0
2026-07-13 10:05:34,7535,519,2,0.0,150,100.0
2026-07-13 10:05:35,7536,519,3,0.0,150,100.0
2026-07-13 10:05:36,7537,519,4,0.0,150,100.0
2026-07-13 10:05:37,7538,519,5,0.0,150,100.0
2026-07-13 10:05:38,7539,519,6,0.0,150,100.0
2026-07-13 10:05:39,7540,519,7,0.0,150,100.0
2026-07-13 10:05:40,7541,519,8,0.0,150,100.0
2026-07-13 10:05:41,7542,519,9,0.0,150,100.0
2026-07-13 10:05:42,7543,519,10,0.0,150,100.0
2026-07-13 10:05:43,7544,519,11,0.0,150,100.0
2026-07-13 10:05:44,7545,519,12,0.0,150,100.0
2026-07-13 10:05:45,7546,519,13,0.0,150,100.0
2026-07-13 10:05:46,7547,519,14,0.0,150,100.0
2026-07-13 10:05:47,7548,519,15,0.0,150,100.0
2026-07-13 10:05:48,7549,519,16,0.0,150,100.0
2026-07-13 10:05:49,7550,520,0,0.0,150,100.0
2026-07-13 10:05:50,7551,520,1,0.0,150,100.0
2026-07-13 10:05:51,7552,520,2,0.0,150,100.0
2026-07-13 10:05:52,7553,520,3,0.0,150,100.0
2026-07-13 10:05:53,7554,520,4,0.0,150,100.0
2026-07-13 10:05:54,7555,520,5,0.0,150,100.0
2026-07-13 10:05:55,7556,520,6,0.0,150,100.0
2026-07-13 10:05:56,7557,520,7,0.0,150,100.0
2026-07-13 10:05:57,7558,520,8,0.0,150,100.0
2026-07-13 10:05:58,7559,520,9,0.0,150,100.0
2026-07-13 10:05:59,7560,520,10,0.0,150,100.0
2026-07-13 10:06:00,7561,520,11,0.0,150,100.0
2026-07-13 10:06:01,7562,520,12,0.0,150,100.0
2026-07-13 10:06:02,7563,521,0,0.0,150,100.0
2026-07-13 10:06:03,7564,521,1,0.0,150,100.0
2026-07-13 10:06:04,7565,521,2,0.0,150,100.0
2026-07-13 10:06:05,7566,521,3,0.0,150,100.0
2026-07-13 10:06:06,7567,521,4,20.96,150,100.0
2026-07-13 10:06:07,7568,521,5,9.4,150,100.0
2026-07-13 10:06:08,7569,521,6,6.85,150,100.0
2026-07-13 10:06:09,7570,521,7,41.29,150,100.0
2026-07-13 10:06:10,7571,521,8,62.09,150,100.0
2026-07-13 10:06:11,7572,521,9,0.0,150,100.0
2026-07-13 10:06:12,7573,521,10,0.0,150,100.0
2026-07-13 10:06:13,7574,521,11,0.0,150,100.0
2026-07-13 10:06:14,7575,521,12,0.0,150,100.0
2026-07-13 10:06:15,7576,521,13,0.0,150,100.0
2026-07-13 10:06:16,7577,522,0,0.0,150,100.0
2026-07-13 10:06:17,7578,522,1,0.0,150,100.0
2026-07-13 10:06:18,7579,522,2,100.0,150,100.0
2026-07-13 10:06:19,7580,522,3,89.33,150,100.0
2026-07-13 10:06:20,7581,522,4,73.09,150,100.0
2026-07-13 10:06:21,7582,522,5,67.91,150,100.0
2026-07-13 10:06:22,7583,522,6,82.99,150,100.0
2026-07-13 10:06:23,7584,522,7,85.2,150,100.0
2026-07-13 10:06:24,7585,522,8,0.0,150,100.0
2026-07-13 10:06:25,7586,522,9,0.0,150,100.0
2026-07-13 10:06:26,7587,522,10,0.0,150,100.0
2026-07-13 10:06:27,7588,522,11,0.0,150,100.0
2026-07-13 10:06:28,7589,522,12,0.0,150,100.0
2026-07-13 10:06:29,7590,522,13,0.0,150,100.0
2026-07-13 10:06:30,7591,523,0,0.0,150,100.0
2026-07-13 10:06:31,7592,523,1,0.0,150,100.0
2026-07-13 10:06:32,7593,523,2,2.08,150,100.0
2026-07-13 10:06:33,7594,523,3,100.0,150,100.0
2026-07-13 10:06:34,7595,523,4,100.0,150,100.0
2026-07-13 10:06:35,7596,523,5,100.0,150,100.0
2026-07-13 10:06:36,7597,523,6,100.0,150,100.0
2026-07-13 10:06:37,7598,523,7,100.0,150,100.0
2026-07-13 10:06:38,7599,523,8,100.0,150,100.0
2026-07-13 10:06:39,7600,523,9,0.0,150,100.0
2026-07-13 10:06:40,7601,523,10,0.0,150,100.0
2026-07-13 10:06:41,7602,523,11,0.0,150,100.0
2026-07-13 10:06:42,7603,523,12,0.0,150,100.0
2026-07-13 10:06:43,7604,523,13,0.0,150,100.0
2026-07-13 10:06:44,7605,523,14,0.0,150,100.0
2026-07-13 10:06:45,7606,524,0,0.0,150,100.0
2026-07-13 10:06:46,7607,524,1,31.35,150,100.0
2026-07-13 10:06:47,7608,524,2,100.0,150,100.0
2026-07-13 10:06:48,7609,524,3,100.0,150,100.0
2026-07-13 10:06:49,7610,524,4,100.0,150,100.0
2026-07-13 10:06:50,7611,524,5,100.0,150,100.0
2026-07-13 10:06:51,7612,524,6,0.0,150,100.0
2026-07-13 10:06:52,7613,524,7,0.0,150,100.0
2026-07-13 10:06:53,7614,524,8,0.0,150,100.0
2026-07-13 10:06:54,7615,524,9,0.0,150,100.0
2026-07-13 10:06:55,7616,524,10,0.0,150,100.0
2026-07-13 10:06:56,7617,524,11,0.0,150,100.0
2026-07-13 10:06:57,7618,524,12,0.0,150,100.0
2026-07-13 10:06:58,7619,524,13,0.0,150,100.0
2026-07-13 10:06:59,7620,524,14,0.0,150,100.0
2026-07-13 10:07:00,7621,524,15,0.0,150,100.0
2026-07-13 10:07:01,7622,524,16,0.0,150,100.0
2026-07-13 10:07:02,7623,525,0,0.0,150,100.0
2026-07-13 10:07:03,7624,525,1,0.0,150,100.0
2026-07-13 10:07:04,7625,525,2,0.0,150,100.0
2026-07-13 10:07:05,7626,525,3,0.0,150,100.0
2026-07-13 10:07:06,7627,525,4,0.0,150,100.0
2026-07-13 10:07:07,7628,525,5,0.0,150,100.0
2026-07-13 10:07:08,7629,525,6,0.0,150,100.0
2026-07-13 10:07:09,7630,525,7,0.0,150,100.0
2026-07-13 10:07:10,7631,525,8,0.0,150,100.0
2026-07-13 10:07:11,7632,525,9,0.0,150,100.0
2026-07-13 10:07:12,7633,525,10,0.0,150,100.0
2026-07-13 10:07:13,7634,525,11,0.0,150,100.0
2026-07-13 10:07:14,7635,525,12,0.0,150,100.0
2026-07-13 10:07:15,7636,525,13,0.0,150,100.0
2026-07-13 10:07:16,7637,526,0,0.0,150,100.0
2026-07-13 10:07:17,7638,526,1,0.0,150,100.0
2026-07-13 10:07:18,7639,526,2,0.0,150,100.0
2026-07-13 10:07:19,7640,526,3,0.0,150,100.0
2026-07-13 10:07:20,7641,526,4,0.0,150,100.0
2026-07-13 10:07:21,7642,526,5,0.0,150,100.0
2026-07-13 10:07:22,7643,526,6,0.0,150,100.0
2026-07-13 10:07:23,7644,526,7,0.0,150,100.0
2026-07-13 10:07:24,7645,526,8,0.0,150,100.0
2026-07-13 10:07:25,7646,526,9,0.0,150,100.0
2026-07-13 10:07:26,7647,526,10,0.0,150,100.0
2026-07-13 10:07:27,7648,526,11,0.0,150,100.0
2026-07-13 10:07:28,7649,526,12,0.0,150,100.0
2026-07-13 10:07:29,7650,526,13,0.0,150,100.0
2026-07-13 10:07:30,7651,526,14,0.0,150,100.0
2026-07-13 10:07:31,7652,526,15,0.0,150,100.0
2026-07-13 10:07:32,7653,527,0,0.0,150,100.0
2026-07-13 10:07:33,7654,527,1,12.02,150,100.0
2026-07-13 10:07:34,7655,527,2,0.0,150,100.0
2026-07-13 10:07:35,7656,527,3,0.0,150,100.0
2026-07-13 10:07:36,7657,527,4,0.0,150,100.0
2026-07-13 10:07:37,7658,527,5,0.0,150,100.0
2026-07-13 10:07:38,7659,527,6,0.0,150,100.0
2026-07-13 10:07:39,7660,527,7,0.0,150,100.0
2026-07-13 10:07:40,7661,527,8,0.0,150,100.0
2026-07-13 10:07:41,7662,527,9,0.0,150,100.0
2026-07-13 10:07:42,7663,527,10,0.0,150,100.0
2026-07-13 10:07:43,7664,527,11,0.0,150,100.0
2026-07-13 10:07:44,7665,527,12,0.0,150,100.0
2026-07-13 10:07:45,7666,527,13,0.0,150,100.0
2026-07-13 10:07:46,7667,527,14,0.0,150,100.0
2026-07-13 10:07:47,7668,527,15,0.0,150,100.0
2026-07-13 10:07:48,7669,528,0,0.0,150,100.0
2026-07-13 10:07:49,7670,528,1,0.0,150,100.0
2026-07-13 10:07:50,7671,528,2,0.0,150,100.0
2026-07-13 10:07:51,7672,528,3,0.0,150,100.0
2026-07-13 10:07:52,7673,528,4,0.0,150,100.0
2026-07-13 10:07:53,7674,528,5,0.0,150,100.0
2026-07-13 10:07:54,7675,528,6,0.0,150,100.0
2026-07-13 10:07:55,7676,528,7,0.0,150,100.0
2026-07-13 10:07:56,7677,528,8,0.0,150,100.0
2026-07-13 10:07:57,7678,528,9,0.0,150,100.0
2026-07-13 10:07:58,7679,528,10,0.0,150,100.0
2026-07-13 10:07:59,7680,528,11,0.0,150,100.0
2026-07-13 10:08:00,7681,529,0,0.0,150,100.0
2026-07-13 10:08:01,7682,529,1,0.0,150,100.0
2026-07-13 10:08:02,7683,529,2,0.0,150,100.0
2026-07-13 10:08:03,7684,529,3,0.0,150,100.0
2026-07-13 10:08:04,7685,529,4,0.0,150,100.0
2026-07-13 10:08:05,7686,529,5,0.0,150,100.0
2026-07-13 10:08:06,7687,529,6,0.0,150,100.0
2026-07-13 10:08:07,7688,529,7,0.0,150,100.0
2026-07-13 10:08:08,7689,529,8,0.0,150,100.0
2026-07-13 10:08:09,7690,529,9,0.0,150,100.0
2026-07-13 10:08:10,7691,529,10,0.0,150,100.0
2026-07-13 10:08:11,7692,529,11,0.0,150,100.0
2026-07-13 10:08:12,7693,529,12,0.0,150,100.0
2026-07-13 10:08:13,7694,530,0,0.0,150,100.0
2026-07-13 10:08:14,7695,530,1,0.0,150,100.0
2026-07-13 10:08:15,7696,530,2,0.0,150,100.0
2026-07-13 10:08:16,7697,530,3,0.0,150,100.0
2026-07-13 10:08:17,7698,530,4,0.0,150,100.0
2026-07-13 10:08:18,7699,530,5,0.0,150,100.0
2026-07-13 10:08:19,7700,530,6,0.0,150,100.0
2026-07-13 10:08:20,7701,530,7,0.0,150,100.0
2026-07-13 10:08:21,7702,530,8,0.0,150,100.0
2026-07-13 10:08:22,7703,530,9,0.0,150,100.0
2026-07-13 10:08:23,7704,530,10,0.0,150,100.0
2026-07-13 10:08:24,7705,530,11,0.0,150,100.0
2026-07-13 10:08:25,7706,531,0,0.0,150,100.0
2026-07-13 10:08:26,7707,531,1,0.0,150,100.0
2026-07-13 10:08:27,7708,531,2,0.0,150,100.0
2026-07-13 10:08:28,7709,531,3,0.0,150,100.0
2026-07-13 10:08:29,7710,531,4,0.0,150,100.0
2026-07-13 10:08:30,7711,531,5,0.0,150,100.0
2026-07-13 10:08:31,7712,531,6,0.0,150,100.0
2026-07-13 10:08:32,7713,531,7,0.0,150,100.0
2026-07-13 10:08:33,7714,531,8,0.0,150,100.0
2026-07-13 10:08:34,7715,531,9,0.0,150,100.0
2026-07-13 10:08:35,7716,531,10,0.0,150,100.0
2026-07-13 10:08:36,7717,531,11,0.0,150,100.0
2026-07-13 10:08:37,7718,531,12,0.0,150,100.0
2026-07-13 10:08:38,7719,531,13,0.0,150,100.0
2026-07-13 10:08:39,7720,531,14,0.0,150,100.0
2026-07-13 10:08:40,7721,531,15,0.0,150,100.0
2026-07-13 10:08:41,7722,532,0,0.0,150,100.0
2026-07-13 10:08:42,7723,532,1,0.0,150,100.0
2026-07-13 10:08:43,7724,532,2,0.0,150,100.0
2026-07-13 10:08:44,7725,532,3,0.0,150,100.0
2026-07-13 10:08:45,7726,532,4,0.0,150,100.0
2026-07-13 10:08:46,7727,532,5,0.0,150,100.0
2026-07-13 10:08:47,7728,532,6,0.0,150,100.0
2026-07-13 10:08:48,7729,532,7,0.0,150,100.0
2026-07-13 10:08:49,7730,532,8,0.0,150,100.0
2026-07-13 10:08:50,7731,532,9,0.0,150,100.0
2026-07-13 10:08:51,7732,532,10,0.0,150,100.0
2026-07-13 10:08:52,7733,532,11,0.0,150,100.0
2026-07-13 10:08:53,7734,532,12,0.0,150,100.0
2026-07-13 10:08:54,7735,532,13,0.0,150,100.0
2026-07-13 10:08:55,7736,533,0,0.0,150,100.0
2026-07-13 10:08:56,7737,533,1,0.0,150,100.0
2026-07-13 10:08:57,7738,533,2,0.0,150,100.0
2026-07-13 10:08:58,7739,533,3,0.0,150,100.0
2026-07-13 10:08:59,7740,533,4,0.0,150,100.0
2026-07-13 10:09:00,7741,533,5,0.0,150,100.0
2026-07-13 10:09:01,7742,533,6,0.0,150,100.0
2026-07-13 10:09:02,7743,533,7,0.0,150,100.0
2026-07-13 10:09:03,7744,533,8,0.0,150,100.0
2026-07-13 10:09:04,7745,533,9,0.0,150,100.0
2026-07-13 10:09:05,7746,533,10,0.0,150,100.0
2026-07-13 10:09:06,7747,533,11,0.0,150,100.0
2026-07-13 10:09:07,7748,533,12,0.0,150,100.0
2026-07-13 10:09:08,7749,533,13,0.0,150,100.0
2026-07-13 10:09:09,7750,534,0,0.0,150,100.0
2026-07-13 10:09:10,7751,534,1,0.0,150,100.0
2026-07-13 10:09:11,7752,534,2,0.0,150,100.0
2026-07-13 10:09:12,7753,534,3,0.0,150,100.0
2026-07-13 10:09:13,7754,534,4,0.0,150,100.0
2026-07-13 10:09:14,7755,534,5,0.0,150,100.0
2026-07-13 10:09:15,7756,534,6,0.0,150,100.0
2026-07-13 10:09:16,7757,534,7,0.0,150,100.0
2026-07-13 10:09:17,7758,534,8,0.0,150,100.0
2026-07-13 10:09:18,7759,534,9,0.0,150,100.0
2026-07-13 10:09:19,7760,534,10,0.0,150,100.0
2026-07-13 10:09:20,7761,534,11,0.0,150,100.0
2026-07-13 10:09:21,7762,534,12,0.0,150,100.0
2026-07-13 10:09:22,7763,534,13,0.0,150,100.0
2026-07-13 10:09:23,7764,534,14,0.0,150,100.0
2026-07-13 10:09:24,7765,535,0,0.0,150,100.0
2026-07-13 10:09:25,7766,535,1,0.0,150,100.0
2026-07-13 10:09:26,7767,535,2,0.0,150,100.0
2026-07-13 10:09:27,7768,535,3,0.0,150,100.0
2026-07-13 10:09:28,7769,535,4,0.0,150,100.0
2026-07-13 10:09:29,7770,535,5,0.0,150,100.0
2026-07-13 10:09:30,7771,535,6,0.0,150,100.0
2026-07-13 10:09:31,7772,535,7,0.0,150,100.0
2026-07-13 10:09:32,7773,535,8,0.0,150,100.0
2026-07-13 10:09:33,7774,535,9,0.0,150,100.0
2026-07-13 10:09:34,7775,535,10,0.0,150,100.0
2026-07-13 10:09:35,7776,535,11,0.0,150,100.0
2026-07-13 10:09:36,7777,535,12,0.0,150,100.0
2026-07-13 10:09:37,7778,535,13,0.0,150,100.0
2026-07-13 10:09:38,7779,535,14,0.0,150,100.0
2026-07-13 10:09:39,7780,535,15,0.0,150,100.0
2026-07-13 10:09:40,7781,536,0,0.0,150,100.0
2026-07-13 10:09:41,7782,536,1,0.0,150,100.0
2026-07-13 10:09:42,7783,536,2,0.0,150,100.0
2026-07-13 10:09:43,7784,536,3,0.0,150,100.0
2026-07-13 10:09:44,7785,536,4,0.0,150,100.0
2026-07-13 10:09:45,7786,536,5,0.0,150,100.0
2026-07-13 10:09:46,7787,536,6,0.0,150,100.0
2026-07-13 10:09:47,7788,536,7,0.0,150,100.0
2026-07-13 10:09:48,7789,536,8,0.0,150,100.0
2026-07-13 10:09:49,7790,536,9,0.0,150,100.0
2026-07-13 10:09:50,7791,536,10,0.0,150,100.0
2026-07-13 10:09:51,7792,536,11,0.0,150,100.0
2026-07-13 10:09:52,7793,537,0,0.0,150,100.0
2026-07-13 10:09:53,7794,537,1,0.0,150,100.0
2026-07-13 10:09:54,7795,537,2,0.0,150,100.0
2026-07-13 10:09:55,7796,537,3,0.0,150,100.0
2026-07-13 10:09:56,7797,537,4,0.0,150,100.0
2026-07-13 10:09:57,7798,537,5,0.0,150,100.0
2026-07-13 10:09:58,7799,537,6,0.0,150,100.0
2026-07-13 10:09:59,7800,537,7,15.95,150,100.0
2026-07-13 10:10:00,7801,537,8,0.0,150,100.0
2026-07-13 10:10:01,7802,537,9,0.0,150,100.0
2026-07-13 10:10:02,7803,537,10,0.0,150,100.0
2026-07-13 10:10:03,7804,537,11,0.0,150,100.0
2026-07-13 10:10:04,7805,537,12,0.0,150,100.0
2026-07-13 10:10:05,7806,537,13,0.0,150,100.0
2026-07-13 10:10:06,7807,537,14,0.0,150,100.0
2026-07-13 10:10:07,7808,537,15,0.0,150,100.0
2026-07-13 10:10:08,7809,538,0,0.0,150,100.0
2026-07-13 10:10:09,7810,538,1,7.59,150,100.0
2026-07-13 10:10:10,7811,538,2,100.0,150,100.0
2026-07-13 10:10:11,7812,538,3,100.0,150,100.0
2026-07-13 10:10:12,7813,538,4,100.0,150,100.0
2026-07-13 10:10:13,7814,538,5,100.0,150,100.0
2026-07-13 10:10:14,7815,538,6,100.0,150,100.0
2026-07-13 10:10:15,7816,538,7,100.0,150,100.0
2026-07-13 10:10:16,7817,538,8,0.0,150,100.0
2026-07-13 10:10:17,7818,538,9,0.0,150,100.0
2026-07-13 10:10:18,7819,538,10,0.0,150,100.0
2026-07-13 10:10:19,7820,538,11,0.0,150,100.0
2026-07-13 10:10:20,7821,538,12,0.0,150,100.0
2026-07-13 10:10:21,7822,538,13,0.0,150,100.0
2026-07-13 10:10:22,7823,539,0,0.0,150,100.0
2026-07-13 10:10:23,7824,539,1,100.0,150,100.0
2026-07-13 10:10:24,7825,539,2,41.59,150,100.0
2026-07-13 10:10:25,7826,539,3,74.17,150,100.0
2026-07-13 10:10:26,7827,539,4,100.0,150,100.0
2026-07-13 10:10:27,7828,539,5,100.0,150,100.0
2026-07-13 10:10:28,7829,539,6,0.0,150,100.0
2026-07-13 10:10:29,7830,539,7,0.0,150,100.0
2026-07-13 10:10:30,7831,539,8,0.0,150,100.0
2026-07-13 10:10:31,7832,539,9,0.0,150,100.0
2026-07-13 10:10:32,7833,539,10,0.0,150,100.0
2026-07-13 10:10:33,7834,539,11,0.0,150,100.0
2026-07-13 10:10:34,7835,539,12,0.0,150,100.0
2026-07-13 10:10:35,7836,539,13,0.0,150,100.0
2026-07-13 10:10:36,7837,539,14,0.0,150,100.0
2026-07-13 10:10:37,7838,540,0,0.0,150,100.0
2026-07-13 10:10:38,7839,540,1,0.0,150,100.0
2026-07-13 10:10:39,7840,540,2,4.88,150,100.0
2026-07-13 10:10:40,7841,540,3,48.39,150,100.0
2026-07-13 10:10:41,7842,540,4,0.0,150,100.0
2026-07-13 10:10:42,7843,540,5,0.0,150,100.0
2026-07-13 10:10:43,7844,540,6,0.0,150,100.0
2026-07-13 10:10:44,7845,540,7,0.0,150,100.0
2026-07-13 10:10:45,7846,540,8,0.0,150,100.0
2026-07-13 10:10:46,7847,540,9,0.0,150,100.0
2026-07-13 10:10:47,7848,540,10,0.0,150,100.0
2026-07-13 10:10:48,7849,540,11,0.0,150,100.0
2026-07-13 10:10:49,7850,540,12,0.0,150,100.0
2026-07-13 10:10:50,7851,540,13,0.0,150,100.0
2026-07-13 10:10:51,7852,540,14,0.0,150,100.0
2026-07-13 10:10:52,7853,540,15,0.0,150,100.0
2026-07-13 10:10:53,7854,541,0,0.0,150,100.0
2026-07-13 10:10:54,7855,541,1,0.0,150,100.0
2026-07-13 10:10:55,7856,541,2,0.0,150,100.0
2026-07-13 10:10:56,7857,541,3,0.0,150,100.0
2026-07-13 10:10:57,7858,541,4,0.0,150,100.0
2026-07-13 10:10:58,7859,541,5,0.0,150,100.0
2026-07-13 10:10:59,7860,541,6,0.0,150,100.0
2026-07-13 10:11:00,7861,541,7,0.0,150,100.0
2026-07-13 10:11:01,7862,541,8,0.0,150,100.0
2026-07-13 10:11:02,7863,541,9,0.0,150,100.0
2026-07-13 10:11:03,7864,541,10,0.0,150,100.0
2026-07-13 10:11:04,7865,541,11,0.0,150,100.0
2026-07-13 10:11:05,7866,541,12,0.0,150,100.0
2026-07-13 10:11:06,7867,541,13,0.0,150,100.0
2026-07-13 10:11:07,7868,541,14,0.0,150,100.0
2026-07-13 10:11:08,7869,541,15,0.0,150,100.0
2026-07-13 10:11:09,7870,542,0,0.0,150,100.0
2026-07-13 10:11:10,7871,542,1,0.0,150,100.0
2026-07-13 10:11:11,7872,542,2,0.0,150,100.0
2026-07-13 10:11:12,7873,542,3,0.0,150,100.0
2026-07-13 10:11:13,7874,542,4,0.0,150,100.0
2026-07-13 10:11:14,7875,542,5,0.0,150,100.0
2026-07-13 10:11:15,7876,542,6,0.0,150,100.0
2026-07-13 10:11:16,7877,542,7,0.0,150,100.0
2026-07-13 10:11:17,7878,542,8,38.85,150,100.0
2026-07-13 10:11:18,7879,542,9,100.0,150,100.0
2026-07-13 10:11:19,7880,542,10,0.0,150,100.0
2026-07-13 10:11:20,7881,542,11,0.0,150,100.0
2026-07-13 10:11:21,7882,542,12,0.0,150,100.0
2026-07-13 10:11:22,7883,542,13,0.0,150,100.0
2026-07-13 10:11:23,7884,542,14,0.0,150,100.0
2026-07-13 10:11:24,7885,542,15,0.0,150,100.0
2026-07-13 10:11:25,7886,543,0,0.0,150,100.0
2026-07-13 10:11:26,7887,543,1,0.0,150,100.0
2026-07-13 10:11:27,7888,543,2,0.0,150,100.0
2026-07-13 10:11:28,7889,543,3,0.0,150,100.0
2026-07-13 10:11:29,7890,543,4,0.0,150,100.0
2026-07-13 10:11:30,7891,543,5,0.0,150,100.0
2026-07-13 10:11:31,7892,543,6,0.0,150,100.0
2026-07-13 10:11:32,7893,543,7,0.0,150,100.0
2026-07-13 10:11:33,7894,543,8,0.0,150,100.0
2026-07-13 10:11:34,7895,543,9,0.0,150,100.0
2026-07-13 10:11:35,7896,543,10,0.0,150,100.0
2026-07-13 10:11:36,7897,543,11,0.0,150,100.0
2026-07-13 10:11:37,7898,543,12,0.0,150,100.0
2026-07-13 10:11:38,7899,543,13,0.0,150,100.0
2026-07-13 10:11:39,7900,544,0,0.0,150,100.0
2026-07-13 10:11:40,7901,544,1,0.0,150,100.0
2026-07-13 10:11:41,7902,544,2,0.0,150,100.0
2026-07-13 10:11:42,7903,544,3,0.0,150,100.0
2026-07-13 10:11:43,7904,544,4,0.0,150,100.0
2026-07-13 10:11:44,7905,544,5,0.0,150,100.0
2026-07-13 10:11:45,7906,544,6,0.0,150,100.0
2026-07-13 10:11:46,7907,544,7,0.0,150,100.0
2026-07-13 10:11:47,7908,544,8,0.0,150,100.0
2026-07-13 10:11:48,7909,544,9,0.0,150,100.0
2026-07-13 10:11:49,7910,544,10,0.0,150,100.0
2026-07-13 10:11:50,7911,544,11,0.0,150,100.0
2026-07-13 10:11:51,7912,544,12,0.0,150,100.0
2026-07-13 10:11:52,7913,545,0,0.0,150,100.0
2026-07-13 10:11:53,7914,545,1,0.0,150,100.0
2026-07-13 10:11:54,7915,545,2,0.0,150,100.0
2026-07-13 10:11:55,7916,545,3,0.0,150,100.0
2026-07-13 10:11:56,7917,545,4,0.0,150,100.0
2026-07-13 10:11:57,7918,545,5,0.0,150,100.0
2026-07-13 10:11:58,7919,545,6,0.0,150,100.0
2026-07-13 10:11:59,7920,545,7,0.0,150,100.0
2026-07-13 10:12:00,7921,545,8,0.0,150,100.0
2026-07-13 10:12:01,7922,545,9,0.0,150,100.0
2026-07-13 10:12:02,7923,545,10,0.0,150,100.0
2026-07-13 10:12:03,7924,545,11,0.0,150,100.0
2026-07-13 10:12:04,7925,545,12,0.0,150,100.0
2026-07-13 10:12:05,7926,545,13,0.0,150,100.0
2026-07-13 10:12:06,7927,545,14,0.0,150,100.0
2026-07-13 10:12:07,7928,546,0,0.0,150,100.0
2026-07-13 10:12:08,7929,546,1,0.0,150,100.0
2026-07-13 10:12:09,7930,546,2,0.0,150,100.0
2026-07-13 10:12:10,7931,546,3,0.0,150,100.0
2026-07-13 10:12:11,7932,546,4,0.0,150,100.0
2026-07-13 10:12:12,7933,546,5,0.0,150,100.0
2026-07-13 10:12:13,7934,546,6,0.0,150,100.0
2026-07-13 10:12:14,7935,546,7,0.0,150,100.0
2026-07-13 10:12:15,7936,546,8,0.0,150,100.0
2026-07-13 10:12:16,7937,546,9,0.0,150,100.0
2026-07-13 10:12:17,7938,546,10,0.0,150,100.0
2026-07-13 10:12:18,7939,546,11,0.0,150,100.0
2026-07-13 10:12:19,7940,546,12,0.0,150,100.0
2026-07-13 10:12:20,7941,546,13,0.0,150,100.0
2026-07-13 10:12:21,7942,546,14,0.0,150,100.0
2026-07-13 10:12:22,7943,547,0,0.0,150,100.0
2026-07-13 10:12:23,7944,547,1,0.0,150,100.0
2026-07-13 10:12:24,7945,547,2,0.0,150,100.0
2026-07-13 10:12:25,7946,547,3,0.0,150,100.0
2026-07-13 10:12:26,7947,547,4,0.0,150,100.0
2026-07-13 10:12:27,7948,547,5,0.0,150,100.0
2026-07-13 10:12:28,7949,547,6,0.0,150,100.0
2026-07-13 10:12:29,7950,547,7,0.0,150,100.0
2026-07-13 10:12:30,7951,547,8,0.0,150,100.0
2026-07-13 10:12:31,7952,547,9,0.0,150,100.0
2026-07-13 10:12:32,7953,547,10,0.0,150,100.0
2026-07-13 10:12:33,7954,547,11,0.0,150,100.0
2026-07-13 10:12:34,7955,547,12,0.0,150,100.0
2026-07-13 10:12:35,7956,547,13,0.0,150,100.0
2026-07-13 10:12:36,7957,547,14,0.0,150,100.0
2026-07-13 10:12:37,7958,547,15,0.0,150,100.0
2026-07-13 10:12:38,7959,548,0,0.0,150,100.0
2026-07-13 10:12:39,7960,548,1,0.0,150,100.0
2026-07-13 10:12:40,7961,548,2,0.0,150,100.0
2026-07-13 10:12:41,7962,548,3,0.0,150,100.0
2026-07-13 10:12:42,7963,548,4,0.0,150,100.0
2026-07-13 10:12:43,7964,548,5,0.0,150,100.0
2026-07-13 10:12:44,7965,548,6,0.0,150,100.0
2026-07-13 10:12:45,7966,548,7,0.0,150,100.0
2026-07-13 10:12:46,7967,548,8,0.0,150,100.0
2026-07-13 10:12:47,7968,548,9,0.0,150,100.0
2026-07-13 10:12:48,7969,548,10,0.0,150,100.0
2026-07-13 10:12:49,7970,548,11,0.0,150,100.0
2026-07-13 10:12:50,7971,548,12,0.0,150,100.0
2026-07-13 10:12:51,7972,548,13,0.0,150,100.0
2026-07-13 10:12:52,7973,548,14,0.0,150,100.0
2026-07-13 10:12:53,7974,548,15,0.0,150,100.0
2026-07-13 10:12:54,7975,549,0,0.0,150,100.0
2026-07-13 10:12:55,7976,549,1,0.0,150,100.0
2026-07-13 10:12:56,7977,549,2,0.0,150,100.0
2026-07-13 10:12:57,7978,549,3,0.0,150,100.0
2026-07-13 10:12:58,7979,549,4,0.0,150,100.0
2026-07-13 10:12:59,7980,549,5,0.0,150,100.0
2026-07-13 10:13:00,7981,549,6,0.0,150,100.0
2026-07-13 10:13:01,7982,549,7,0.0,150,100.0
2026-07-13 10:13:02,7983,549,8,0.0,150,100.0
2026-07-13 10:13:03,7984,549,9,0.0,150,100.0
2026-07-13 10:13:04,7985,549,10,0.0,150,100.0
2026-07-13 10:13:05,7986,549,11,0.0,150,100.0
2026-07-13 10:13:06,7987,549,12,0.0,150,100.0
2026-07-13 10:13:07,7988,549,13,0.0,150,100.0
2026-07-13 10:13:08,7989,550,0,0.0,150,100.0
2026-07-13 10:13:09,7990,550,1,0.0,150,100.0
2026-07-13 10:13:10,7991,550,2,0.0,150,100.0
2026-07-13 10:13:11,7992,550,3,0.0,150,100.0
2026-07-13 10:13:12,7993,550,4,0.0,150,100.0
2026-07-13 10:13:13,7994,550,5,0.0,150,100.0
2026-07-13 10:13:14,7995,550,6,0.0,150,100.0
2026-07-13 10:13:15,7996,550,7,0.0,150,100.0
2026-07-13 10:13:16,7997,550,8,0.0,150,100.0
2026-07-13 10:13:17,7998,550,9,0.0,150,100.0
2026-07-13 10:13:18,7999,550,10,0.0,150,100.0
2026-07-13 10:13:19,8000,550,11,0.0,150,100.0
2026-07-13 10:13:20,8001,550,12,0.0,150,100.0
2026-07-13 10:13:21,8002,550,13,0.0,150,100.0
2026-07-13 10:13:22,8003,550,14,0.0,150,100.0
2026-07-13 10:13:23,8004,551,0,0.0,150,100.0
2026-07-13 10:13:24,8005,551,1,0.0,150,100.0
2026-07-13 10:13:25,8006,551,2,0.0,150,100.0
2026-07-13 10:13:26,8007,551,3,0.0,150,100.0
2026-07-13 10:13:27,8008,551,4,0.0,150,100.0
2026-07-13 10:13:28,8009,551,5,0.0,150,100.0
2026-07-13 10:13:29,8010,551,6,0.0,150,100.0
2026-07-13 10:13:30,8011,551,7,0.0,150,100.0
2026-07-13 10:13:31,8012,551,8,0.0,150,100.0
2026-07-13 10:13:32,8013,551,9,0.0,150,100.0
2026-07-13 10:13:33,8014,551,10,0.0,150,100.0
2026-07-13 10:13:34,8015,551,11,0.0,150,100.0
2026-07-13 10:13:35,8016,551,12,0.0,150,100.0
2026-07-13 10:13:36,8017,551,13,0.0,150,100.0
2026-07-13 10:13:37,8018,552,0,0.0,150,100.0
2026-07-13 10:13:38,8019,552,1,0.0,150,100.0
2026-07-13 10:13:39,8020,552,2,0.0,150,100.0
2026-07-13 10:13:40,8021,552,3,0.0,150,100.0
2026-07-13 10:13:41,8022,552,4,0.0,150,100.0
2026-07-13 10:13:42,8023,552,5,0.0,150,100.0
2026-07-13 10:13:43,8024,552,6,0.0,150,100.0
2026-07-13 10:13:44,8025,552,7,0.0,150,100.0
2026-07-13 10:13:45,8026,552,8,0.0,150,100.0
2026-07-13 10:13:46,8027,552,9,0.0,150,100.0
2026-07-13 10:13:47,8028,552,10,0.0,150,100.0
2026-07-13 10:13:48,8029,552,11,0.0,150,100.0
2026-07-13 10:13:49,8030,552,12,0.0,150,100.0
2026-07-13 10:13:50,8031,552,13,0.0,150,100.0
2026-07-13 10:13:51,8032,552,14,0.0,150,100.0
2026-07-13 10:13:52,8033,552,15,0.0,150,100.0
2026-07-13 10:13:53,8034,552,16,0.0,150,100.0
2026-07-13 10:13:54,8035,553,0,0.0,150,100.0
2026-07-13 10:13:55,8036,553,1,0.0,150,100.0
2026-07-13 10:13:56,8037,553,2,0.0,150,100.0
2026-07-13 10:13:57,8038,553,3,0.0,150,100.0
2026-07-13 10:13:58,8039,553,4,0.0,150,100.0
2026-07-13 10:13:59,8040,553,5,0.0,150,100.0
2026-07-13 10:14:00,8041,553,6,0.0,150,100.0
2026-07-13 10:14:01,8042,553,7,0.0,150,100.0
2026-07-13 10:14:02,8043,553,8,0.0,150,100.0
2026-07-13 10:14:03,8044,553,9,0.0,150,100.0
2026-07-13 10:14:04,8045,553,10,0.0,150,100.0
2026-07-13 10:14:05,8046,553,11,0.0,150,100.0
2026-07-13 10:14:06,8047,553,12,0.0,150,100.0
2026-07-13 10:14:07,8048,553,13,0.0,150,100.0
2026-07-13 10:14:08,8049,553,14,0.0,150,100.0
2026-07-13 10:14:09,8050,553,15,0.0,150,100.0
2026-07-13 10:14:10,8051,554,0,0.0,150,100.0
2026-07-13 10:14:11,8052,554,1,0.0,150,100.0
2026-07-13 10:14:12,8053,554,2,0.0,150,100.0
2026-07-13 10:14:13,8054,554,3,0.0,150,100.0
2026-07-13 10:14:14,8055,554,4,0.0,150,100.0
2026-07-13 10:14:15,8056,554,5,0.0,150,100.0
2026-07-13 10:14:16,8057,554,6,0.0,150,100.0
2026-07-13 10:14:17,8058,554,7,0.0,150,100.0
2026-07-13 10:14:18,8059,554,8,0.0,150,100.0
2026-07-13 10:14:19,8060,554,9,0.0,150,100.0
2026-07-13 10:14:20,8061,554,10,0.0,150,100.0
2026-07-13 10:14:21,8062,554,11,0.0,150,100.0
2026-07-13 10:14:22,8063,554,12,0.0,150,100.0
2026-07-13 10:14:23,8064,554,13,0.0,150,100.0
2026-07-13 10:14:24,8065,554,14,0.0,150,100.0
2026-07-13 10:14:25,8066,555,0,0.0,150,100.0
2026-07-13 10:14:26,8067,555,1,0.0,150,100.0
2026-07-13 10:14:27,8068,555,2,0.0,150,100.0
2026-07-13 10:14:28,8069,555,3,0.0,150,100.0
2026-07-13 10:14:29,8070,555,4,0.0,150,100.0
2026-07-13 10:14:30,8071,555,5,0.0,150,100.0
2026-07-13 10:14:31,8072,555,6,0.0,150,100.0
2026-07-13 10:14:32,8073,555,7,0.0,150,100.0
2026-07-13 10:14:33,8074,555,8,0.0,150,100.0
2026-07-13 10:14:34,8075,555,9,0.0,150,100.0
2026-07-13 10:14:35,8076,555,10,0.0,150,100.0
2026-07-13 10:14:36,8077,555,11,0.0,150,100.0
2026-07-13 10:14:37,8078,555,12,0.0,150,100.0
2026-07-13 10:14:38,8079,556,0,0.0,150,100.0
2026-07-13 10:14:39,8080,556,1,0.0,150,100.0
2026-07-13 10:14:40,8081,556,2,0.0,150,100.0
2026-07-13 10:14:41,8082,556,3,0.0,150,100.0
2026-07-13 10:14:42,8083,556,4,0.0,150,100.0
2026-07-13 10:14:43,8084,556,5,0.0,150,100.0
2026-07-13 10:14:44,8085,556,6,0.0,150,100.0
2026-07-13 10:14:45,8086,556,7,0.0,150,100.0
2026-07-13 10:14:46,8087,556,8,0.0,150,100.0
2026-07-13 10:14:47,8088,556,9,0.0,150,100.0
2026-07-13 10:14:48,8089,556,10,0.0,150,100.0
2026-07-13 10:14:49,8090,556,11,0.0,150,100.0
2026-07-13 10:14:50,8091,557,0,0.0,150,100.0
2026-07-13 10:14:51,8092,557,1,0.0,150,100.0
2026-07-13 10:14:52,8093,557,2,0.0,150,100.0
2026-07-13 10:14:53,8094,557,3,0.0,150,100.0
2026-07-13 10:14:54,8095,557,4,0.0,150,100.0
2026-07-13 10:14:55,8096,557,5,0.0,150,100.0
2026-07-13 10:14:56,8097,557,6,0.0,150,100.0
2026-07-13 10:14:57,8098,557,7,0.0,150,100.0
2026-07-13 10:14:58,8099,557,8,0.0,150,100.0
2026-07-13 10:14:59,8100,557,9,0.0,150,100.0
2026-07-13 10:15:00,8101,557,10,0.0,150,100.0
2026-07-13 10:15:01,8102,557,11,0.0,150,100.0
2026-07-13 10:15:02,8103,557,12,0.0,150,100.0
2026-07-13 10:15:03,8104,557,13,0.0,150,100.0
2026-07-13 10:15:04,8105,557,14,0.0,150,100.0
2026-07-13 10:15:05,8106,557,15,0.0,150,100.0
2026-07-13 10:15:06,8107,558,0,0.0,150,100.0
2026-07-13 10:15:07,8108,558,1,0.0,150,100.0
2026-07-13 10:15:08,8109,558,2,0.0,150,100.0
2026-07-13 10:15:09,8110,558,3,0.0,150,100.0
2026-07-13 10:15:10,8111,558,4,0.0,150,100.0
2026-07-13 10:15:11,8112,558,5,0.0,150,100.0
2026-07-13 10:15:12,8113,558,6,0.0,150,100.0
2026-07-13 10:15:13,8114,558,7,0.0,150,100.0
2026-07-13 10:15:14,8115,558,8,0.0,150,100.0
2026-07-13 10:15:15,8116,558,9,0.0,150,100.0
2026-07-13 10:15:16,8117,558,10,0.0,150,100.0
2026-07-13 10:15:17,8118,558,11,0.0,150,100.0
2026-07-13 10:15:18,8119,558,12,0.0,150,100.0
2026-07-13 10:15:19,8120,558,13,0.0,150,100.0
2026-07-13 10:15:20,8121,559,0,0.0,150,100.0
2026-07-13 10:15:21,8122,559,1,0.0,150,100.0
2026-07-13 10:15:22,8123,559,2,0.0,150,100.0
2026-07-13 10:15:23,8124,559,3,0.0,150,100.0
2026-07-13 10:15:24,8125,559,4,0.0,150,100.0
2026-07-13 10:15:25,8126,559,5,0.0,150,100.0
2026-07-13 10:15:26,8127,559,6,19.87,150,100.0
2026-07-13 10:15:27,8128,559,7,0.0,150,100.0
2026-07-13 10:15:28,8129,559,8,0.0,150,100.0
2026-07-13 10:15:29,8130,559,9,0.0,150,100.0
2026-07-13 10:15:30,8131,559,10,0.0,150,100.0
2026-07-13 10:15:31,8132,559,11,0.0,150,100.0
2026-07-13 10:15:32,8133,559,12,0.0,150,100.0
2026-07-13 10:15:33,8134,559,13,0.0,150,100.0
2026-07-13 10:15:34,8135,559,14,0.0,150,100.0
2026-07-13 10:15:35,8136,559,15,0.0,150,100.0
2026-07-13 10:15:36,8137,560,0,0.0,150,100.0
2026-07-13 10:15:37,8138,560,1,0.0,150,100.0
2026-07-13 10:15:38,8139,560,2,0.0,150,100.0
2026-07-13 10:15:39,8140,560,3,0.0,150,100.0
2026-07-13 10:15:40,8141,560,4,0.0,150,100.0
2026-07-13 10:15:41,8142,560,5,0.0,150,100.0
2026-07-13 10:15:42,8143,560,6,0.0,150,100.0
2026-07-13 10:15:43,8144,560,7,0.0,150,100.0
2026-07-13 10:15:44,8145,560,8,0.0,150,100.0
2026-07-13 10:15:45,8146,560,9,0.0,150,100.0
2026-07-13 10:15:46,8147,560,10,0.0,150,100.0
2026-07-13 10:15:47,8148,560,11,0.0,150,100.0
2026-07-13 10:15:48,8149,560,12,0.0,150,100.0
2026-07-13 10:15:49,8150,560,13,0.0,150,100.0
2026-07-13 10:15:50,8151,560,14,0.0,150,100.0
2026-07-13 10:15:51,8152,561,0,0.0,150,100.0
2026-07-13 10:15:52,8153,561,1,0.0,150,100.0
2026-07-13 10:15:53,8154,561,2,0.0,150,100.0
2026-07-13 10:15:54,8155,561,3,0.0,150,100.0
2026-07-13 10:15:55,8156,561,4,0.0,150,100.0
2026-07-13 10:15:56,8157,561,5,0.0,150,100.0
2026-07-13 10:15:57,8158,561,6,0.0,150,100.0
2026-07-13 10:15:58,8159,561,7,0.0,150,100.0
2026-07-13 10:15:59,8160,561,8,0.0,150,100.0
2026-07-13 10:16:00,8161,561,9,0.0,150,100.0
2026-07-13 10:16:01,8162,561,10,0.0,150,100.0
2026-07-13 10:16:02,8163,561,11,0.0,150,100.0
2026-07-13 10:16:03,8164,562,0,0.0,150,100.0
2026-07-13 10:16:04,8165,562,1,0.0,150,100.0
2026-07-13 10:16:05,8166,562,2,0.0,150,100.0
2026-07-13 10:16:06,8167,562,3,0.0,150,100.0
2026-07-13 10:16:07,8168,562,4,0.0,150,100.0
2026-07-13 10:16:08,8169,562,5,0.0,150,100.0
2026-07-13 10:16:09,8170,562,6,0.0,150,100.0
2026-07-13 10:16:10,8171,562,7,0.0,150,100.0
2026-07-13 10:16:11,8172,562,8,0.0,150,100.0
2026-07-13 10:16:12,8173,562,9,0.0,150,100.0
2026-07-13 10:16:13,8174,562,10,0.0,150,100.0
2026-07-13 10:16:14,8175,562,11,0.0,150,100.0
2026-07-13 10:16:15,8176,562,12,0.0,150,100.0
2026-07-13 10:16:16,8177,562,13,0.0,150,100.0
2026-07-13 10:16:17,8178,562,14,0.0,150,100.0
2026-07-13 10:16:18,8179,563,0,0.0,150,100.0
2026-07-13 10:16:19,8180,563,1,0.0,150,100.0
2026-07-13 10:16:20,8181,563,2,0.0,150,100.0
2026-07-13 10:16:21,8182,563,3,0.0,150,100.0
2026-07-13 10:16:22,8183,563,4,0.0,150,100.0
2026-07-13 10:16:23,8184,563,5,0.0,150,100.0
2026-07-13 10:16:24,8185,563,6,0.0,150,100.0
2026-07-13 10:16:25,8186,563,7,0.0,150,100.0
2026-07-13 10:16:26,8187,563,8,0.0,150,100.0
2026-07-13 10:16:27,8188,563,9,0.0,150,100.0
2026-07-13 10:16:28,8189,563,10,0.0,150,100.0
2026-07-13 10:16:29,8190,563,11,0.0,150,100.0
2026-07-13 10:16:30,8191,563,12,0.0,150,100.0
2026-07-13 10:16:31,8192,563,13,88.03,150,100.0
2026-07-13 10:16:32,8193,563,14,0.0,150,100.0
2026-07-13 10:16:33,8194,563,15,0.0,150,100.0
2026-07-13 10:16:34,8195,564,0,0.0,150,100.0
2026-07-13 10:16:35,8196,564,1,0.0,150,100.0
2026-07-13 10:16:36,8197,564,2,0.0,150,100.0
2026-07-13 10:16:37,8198,564,3,0.0,150,100.0
2026-07-13 10:16:38,8199,564,4,0.0,150,100.0
2026-07-13 10:16:39,8200,564,5,0.0,150,100.0
2026-07-13 10:16:40,8201,564,6,0.0,150,100.0
2026-07-13 10:16:41,8202,564,7,0.0,150,100.0
2026-07-13 10:16:42,8203,564,8,0.0,150,100.0
2026-07-13 10:16:43,8204,564,9,0.0,150,100.0
2026-07-13 10:16:44,8205,564,10,0.0,150,100.0
2026-07-13 10:16:45,8206,564,11,0.0,150,100.0
2026-07-13 10:16:46,8207,564,12,2.54,150,100.0
2026-07-13 10:16:47,8208,565,0,100.0,150,100.0
2026-07-13 10:16:48,8209,565,1,0.0,150,100.0
2026-07-13 10:16:49,8210,565,2,0.0,150,100.0
2026-07-13 10:16:50,8211,565,3,0.0,150,100.0
2026-07-13 10:16:51,8212,565,4,0.0,150,100.0
2026-07-13 10:16:52,8213,565,5,0.0,150,100.0
2026-07-13 10:16:53,8214,565,6,0.0,150,100.0
2026-07-13 10:16:54,8215,565,7,0.0,150,100.0
2026-07-13 10:16:55,8216,565,8,0.0,150,100.0
2026-07-13 10:16:56,8217,565,9,0.0,150,100.0
2026-07-13 10:16:57,8218,565,10,0.0,150,100.0
2026-07-13 10:16:58,8219,565,11,0.0,150,100.0
2026-07-13 10:16:59,8220,565,12,0.0,150,100.0
2026-07-13 10:17:00,8221,565,13,100.0,150,100.0
2026-07-13 10:17:01,8222,565,14,0.0,150,100.0
2026-07-13 10:17:02,8223,565,15,0.0,150,100.0
2026-07-13 10:17:03,8224,566,0,0.0,150,100.0
2026-07-13 10:17:04,8225,566,1,0.0,150,100.0
2026-07-13 10:17:05,8226,566,2,0.0,150,100.0
2026-07-13 10:17:06,8227,566,3,0.0,150,100.0
2026-07-13 10:17:07,8228,566,4,0.0,150,100.0
2026-07-13 10:17:08,8229,566,5,0.0,150,100.0
2026-07-13 10:17:09,8230,566,6,0.0,150,100.0
2026-07-13 10:17:10,8231,566,7,0.0,150,100.0
2026-07-13 10:17:11,8232,566,8,0.0,150,100.0
2026-07-13 10:17:12,8233,566,9,0.0,150,100.0
2026-07-13 10:17:13,8234,566,10,3.0,150,100.0
2026-07-13 10:17:14,8235,566,11,0.0,150,100.0
2026-07-13 10:17:15,8236,566,12,0.0,150,100.0
2026-07-13 10:17:16,8237,567,0,0.0,150,100.0
2026-07-13 10:17:17,8238,567,1,0.0,150,100.0
2026-07-13 10:17:18,8239,567,2,0.0,150,100.0
2026-07-13 10:17:19,8240,567,3,0.0,150,100.0
2026-07-13 10:17:20,8241,567,4,0.0,150,100.0
2026-07-13 10:17:21,8242,567,5,0.0,150,100.0
2026-07-13 10:17:22,8243,567,6,0.0,150,100.0
2026-07-13 10:17:23,8244,567,7,0.0,150,100.0
2026-07-13 10:17:24,8245,567,8,0.0,150,100.0
2026-07-13 10:17:25,8246,567,9,0.0,150,100.0
2026-07-13 10:17:26,8247,567,10,0.0,150,100.0
2026-07-13 10:17:27,8248,567,11,0.0,150,100.0
2026-07-13 10:17:28,8249,567,12,0.0,150,100.0
2026-07-13 10:17:29,8250,568,0,0.0,150,100.0
2026-07-13 10:17:30,8251,568,1,0.0,150,100.0
2026-07-13 10:17:31,8252,568,2,0.0,150,100.0
2026-07-13 10:17:32,8253,568,3,0.0,150,100.0
2026-07-13 10:17:33,8254,568,4,0.0,150,100.0
2026-07-13 10:17:34,8255,568,5,0.0,150,100.0
2026-07-13 10:17:35,8256,568,6,0.0,150,100.0
2026-07-13 10:17:36,8257,568,7,0.0,150,100.0
2026-07-13 10:17:37,8258,568,8,0.0,150,100.0
2026-07-13 10:17:38,8259,568,9,0.0,150,100.0
2026-07-13 10:17:39,8260,568,10,0.0,150,100.0
2026-07-13 10:17:40,8261,568,11,0.0,150,100.0
2026-07-13 10:17:41,8262,568,12,0.0,150,100.0
2026-07-13 10:17:42,8263,568,13,21.25,150,100.0
2026-07-13 10:17:43,8264,568,14,0.0,150,100.0
2026-07-13 10:17:44,8265,569,0,0.0,150,100.0
2026-07-13 10:17:45,8266,569,1,0.0,150,100.0
2026-07-13 10:17:46,8267,569,2,0.0,150,100.0
2026-07-13 10:17:47,8268,569,3,0.0,150,100.0
2026-07-13 10:17:48,8269,569,4,0.0,150,100.0
2026-07-13 10:17:49,8270,569,5,0.0,150,100.0
2026-07-13 10:17:50,8271,569,6,0.0,150,100.0
2026-07-13 10:17:51,8272,569,7,0.0,150,100.0
2026-07-13 10:17:52,8273,569,8,0.0,150,100.0
2026-07-13 10:17:53,8274,569,9,0.0,150,100.0
2026-07-13 10:17:54,8275,569,10,0.0,150,100.0
2026-07-13 10:17:55,8276,569,11,0.0,150,100.0
2026-07-13 10:17:56,8277,569,12,0.0,150,100.0
2026-07-13 10:17:57,8278,570,0,40.83,150,100.0
2026-07-13 10:17:58,8279,570,1,100.0,150,100.0
2026-07-13 10:17:59,8280,570,2,0.0,150,100.0
2026-07-13 10:18:00,8281,570,3,0.0,150,100.0
2026-07-13 10:18:01,8282,570,4,0.0,150,100.0
2026-07-13 10:18:02,8283,570,5,0.0,150,100.0
2026-07-13 10:18:03,8284,570,6,0.0,150,100.0
2026-07-13 10:18:04,8285,570,7,0.0,150,100.0
2026-07-13 10:18:05,8286,570,8,0.0,150,100.0
2026-07-13 10:18:06,8287,570,9,0.0,150,100.0
2026-07-13 10:18:07,8288,570,10,0.0,150,100.0
2026-07-13 10:18:08,8289,570,11,0.0,150,100.0
2026-07-13 10:18:09,8290,570,12,0.0,150,100.0
2026-07-13 10:18:10,8291,570,13,0.0,150,100.0
2026-07-13 10:18:11,8292,571,0,0.0,150,100.0
2026-07-13 10:18:12,8293,571,1,0.0,150,100.0
2026-07-13 10:18:13,8294,571,2,100.0,150,100.0
2026-07-13 10:18:14,8295,571,3,100.0,150,100.0
2026-07-13 10:18:15,8296,571,4,0.0,150,100.0
2026-07-13 10:18:16,8297,571,5,0.0,150,100.0
2026-07-13 10:18:17,8298,571,6,0.0,150,100.0
2026-07-13 10:18:18,8299,571,7,0.0,150,100.0
2026-07-13 10:18:19,8300,571,8,0.0,150,100.0
2026-07-13 10:18:20,8301,571,9,0.0,150,100.0
2026-07-13 10:18:21,8302,571,10,0.0,150,100.0
2026-07-13 10:18:22,8303,571,11,0.0,150,100.0
2026-07-13 10:18:23,8304,571,12,0.0,150,100.0
2026-07-13 10:18:24,8305,571,13,0.0,150,100.0
2026-07-13 10:18:25,8306,572,0,0.0,150,100.0
2026-07-13 10:18:26,8307,572,1,0.0,150,100.0
2026-07-13 10:18:27,8308,572,2,0.0,150,100.0
2026-07-13 10:18:28,8309,572,3,0.0,150,100.0
2026-07-13 10:18:29,8310,572,4,0.0,150,100.0
2026-07-13 10:18:30,8311,572,5,0.0,150,100.0
2026-07-13 10:18:31,8312,572,6,0.0,150,100.0
2026-07-13 10:18:32,8313,572,7,0.0,150,100.0
2026-07-13 10:18:33,8314,572,8,0.0,150,100.0
2026-07-13 10:18:34,8315,572,9,0.0,150,100.0
2026-07-13 10:18:35,8316,572,10,0.0,150,100.0
2026-07-13 10:18:36,8317,572,11,0.0,150,100.0
2026-07-13 10:18:37,8318,572,12,0.0,150,100.0
2026-07-13 10:18:38,8319,572,13,0.0,150,100.0
2026-07-13 10:18:39,8320,572,14,0.0,150,100.0
2026-07-13 10:18:40,8321,572,15,0.0,150,100.0
2026-07-13 10:18:41,8322,572,16,0.0,150,100.0
2026-07-13 10:18:42,8323,573,0,0.0,150,100.0
2026-07-13 10:18:43,8324,573,1,0.0,150,100.0
2026-07-13 10:18:44,8325,573,2,0.0,150,100.0
2026-07-13 10:18:45,8326,573,3,0.0,150,100.0
2026-07-13 10:18:46,8327,573,4,0.0,150,100.0
2026-07-13 10:18:47,8328,573,5,0.0,150,100.0
2026-07-13 10:18:48,8329,573,6,0.0,150,100.0
2026-07-13 10:18:49,8330,573,7,0.0,150,100.0
2026-07-13 10:18:50,8331,573,8,0.0,150,100.0
2026-07-13 10:18:51,8332,573,9,0.0,150,100.0
2026-07-13 10:18:52,8333,573,10,0.0,150,100.0
2026-07-13 10:18:53,8334,573,11,0.0,150,100.0
2026-07-13 10:18:54,8335,573,12,11.25,150,100.0
2026-07-13 10:18:55,8336,573,13,0.0,150,100.0
2026-07-13 10:18:56,8337,574,0,0.0,150,100.0
2026-07-13 10:18:57,8338,574,1,0.0,150,100.0
2026-07-13 10:18:58,8339,574,2,0.0,150,100.0
2026-07-13 10:18:59,8340,574,3,0.0,150,100.0
2026-07-13 10:19:00,8341,574,4,0.0,150,100.0
2026-07-13 10:19:01,8342,574,5,37.63,150,100.0
2026-07-13 10:19:02,8343,574,6,0.0,150,100.0
2026-07-13 10:19:03,8344,574,7,0.0,150,100.0
2026-07-13 10:19:04,8345,574,8,0.0,150,100.0
2026-07-13 10:19:05,8346,574,9,0.0,150,100.0
2026-07-13 10:19:06,8347,574,10,0.0,150,100.0
2026-07-13 10:19:07,8348,574,11,0.0,150,100.0
2026-07-13 10:19:08,8349,574,12,0.0,150,100.0
2026-07-13 10:19:09,8350,575,0,0.0,150,100.0
2026-07-13 10:19:10,8351,575,1,100.0,150,100.0
2026-07-13 10:19:11,8352,575,2,0.0,150,100.0
2026-07-13 10:19:12,8353,575,3,0.0,150,100.0
2026-07-13 10:19:13,8354,575,4,0.0,150,100.0
2026-07-13 10:19:14,8355,575,5,0.0,150,100.0
2026-07-13 10:19:15,8356,575,6,0.0,150,100.0
2026-07-13 10:19:16,8357,575,7,0.0,150,100.0
2026-07-13 10:19:17,8358,575,8,0.0,150,100.0
2026-07-13 10:19:18,8359,575,9,0.0,150,100.0
2026-07-13 10:19:19,8360,575,10,0.0,150,100.0
2026-07-13 10:19:20,8361,575,11,0.0,150,100.0
2026-07-13 10:19:21,8362,575,12,0.0,150,100.0
2026-07-13 10:19:22,8363,576,0,0.0,150,100.0
2026-07-13 10:19:23,8364,576,1,100.0,150,100.0
2026-07-13 10:19:24,8365,576,2,100.0,150,100.0
2026-07-13 10:19:25,8366,576,3,0.0,150,100.0
2026-07-13 10:19:26,8367,576,4,10.98,150,100.0
2026-07-13 10:19:27,8368,576,5,20.77,150,100.0
2026-07-13 10:19:28,8369,576,6,40.86,150,100.0
2026-07-13 10:19:29,8370,576,7,65.73,150,100.0
2026-07-13 10:19:30,8371,576,8,100.0,150,100.0
2026-07-13 10:19:31,8372,576,9,0.0,150,100.0
2026-07-13 10:19:32,8373,576,10,0.0,150,100.0
2026-07-13 10:19:33,8374,576,11,0.0,150,100.0
2026-07-13 10:19:34,8375,576,12,0.0,150,100.0
2026-07-13 10:19:35,8376,576,13,0.0,150,100.0
2026-07-13 10:19:36,8377,576,14,0.0,150,100.0
2026-07-13 10:19:37,8378,577,0,0.0,150,100.0
2026-07-13 10:19:38,8379,577,1,100.0,150,100.0
2026-07-13 10:19:39,8380,577,2,0.0,150,100.0
2026-07-13 10:19:40,8381,577,3,0.0,150,100.0
2026-07-13 10:19:41,8382,577,4,0.0,150,100.0
2026-07-13 10:19:42,8383,577,5,0.0,150,100.0
2026-07-13 10:19:43,8384,577,6,0.0,150,100.0
2026-07-13 10:19:44,8385,577,7,0.0,150,100.0
2026-07-13 10:19:45,8386,577,8,0.0,150,100.0
2026-07-13 10:19:46,8387,577,9,0.0,150,100.0
2026-07-13 10:19:47,8388,577,10,0.0,150,100.0
2026-07-13 10:19:48,8389,577,11,0.0,150,100.0
2026-07-13 10:19:49,8390,577,12,0.0,150,100.0
2026-07-13 10:19:50,8391,577,13,0.0,150,100.0
2026-07-13 10:19:51,8392,577,14,100.0,150,100.0
2026-07-13 10:19:52,8393,577,15,0.0,150,100.0
2026-07-13 10:19:53,8394,578,0,0.0,150,100.0
2026-07-13 10:19:54,8395,578,1,0.0,150,100.0
2026-07-13 10:19:55,8396,578,2,0.0,150,100.0
2026-07-13 10:19:56,8397,578,3,0.0,150,100.0
2026-07-13 10:19:57,8398,578,4,0.0,150,100.0
2026-07-13 10:19:58,8399,578,5,0.0,150,100.0
2026-07-13 10:19:59,8400,578,6,0.0,150,100.0
2026-07-13 10:20:00,8401,578,7,0.0,150,100.0
2026-07-13 10:20:01,8402,578,8,0.0,150,100.0
2026-07-13 10:20:02,8403,578,9,0.0,150,100.0
2026-07-13 10:20:03,8404,578,10,0.0,150,100.0
2026-07-13 10:20:04,8405,578,11,0.0,150,100.0
2026-07-13 10:20:05,8406,578,12,100.0,150,100.0
2026-07-13 10:20:06,8407,578,13,0.0,150,100.0
2026-07-13 10:20:07,8408,579,0,0.0,150,100.0
2026-07-13 10:20:08,8409,579,1,0.0,150,100.0
2026-07-13 10:20:09,8410,579,2,0.0,150,100.0
2026-07-13 10:20:10,8411,579,3,0.0,150,100.0
2026-07-13 10:20:11,8412,579,4,0.0,150,100.0
2026-07-13 10:20:12,8413,579,5,0.0,150,100.0
2026-07-13 10:20:13,8414,579,6,0.0,150,100.0
2026-07-13 10:20:14,8415,579,7,0.0,150,100.0
2026-07-13 10:20:15,8416,579,8,0.0,150,100.0
2026-07-13 10:20:16,8417,579,9,0.0,150,100.0
2026-07-13 10:20:17,8418,579,10,0.0,150,100.0
2026-07-13 10:20:18,8419,579,11,0.0,150,100.0
2026-07-13 10:20:19,8420,579,12,47.48,150,100.0
2026-07-13 10:20:20,8421,579,13,34.4,150,100.0
2026-07-13 10:20:21,8422,579,14,0.0,150,100.0
2026-07-13 10:20:22,8423,580,0,0.0,150,100.0
2026-07-13 10:20:23,8424,580,1,0.0,150,100.0
2026-07-13 10:20:24,8425,580,2,0.0,150,100.0
2026-07-13 10:20:25,8426,580,3,0.0,150,100.0
2026-07-13 10:20:26,8427,580,4,0.0,150,100.0
2026-07-13 10:20:27,8428,580,5,0.0,150,100.0
2026-07-13 10:20:28,8429,580,6,0.0,150,100.0
2026-07-13 10:20:29,8430,580,7,0.0,150,100.0
2026-07-13 10:20:30,8431,580,8,0.0,150,100.0
2026-07-13 10:20:31,8432,580,9,0.0,150,100.0
2026-07-13 10:20:32,8433,580,10,0.0,150,100.0
2026-07-13 10:20:33,8434,580,11,0.0,150,100.0
2026-07-13 10:20:34,8435,580,12,0.0,150,100.0
2026-07-13 10:20:35,8436,580,13,0.0,150,100.0
2026-07-13 10:20:36,8437,580,14,0.0,150,100.0
2026-07-13 10:20:37,8438,580,15,0.0,150,100.0
2026-07-13 10:20:38,8439,580,16,0.0,150,100.0
2026-07-13 10:20:39,8440,581,0,0.0,150,100.0
2026-07-13 10:20:40,8441,581,1,0.0,150,100.0
2026-07-13 10:20:41,8442,581,2,0.0,150,100.0
2026-07-13 10:20:42,8443,581,3,0.0,150,100.0
2026-07-13 10:20:43,8444,581,4,0.0,150,100.0
2026-07-13 10:20:44,8445,581,5,0.0,150,100.0
2026-07-13 10:20:45,8446,581,6,0.0,150,100.0
2026-07-13 10:20:46,8447,581,7,0.0,150,100.0
2026-07-13 10:20:47,8448,581,8,2.94,150,100.0
2026-07-13 10:20:48,8449,581,9,0.0,150,100.0
2026-07-13 10:20:49,8450,581,10,0.0,150,100.0
2026-07-13 10:20:50,8451,581,11,0.0,150,100.0
2026-07-13 10:20:51,8452,581,12,0.0,150,100.0
2026-07-13 10:20:52,8453,581,13,0.0,150,100.0
2026-07-13 10:20:53,8454,581,14,0.0,150,100.0
2026-07-13 10:20:54,8455,581,15,0.0,150,100.0
2026-07-13 10:20:55,8456,582,0,0.0,150,100.0
2026-07-13 10:20:56,8457,582,1,0.0,150,100.0
2026-07-13 10:20:57,8458,582,2,0.0,150,100.0
2026-07-13 10:20:58,8459,582,3,0.0,150,100.0
2026-07-13 10:20:59,8460,582,4,0.0,150,100.0
2026-07-13 10:21:00,8461,582,5,0.0,150,100.0
2026-07-13 10:21:01,8462,582,6,0.0,150,100.0
2026-07-13 10:21:02,8463,582,7,58.41,150,100.0
2026-07-13 10:21:03,8464,582,8,100.0,150,100.0
2026-07-13 10:21:04,8465,582,9,0.0,150,100.0
2026-07-13 10:21:05,8466,582,10,0.0,150,100.0
2026-07-13 10:21:06,8467,582,11,0.0,150,100.0
2026-07-13 10:21:07,8468,582,12,0.0,150,100.0
2026-07-13 10:21:08,8469,582,13,0.0,150,100.0
2026-07-13 10:21:09,8470,583,0,0.0,150,100.0
2026-07-13 10:21:10,8471,583,1,0.0,150,100.0
2026-07-13 10:21:11,8472,583,2,0.0,150,100.0
2026-07-13 10:21:12,8473,583,3,0.0,150,100.0
2026-07-13 10:21:13,8474,583,4,0.0,150,100.0
2026-07-13 10:21:14,8475,583,5,0.0,150,100.0
2026-07-13 10:21:15,8476,583,6,0.0,150,100.0
2026-07-13 10:21:16,8477,583,7,0.0,150,100.0
2026-07-13 10:21:17,8478,583,8,35.38,150,100.0
2026-07-13 10:21:18,8479,583,9,0.0,150,100.0
2026-07-13 10:21:19,8480,583,10,0.0,150,100.0
2026-07-13 10:21:20,8481,583,11,0.0,150,100.0
2026-07-13 10:21:21,8482,583,12,0.0,150,100.0
2026-07-13 10:21:22,8483,583,13,0.0,150,100.0
2026-07-13 10:21:23,8484,583,14,0.0,150,100.0
2026-07-13 10:21:24,8485,583,15,0.0,150,100.0
2026-07-13 10:21:25,8486,583,16,0.0,150,100.0
2026-07-13 10:21:26,8487,584,0,0.0,150,100.0
2026-07-13 10:21:27,8488,584,1,0.0,150,100.0
2026-07-13 10:21:28,8489,584,2,0.0,150,100.0
2026-07-13 10:21:29,8490,584,3,0.0,150,100.0
2026-07-13 10:21:30,8491,584,4,0.0,150,100.0
2026-07-13 10:21:31,8492,584,5,0.0,150,100.0
2026-07-13 10:21:32,8493,584,6,16.18,150,100.0
2026-07-13 10:21:33,8494,584,7,0.0,150,100.0
2026-07-13 10:21:34,8495,584,8,0.0,150,100.0
2026-07-13 10:21:35,8496,584,9,0.0,150,100.0
2026-07-13 10:21:36,8497,584,10,0.0,150,100.0
2026-07-13 10:21:37,8498,584,11,0.0,150,100.0
2026-07-13 10:21:38,8499,584,12,0.0,150,100.0
2026-07-13 10:21:39,8500,585,0,0.0,150,100.0
2026-07-13 10:21:40,8501,585,1,0.0,150,100.0
2026-07-13 10:21:41,8502,585,2,0.0,150,100.0
2026-07-13 10:21:42,8503,585,3,0.0,150,100.0
2026-07-13 10:21:43,8504,585,4,0.0,150,100.0
2026-07-13 10:21:44,8505,585,5,0.0,150,100.0
2026-07-13 10:21:45,8506,585,6,0.0,150,100.0
2026-07-13 10:21:46,8507,585,7,0.0,150,100.0
2026-07-13 10:21:47,8508,585,8,0.0,150,100.0
2026-07-13 10:21:48,8509,585,9,0.0,150,100.0
2026-07-13 10:21:49,8510,585,10,0.0,150,100.0
2026-07-13 10:21:50,8511,585,11,0.0,150,100.0
2026-07-13 10:21:51,8512,585,12,0.0,150,100.0
2026-07-13 10:21:52,8513,585,13,0.0,150,100.0
2026-07-13 10:21:53,8514,585,14,0.0,150,100.0
2026-07-13 10:21:54,8515,585,15,0.0,150,100.0
2026-07-13 10:21:55,8516,586,0,0.0,150,100.0
2026-07-13 10:21:56,8517,586,1,0.0,150,100.0
2026-07-13 10:21:57,8518,586,2,0.0,150,100.0
2026-07-13 10:21:58,8519,586,3,0.0,150,100.0
2026-07-13 10:21:59,8520,586,4,0.0,150,100.0
2026-07-13 10:22:00,8521,586,5,0.0,150,100.0
2026-07-13 10:22:01,8522,586,6,0.0,150,100.0
2026-07-13 10:22:02,8523,586,7,0.0,150,100.0
2026-07-13 10:22:03,8524,586,8,0.0,150,100.0
2026-07-13 10:22:04,8525,586,9,0.0,150,100.0
2026-07-13 10:22:05,8526,586,10,0.0,150,100.0
2026-07-13 10:22:06,8527,586,11,0.0,150,100.0
2026-07-13 10:22:07,8528,586,12,0.0,150,100.0
2026-07-13 10:22:08,8529,587,0,0.0,150,100.0
2026-07-13 10:22:09,8530,587,1,0.0,150,100.0
2026-07-13 10:22:10,8531,587,2,0.0,150,100.0
2026-07-13 10:22:11,8532,587,3,0.0,150,100.0
2026-07-13 10:22:12,8533,587,4,0.0,150,100.0
2026-07-13 10:22:13,8534,587,5,0.0,150,100.0
2026-07-13 10:22:14,8535,587,6,0.0,150,100.0
2026-07-13 10:22:15,8536,587,7,0.0,150,100.0
2026-07-13 10:22:16,8537,587,8,0.0,150,100.0
2026-07-13 10:22:17,8538,587,9,0.0,150,100.0
2026-07-13 10:22:18,8539,587,10,0.0,150,100.0
2026-07-13 10:22:19,8540,587,11,0.0,150,100.0
2026-07-13 10:22:20,8541,587,12,0.0,150,100.0
2026-07-13 10:22:21,8542,587,13,0.0,150,100.0
2026-07-13 10:22:22,8543,587,14,0.0,150,100.0
2026-07-13 10:22:23,8544,587,15,0.0,150,100.0
2026-07-13 10:22:24,8545,588,0,0.0,150,100.0
2026-07-13 10:22:25,8546,588,1,0.0,150,100.0
2026-07-13 10:22:26,8547,588,2,0.0,150,100.0
2026-07-13 10:22:27,8548,588,3,0.0,150,100.0
2026-07-13 10:22:28,8549,588,4,0.0,150,100.0
2026-07-13 10:22:29,8550,588,5,0.0,150,100.0
2026-07-13 10:22:30,8551,588,6,0.0,150,100.0
2026-07-13 10:22:31,8552,588,7,0.0,150,100.0
2026-07-13 10:22:32,8553,588,8,0.0,150,100.0
2026-07-13 10:22:33,8554,588,9,0.0,150,100.0
2026-07-13 10:22:34,8555,588,10,0.0,150,100.0
2026-07-13 10:22:35,8556,588,11,0.0,150,100.0
2026-07-13 10:22:36,8557,588,12,0.0,150,100.0
2026-07-13 10:22:37,8558,588,13,0.0,150,100.0
2026-07-13 10:22:38,8559,589,0,0.0,150,100.0
2026-07-13 10:22:39,8560,589,1,0.0,150,100.0
2026-07-13 10:22:40,8561,589,2,0.0,150,100.0
2026-07-13 10:22:41,8562,589,3,0.0,150,100.0
2026-07-13 10:22:42,8563,589,4,0.0,150,100.0
2026-07-13 10:22:43,8564,589,5,0.0,150,100.0
2026-07-13 10:22:44,8565,589,6,0.0,150,100.0
2026-07-13 10:22:45,8566,589,7,0.0,150,100.0
2026-07-13 10:22:46,8567,589,8,0.0,150,100.0
2026-07-13 10:22:47,8568,589,9,0.0,150,100.0
2026-07-13 10:22:48,8569,589,10,0.0,150,100.0
2026-07-13 10:22:49,8570,589,11,0.0,150,100.0
2026-07-13 10:22:50,8571,590,0,0.0,150,100.0
2026-07-13 10:22:51,8572,590,1,0.0,150,100.0
2026-07-13 10:22:52,8573,590,2,0.0,150,100.0
2026-07-13 10:22:53,8574,590,3,0.0,150,100.0
2026-07-13 10:22:54,8575,590,4,0.0,150,100.0
2026-07-13 10:22:55,8576,590,5,0.0,150,100.0
2026-07-13 10:22:56,8577,590,6,0.0,150,100.0
2026-07-13 10:22:57,8578,590,7,0.0,150,100.0
2026-07-13 10:22:58,8579,590,8,0.0,150,100.0
2026-07-13 10:22:59,8580,590,9,0.0,150,100.0
2026-07-13 10:23:00,8581,590,10,0.0,150,100.0
2026-07-13 10:23:01,8582,590,11,0.0,150,100.0
2026-07-13 10:23:02,8583,590,12,0.0,150,100.0
2026-07-13 10:23:03,8584,590,13,0.0,150,100.0
2026-07-13 10:23:04,8585,590,14,0.0,150,100.0
2026-07-13 10:23:05,8586,590,15,0.0,150,100.0
2026-07-13 10:23:06,8587,591,0,0.0,150,100.0
2026-07-13 10:23:07,8588,591,1,0.0,150,100.0
2026-07-13 10:23:08,8589,591,2,0.0,150,100.0
2026-07-13 10:23:09,8590,591,3,0.0,150,100.0
2026-07-13 10:23:10,8591,591,4,0.0,150,100.0
2026-07-13 10:23:11,8592,591,5,0.0,150,100.0
2026-07-13 10:23:12,8593,591,6,0.0,150,100.0
2026-07-13 10:23:13,8594,591,7,0.0,150,100.0
2026-07-13 10:23:14,8595,591,8,0.0,150,100.0
2026-07-13 10:23:15,8596,591,9,0.0,150,100.0
2026-07-13 10:23:16,8597,591,10,0.0,150,100.0
2026-07-13 10:23:17,8598,591,11,39.72,150,100.0
2026-07-13 10:23:18,8599,591,12,0.0,150,100.0
2026-07-13 10:23:19,8600,591,13,0.0,150,100.0
2026-07-13 10:23:20,8601,592,0,0.0,150,100.0
2026-07-13 10:23:21,8602,592,1,0.0,150,100.0
2026-07-13 10:23:22,8603,592,2,0.0,150,100.0
2026-07-13 10:23:23,8604,592,3,0.0,150,100.0
2026-07-13 10:23:24,8605,592,4,0.0,150,100.0
2026-07-13 10:23:25,8606,592,5,0.0,150,100.0
2026-07-13 10:23:26,8607,592,6,0.0,150,100.0
2026-07-13 10:23:27,8608,592,7,0.0,150,100.0
2026-07-13 10:23:28,8609,592,8,0.0,150,100.0
2026-07-13 10:23:29,8610,592,9,0.0,150,100.0
2026-07-13 10:23:30,8611,592,10,0.0,150,100.0
2026-07-13 10:23:31,8612,592,11,0.0,150,100.0
2026-07-13 10:23:32,8613,593,0,0.0,150,100.0
2026-07-13 10:23:33,8614,593,1,0.0,150,100.0
2026-07-13 10:23:34,8615,593,2,0.0,150,100.0
2026-07-13 10:23:35,8616,593,3,0.0,150,100.0
2026-07-13 10:23:36,8617,593,4,0.0,150,100.0
2026-07-13 10:23:37,8618,593,5,0.0,150,100.0
2026-07-13 10:23:38,8619,593,6,0.0,150,100.0
2026-07-13 10:23:39,8620,593,7,0.0,150,100.0
2026-07-13 10:23:40,8621,593,8,0.0,150,100.0
2026-07-13 10:23:41,8622,593,9,0.0,150,100.0
2026-07-13 10:23:42,8623,593,10,0.0,150,100.0
2026-07-13 10:23:43,8624,593,11,0.0,150,100.0
2026-07-13 10:23:44,8625,593,12,0.0,150,100.0
2026-07-13 10:23:45,8626,594,0,0.0,150,100.0
2026-07-13 10:23:46,8627,594,1,0.0,150,100.0
2026-07-13 10:23:47,8628,594,2,0.0,150,100.0
2026-07-13 10:23:48,8629,594,3,0.0,150,100.0
2026-07-13 10:23:49,8630,594,4,0.0,150,100.0
2026-07-13 10:23:50,8631,594,5,0.0,150,100.0
2026-07-13 10:23:51,8632,594,6,0.0,150,100.0
2026-07-13 10:23:52,8633,594,7,0.0,150,100.0
2026-07-13 10:23:53,8634,594,8,0.0,150,100.0
2026-07-13 10:23:54,8635,594,9,0.0,150,100.0
2026-07-13 10:23:55,8636,594,10,0.0,150,100.0
2026-07-13 10:23:56,8637,594,11,0.0,150,100.0
2026-07-13 10:23:57,8638,595,0,0.0,150,100.0
2026-07-13 10:23:58,8639,595,1,0.0,150,100.0
2026-07-13 10:23:59,8640,595,2,0.0,150,100.0
2026-07-13 10:24:00,8641,595,3,0.0,150,100.0
2026-07-13 10:24:01,8642,595,4,0.0,150,100.0
2026-07-13 10:24:02,8643,595,5,0.0,150,100.0
2026-07-13 10:24:03,8644,595,6,0.0,150,100.0
2026-07-13 10:24:04,8645,595,7,0.0,150,100.0
2026-07-13 10:24:05,8646,595,8,0.0,150,100.0
2026-07-13 10:24:06,8647,595,9,0.0,150,100.0
2026-07-13 10:24:07,8648,595,10,0.0,150,100.0
2026-07-13 10:24:08,8649,595,11,0.0,150,100.0
2026-07-13 10:24:09,8650,596,0,0.0,150,100.0
2026-07-13 10:24:10,8651,596,1,0.0,150,100.0
2026-07-13 10:24:11,8652,596,2,0.0,150,100.0
2026-07-13 10:24:12,8653,596,3,0.0,150,100.0
2026-07-13 10:24:13,8654,596,4,0.0,150,100.0
2026-07-13 10:24:14,8655,596,5,0.0,150,100.0
2026-07-13 10:24:15,8656,596,6,0.0,150,100.0
2026-07-13 10:24:16,8657,596,7,0.0,150,100.0
2026-07-13 10:24:17,8658,596,8,0.0,150,100.0
2026-07-13 10:24:18,8659,596,9,0.0,150,100.0
2026-07-13 10:24:19,8660,596,10,0.0,150,100.0
2026-07-13 10:24:20,8661,596,11,0.0,150,100.0
2026-07-13 10:24:21,8662,596,12,0.0,150,100.0
2026-07-13 10:24:22,8663,597,0,0.0,150,100.0
2026-07-13 10:24:23,8664,597,1,0.0,150,100.0
2026-07-13 10:24:24,8665,597,2,0.0,150,100.0
2026-07-13 10:24:25,8666,597,3,0.0,150,100.0
2026-07-13 10:24:26,8667,597,4,0.0,150,100.0
2026-07-13 10:24:27,8668,597,5,0.0,150,100.0
2026-07-13 10:24:28,8669,597,6,0.0,150,100.0
2026-07-13 10:24:29,8670,597,7,0.0,150,100.0
2026-07-13 10:24:30,8671,597,8,0.0,150,100.0
2026-07-13 10:24:31,8672,597,9,0.0,150,100.0
2026-07-13 10:24:32,8673,597,10,0.0,150,100.0
2026-07-13 10:24:33,8674,597,11,0.0,150,100.0
2026-07-13 10:24:34,8675,597,12,0.0,150,100.0
2026-07-13 10:24:35,8676,597,13,0.0,150,100.0
2026-07-13 10:24:36,8677,598,0,0.0,150,100.0
2026-07-13 10:24:37,8678,598,1,0.0,150,100.0
2026-07-13 10:24:38,8679,598,2,0.0,150,100.0
2026-07-13 10:24:39,8680,598,3,0.0,150,100.0
2026-07-13 10:24:40,8681,598,4,0.0,150,100.0
2026-07-13 10:24:41,8682,598,5,0.0,150,100.0
2026-07-13 10:24:42,8683,598,6,0.0,150,100.0
2026-07-13 10:24:43,8684,598,7,0.0,150,100.0
2026-07-13 10:24:44,8685,598,8,0.0,150,100.0
2026-07-13 10:24:45,8686,598,9,0.0,150,100.0
2026-07-13 10:24:46,8687,598,10,0.0,150,100.0
2026-07-13 10:24:47,8688,598,11,0.0,150,100.0
2026-07-13 10:24:48,8689,598,12,0.0,150,100.0
2026-07-13 10:24:49,8690,599,0,0.0,150,100.0
2026-07-13 10:24:50,8691,599,1,0.0,150,100.0
2026-07-13 10:24:51,8692,599,2,0.0,150,100.0
2026-07-13 10:24:52,8693,599,3,0.0,150,100.0
2026-07-13 10:24:53,8694,599,4,0.0,150,100.0
2026-07-13 10:24:54,8695,599,5,0.0,150,100.0
2026-07-13 10:24:55,8696,599,6,0.0,150,100.0
2026-07-13 10:24:56,8697,599,7,0.0,150,100.0
2026-07-13 10:24:57,8698,599,8,0.0,150,100.0
2026-07-13 10:24:58,8699,599,9,0.0,150,100.0
2026-07-13 10:24:59,8700,599,10,0.0,150,100.0
2026-07-13 10:25:00,8701,599,11,0.0,150,100.0
2026-07-13 10:25:01,8702,599,12,0.0,150,100.0
2026-07-13 10:25:02,8703,599,13,0.0,150,100.0
2026-07-13 10:25:03,8704,599,14,0.0,150,100.0
2026-07-13 10:25:04,8705,600,0,0.0,150,100.0
2026-07-13 10:25:05,8706,600,1,0.0,150,100.0
2026-07-13 10:25:06,8707,600,2,0.0,150,100.0
2026-07-13 10:25:07,8708,600,3,0.0,150,100.0
2026-07-13 10:25:08,8709,600,4,0.0,150,100.0
2026-07-13 10:25:09,8710,600,5,0.0,150,100.0
2026-07-13 10:25:10,8711,600,6,0.0,150,100.0
2026-07-13 10:25:11,8712,600,7,0.0,150,100.0
2026-07-13 10:25:12,8713,600,8,0.0,150,100.0
2026-07-13 10:25:13,8714,600,9,0.0,150,100.0
2026-07-13 10:25:14,8715,600,10,0.0,150,100.0
2026-07-13 10:25:15,8716,600,11,0.0,150,100.0
2026-07-13 10:25:16,8717,600,12,0.0,150,100.0
2026-07-13 10:25:17,8718,600,13,0.0,150,100.0
2026-07-13 10:25:18,8719,601,0,0.0,150,100.0
2026-07-13 10:25:19,8720,601,1,0.0,150,100.0
2026-07-13 10:25:20,8721,601,2,0.0,150,100.0
2026-07-13 10:25:21,8722,601,3,0.0,150,100.0
2026-07-13 10:25:22,8723,601,4,0.0,150,100.0
2026-07-13 10:25:23,8724,601,5,0.0,150,100.0
2026-07-13 10:25:24,8725,601,6,0.0,150,100.0
2026-07-13 10:25:25,8726,601,7,0.0,150,100.0
2026-07-13 10:25:26,8727,601,8,0.0,150,100.0
2026-07-13 10:25:27,8728,601,9,0.0,150,100.0
2026-07-13 10:25:28,8729,601,10,0.0,150,100.0
2026-07-13 10:25:29,8730,601,11,0.0,150,100.0
2026-07-13 10:25:30,8731,601,12,0.0,150,100.0
2026-07-13 10:25:31,8732,602,0,0.0,150,100.0
2026-07-13 10:25:32,8733,602,1,0.0,150,100.0
2026-07-13 10:25:33,8734,602,2,0.0,150,100.0
2026-07-13 10:25:34,8735,602,3,0.0,150,100.0
2026-07-13 10:25:35,8736,602,4,0.0,150,100.0
2026-07-13 10:25:36,8737,602,5,0.0,150,100.0
2026-07-13 10:25:37,8738,602,6,0.0,150,100.0
2026-07-13 10:25:38,8739,602,7,0.0,150,100.0
2026-07-13 10:25:39,8740,602,8,0.0,150,100.0
2026-07-13 10:25:40,8741,602,9,0.0,150,100.0
2026-07-13 10:25:41,8742,602,10,0.0,150,100.0
2026-07-13 10:25:42,8743,602,11,0.0,150,100.0
2026-07-13 10:25:43,8744,602,12,0.0,150,100.0
2026-07-13 10:25:44,8745,602,13,0.0,150,100.0
2026-07-13 10:25:45,8746,602,14,0.0,150,100.0
2026-07-13 10:25:46,8747,603,0,0.0,150,100.0
2026-07-13 10:25:47,8748,603,1,0.0,150,100.0
2026-07-13 10:25:48,8749,603,2,0.0,150,100.0
2026-07-13 10:25:49,8750,603,3,0.0,150,100.0
2026-07-13 10:25:50,8751,603,4,0.0,150,100.0
2026-07-13 10:25:51,8752,603,5,0.0,150,100.0
2026-07-13 10:25:52,8753,603,6,0.0,150,100.0
2026-07-13 10:25:53,8754,603,7,0.0,150,100.0
2026-07-13 10:25:54,8755,603,8,0.0,150,100.0
2026-07-13 10:25:55,8756,603,9,0.0,150,100.0
2026-07-13 10:25:56,8757,603,10,0.0,150,100.0
2026-07-13 10:25:57,8758,603,11,0.0,150,100.0
2026-07-13 10:25:58,8759,603,12,0.0,150,100.0
2026-07-13 10:25:59,8760,603,13,0.0,150,100.0
2026-07-13 10:26:00,8761,604,0,0.0,150,100.0
2026-07-13 10:26:01,8762,604,1,0.0,150,100.0
2026-07-13 10:26:02,8763,604,2,0.0,150,100.0
2026-07-13 10:26:03,8764,604,3,0.0,150,100.0
2026-07-13 10:26:04,8765,604,4,0.0,150,100.0
2026-07-13 10:26:05,8766,604,5,0.0,150,100.0
2026-07-13 10:26:06,8767,604,6,0.0,150,100.0
2026-07-13 10:26:07,8768,604,7,0.0,150,100.0
2026-07-13 10:26:08,8769,604,8,0.0,150,100.0
2026-07-13 10:26:09,8770,604,9,0.0,150,100.0
2026-07-13 10:26:10,8771,604,10,0.0,150,100.0
2026-07-13 10:26:11,8772,604,11,29.53,150,100.0
2026-07-13 10:26:12,8773,604,12,89.91,150,100.0
2026-07-13 10:26:13,8774,604,13,0.0,150,100.0
2026-07-13 10:26:14,8775,604,14,0.0,150,100.0
2026-07-13 10:26:15,8776,605,0,0.0,150,100.0
2026-07-13 10:26:16,8777,605,1,0.0,150,100.0
2026-07-13 10:26:17,8778,605,2,0.0,150,100.0
2026-07-13 10:26:18,8779,605,3,0.0,150,100.0
2026-07-13 10:26:19,8780,605,4,0.0,150,100.0
2026-07-13 10:26:20,8781,605,5,0.0,150,100.0
2026-07-13 10:26:21,8782,605,6,76.04,150,100.0
2026-07-13 10:26:22,8783,605,7,100.0,150,100.0
2026-07-13 10:26:23,8784,605,8,100.0,150,100.0
2026-07-13 10:26:24,8785,605,9,100.0,150,100.0
2026-07-13 10:26:25,8786,605,10,0.0,150,100.0
2026-07-13 10:26:26,8787,605,11,0.0,150,100.0
2026-07-13 10:26:27,8788,605,12,0.0,150,100.0
2026-07-13 10:26:28,8789,605,13,0.0,150,100.0
2026-07-13 10:26:29,8790,606,0,0.0,150,100.0
2026-07-13 10:26:30,8791,606,1,0.0,150,100.0
2026-07-13 10:26:31,8792,606,2,0.0,150,100.0
2026-07-13 10:26:32,8793,606,3,33.8,150,100.0
2026-07-13 10:26:33,8794,606,4,87.91,150,100.0
2026-07-13 10:26:34,8795,606,5,86.27,150,100.0
2026-07-13 10:26:35,8796,606,6,81.96,150,100.0
2026-07-13 10:26:36,8797,606,7,100.0,150,100.0
2026-07-13 10:26:37,8798,606,8,0.0,150,100.0
2026-07-13 10:26:38,8799,606,9,0.0,150,100.0
2026-07-13 10:26:39,8800,606,10,0.0,150,100.0
2026-07-13 10:26:40,8801,606,11,0.0,150,100.0
2026-07-13 10:26:41,8802,606,12,0.0,150,100.0
2026-07-13 10:26:42,8803,606,13,0.0,150,100.0
2026-07-13 10:26:43,8804,606,14,0.0,150,100.0
2026-07-13 10:26:44,8805,606,15,9.92,150,100.0
2026-07-13 10:26:45,8806,607,0,6.51,150,100.0
2026-07-13 10:26:46,8807,607,1,19.17,150,100.0
2026-07-13 10:26:47,8808,607,2,0.0,150,100.0
2026-07-13 10:26:48,8809,607,3,0.0,150,100.0
2026-07-13 10:26:49,8810,607,4,0.0,150,100.0
2026-07-13 10:26:50,8811,607,5,0.0,150,100.0
2026-07-13 10:26:51,8812,607,6,0.0,150,100.0
2026-07-13 10:26:52,8813,607,7,0.0,150,100.0
2026-07-13 10:26:53,8814,607,8,0.0,150,100.0
2026-07-13 10:26:54,8815,607,9,0.0,150,100.0
2026-07-13 10:26:55,8816,607,10,0.0,150,100.0
2026-07-13 10:26:56,8817,607,11,0.0,150,100.0
2026-07-13 10:26:57,8818,608,0,0.0,150,100.0
2026-07-13 10:26:58,8819,608,1,28.36,150,100.0
2026-07-13 10:26:59,8820,608,2,23.34,150,100.0
2026-07-13 10:27:00,8821,608,3,0.0,150,100.0
2026-07-13 10:27:01,8822,608,4,0.0,150,100.0
2026-07-13 10:27:02,8823,608,5,0.0,150,100.0
2026-07-13 10:27:03,8824,608,6,0.0,150,100.0
2026-07-13 10:27:04,8825,608,7,0.0,150,100.0
2026-07-13 10:27:05,8826,608,8,0.0,150,100.0
2026-07-13 10:27:06,8827,608,9,0.0,150,100.0
2026-07-13 10:27:07,8828,608,10,0.0,150,100.0
2026-07-13 10:27:08,8829,608,11,0.0,150,100.0
2026-07-13 10:27:09,8830,608,12,0.0,150,100.0
2026-07-13 10:27:10,8831,608,13,0.0,150,100.0
2026-07-13 10:27:11,8832,608,14,23.89,150,100.0
2026-07-13 10:27:12,8833,609,0,0.0,150,100.0
2026-07-13 10:27:13,8834,609,1,0.0,150,100.0
2026-07-13 10:27:14,8835,609,2,0.0,150,100.0
2026-07-13 10:27:15,8836,609,3,0.0,150,100.0
2026-07-13 10:27:16,8837,609,4,0.0,150,100.0
2026-07-13 10:27:17,8838,609,5,0.0,150,100.0
2026-07-13 10:27:18,8839,609,6,0.0,150,100.0
2026-07-13 10:27:19,8840,609,7,0.0,150,100.0
2026-07-13 10:27:20,8841,609,8,0.0,150,100.0
2026-07-13 10:27:21,8842,609,9,0.0,150,100.0
2026-07-13 10:27:22,8843,609,10,0.0,150,100.0
2026-07-13 10:27:23,8844,609,11,0.0,150,100.0
2026-07-13 10:27:24,8845,609,12,0.0,150,100.0
2026-07-13 10:27:25,8846,609,13,0.0,150,100.0
2026-07-13 10:27:26,8847,609,14,0.0,150,100.0
2026-07-13 10:27:27,8848,610,0,0.0,150,100.0
2026-07-13 10:27:28,8849,610,1,0.0,150,100.0
2026-07-13 10:27:29,8850,610,2,0.0,150,100.0
2026-07-13 10:27:30,8851,610,3,0.0,150,100.0
2026-07-13 10:27:31,8852,610,4,0.0,150,100.0
2026-07-13 10:27:32,8853,610,5,0.0,150,100.0
2026-07-13 10:27:33,8854,610,6,0.0,150,100.0
2026-07-13 10:27:34,8855,610,7,0.0,150,100.0
2026-07-13 10:27:35,8856,610,8,0.0,150,100.0
2026-07-13 10:27:36,8857,610,9,0.0,150,100.0
2026-07-13 10:27:37,8858,610,10,0.0,150,100.0
2026-07-13 10:27:38,8859,610,11,0.0,150,100.0
2026-07-13 10:27:39,8860,610,12,0.0,150,100.0
2026-07-13 10:27:40,8861,610,13,0.0,150,100.0
2026-07-13 10:27:41,8862,611,0,0.0,150,100.0
2026-07-13 10:27:42,8863,611,1,0.0,150,100.0
2026-07-13 10:27:43,8864,611,2,0.0,150,100.0
2026-07-13 10:27:44,8865,611,3,0.0,150,100.0
2026-07-13 10:27:45,8866,611,4,0.0,150,100.0
2026-07-13 10:27:46,8867,611,5,0.0,150,100.0
2026-07-13 10:27:47,8868,611,6,0.0,150,100.0
2026-07-13 10:27:48,8869,611,7,0.0,150,100.0
2026-07-13 10:27:49,8870,611,8,0.0,150,100.0
2026-07-13 10:27:50,8871,611,9,0.0,150,100.0
2026-07-13 10:27:51,8872,611,10,0.0,150,100.0
2026-07-13 10:27:52,8873,611,11,0.0,150,100.0
2026-07-13 10:27:53,8874,611,12,0.0,150,100.0
2026-07-13 10:27:54,8875,611,13,0.0,150,100.0
2026-07-13 10:27:55,8876,611,14,0.0,150,100.0
2026-07-13 10:27:56,8877,611,15,0.0,150,100.0
2026-07-13 10:27:57,8878,612,0,0.0,150,100.0
2026-07-13 10:27:58,8879,612,1,0.0,150,100.0
2026-07-13 10:27:59,8880,612,2,0.0,150,100.0
2026-07-13 10:28:00,8881,612,3,0.0,150,100.0
2026-07-13 10:28:01,8882,612,4,0.0,150,100.0
2026-07-13 10:28:02,8883,612,5,0.0,150,100.0
2026-07-13 10:28:03,8884,612,6,0.0,150,100.0
2026-07-13 10:28:04,8885,612,7,0.0,150,100.0
2026-07-13 10:28:05,8886,612,8,0.0,150,100.0
2026-07-13 10:28:06,8887,612,9,0.0,150,100.0
2026-07-13 10:28:07,8888,612,10,0.0,150,100.0
2026-07-13 10:28:08,8889,612,11,0.0,150,100.0
2026-07-13 10:28:09,8890,612,12,0.0,150,100.0
2026-07-13 10:28:10,8891,613,0,0.0,150,100.0
2026-07-13 10:28:11,8892,613,1,0.0,150,100.0
2026-07-13 10:28:12,8893,613,2,0.0,150,100.0
2026-07-13 10:28:13,8894,613,3,0.0,150,100.0
2026-07-13 10:28:14,8895,613,4,0.0,150,100.0
2026-07-13 10:28:15,8896,613,5,0.0,150,100.0
2026-07-13 10:28:16,8897,613,6,0.0,150,100.0
2026-07-13 10:28:17,8898,613,7,0.0,150,100.0
2026-07-13 10:28:18,8899,613,8,0.0,150,100.0
2026-07-13 10:28:19,8900,613,9,0.0,150,100.0
2026-07-13 10:28:20,8901,613,10,0.0,150,100.0
2026-07-13 10:28:21,8902,613,11,0.0,150,100.0
2026-07-13 10:28:22,8903,613,12,0.0,150,100.0
2026-07-13 10:28:23,8904,613,13,0.0,150,100.0
2026-07-13 10:28:24,8905,613,14,0.0,150,100.0
2026-07-13 10:28:25,8906,614,0,0.0,150,100.0
2026-07-13 10:28:26,8907,614,1,0.0,150,100.0
2026-07-13 10:28:27,8908,614,2,0.0,150,100.0
2026-07-13 10:28:28,8909,614,3,0.0,150,100.0
2026-07-13 10:28:29,8910,614,4,0.0,150,100.0
2026-07-13 10:28:30,8911,614,5,0.0,150,100.0
2026-07-13 10:28:31,8912,614,6,0.0,150,100.0
2026-07-13 10:28:32,8913,614,7,0.0,150,100.0
2026-07-13 10:28:33,8914,614,8,0.0,150,100.0
2026-07-13 10:28:34,8915,614,9,0.0,150,100.0
2026-07-13 10:28:35,8916,614,10,0.0,150,100.0
2026-07-13 10:28:36,8917,614,11,0.0,150,100.0
2026-07-13 10:28:37,8918,614,12,0.0,150,100.0
2026-07-13 10:28:38,8919,614,13,0.0,150,100.0
2026-07-13 10:28:39,8920,615,0,0.0,150,100.0
2026-07-13 10:28:40,8921,615,1,0.0,150,100.0
2026-07-13 10:28:41,8922,615,2,0.0,150,100.0
2026-07-13 10:28:42,8923,615,3,0.0,150,100.0
2026-07-13 10:28:43,8924,615,4,0.0,150,100.0
2026-07-13 10:28:44,8925,615,5,0.0,150,100.0
2026-07-13 10:28:45,8926,615,6,0.0,150,100.0
2026-07-13 10:28:46,8927,615,7,0.0,150,100.0
2026-07-13 10:28:47,8928,615,8,0.0,150,100.0
2026-07-13 10:28:48,8929,615,9,0.0,150,100.0
2026-07-13 10:28:49,8930,615,10,0.0,150,100.0
2026-07-13 10:28:50,8931,615,11,0.0,150,100.0
2026-07-13 10:28:51,8932,615,12,0.0,150,100.0
2026-07-13 10:28:52,8933,616,0,0.0,150,100.0
2026-07-13 10:28:53,8934,616,1,0.0,150,100.0
2026-07-13 10:28:54,8935,616,2,0.0,150,100.0
2026-07-13 10:28:55,8936,616,3,0.0,150,100.0
2026-07-13 10:28:56,8937,616,4,0.0,150,100.0
2026-07-13 10:28:57,8938,616,5,5.17,150,100.0
2026-07-13 10:28:58,8939,616,6,0.0,150,100.0
2026-07-13 10:28:59,8940,616,7,0.0,150,100.0
2026-07-13 10:29:00,8941,616,8,0.0,150,100.0
2026-07-13 10:29:01,8942,616,9,0.0,150,100.0
2026-07-13 10:29:02,8943,616,10,0.0,150,100.0
2026-07-13 10:29:03,8944,616,11,0.0,150,100.0
2026-07-13 10:29:04,8945,616,12,0.0,150,100.0
2026-07-13 10:29:05,8946,616,13,0.0,150,100.0
2026-07-13 10:29:06,8947,616,14,16.89,150,100.0
2026-07-13 10:29:07,8948,617,0,0.0,150,100.0
2026-07-13 10:29:08,8949,617,1,0.0,150,100.0
2026-07-13 10:29:09,8950,617,2,0.0,150,100.0
2026-07-13 10:29:10,8951,617,3,0.0,150,100.0
2026-07-13 10:29:11,8952,617,4,0.0,150,100.0
2026-07-13 10:29:12,8953,617,5,0.0,150,100.0
2026-07-13 10:29:13,8954,617,6,0.0,150,100.0
2026-07-13 10:29:14,8955,617,7,0.0,150,100.0
2026-07-13 10:29:15,8956,617,8,0.0,150,100.0
2026-07-13 10:29:16,8957,617,9,0.0,150,100.0
2026-07-13 10:29:17,8958,617,10,0.0,150,100.0
2026-07-13 10:29:18,8959,617,11,0.0,150,100.0
2026-07-13 10:29:19,8960,617,12,0.0,150,100.0
2026-07-13 10:29:20,8961,617,13,0.0,150,100.0
2026-07-13 10:29:21,8962,618,0,0.0,150,100.0
2026-07-13 10:29:22,8963,618,1,0.0,150,100.0
2026-07-13 10:29:23,8964,618,2,0.0,150,100.0
2026-07-13 10:29:24,8965,618,3,0.0,150,100.0
2026-07-13 10:29:25,8966,618,4,0.0,150,100.0
2026-07-13 10:29:26,8967,618,5,0.0,150,100.0
2026-07-13 10:29:27,8968,618,6,0.0,150,100.0
2026-07-13 10:29:28,8969,618,7,0.0,150,100.0
2026-07-13 10:29:29,8970,618,8,0.0,150,100.0
2026-07-13 10:29:30,8971,618,9,0.0,150,100.0
2026-07-13 10:29:31,8972,618,10,0.0,150,100.0
2026-07-13 10:29:32,8973,618,11,0.0,150,100.0
2026-07-13 10:29:33,8974,618,12,0.0,150,100.0
2026-07-13 10:29:34,8975,618,13,0.0,150,100.0
2026-07-13 10:29:35,8976,618,14,0.0,150,100.0
2026-07-13 10:29:36,8977,618,15,0.0,150,100.0
2026-07-13 10:29:37,8978,619,0,0.0,150,100.0
2026-07-13 10:29:38,8979,619,1,0.0,150,100.0
2026-07-13 10:29:39,8980,619,2,0.0,150,100.0
2026-07-13 10:29:40,8981,619,3,0.0,150,100.0
2026-07-13 10:29:41,8982,619,4,0.0,150,100.0
2026-07-13 10:29:42,8983,619,5,0.0,150,100.0
2026-07-13 10:29:43,8984,619,6,0.0,150,100.0
2026-07-13 10:29:44,8985,619,7,0.0,150,100.0
2026-07-13 10:29:45,8986,619,8,0.0,150,100.0
2026-07-13 10:29:46,8987,619,9,0.0,150,100.0
2026-07-13 10:29:47,8988,619,10,0.0,150,100.0
2026-07-13 10:29:48,8989,619,11,0.0,150,100.0
2026-07-13 10:29:49,8990,619,12,0.0,150,100.0
2026-07-13 10:29:50,8991,619,13,28.15,150,100.0
2026-07-13 10:29:51,8992,619,14,0.0,150,100.0
2026-07-13 10:29:52,8993,619,15,0.0,150,100.0
2026-07-13 10:29:53,8994,619,16,0.0,150,100.0
2026-07-13 10:29:54,8995,620,0,0.0,150,100.0
2026-07-13 10:29:55,8996,620,1,0.0,150,100.0
2026-07-13 10:29:56,8997,620,2,0.0,150,100.0
2026-07-13 10:29:57,8998,620,3,0.0,150,100.0
2026-07-13 10:29:58,8999,620,4,0.0,150,100.0
2026-07-13 10:29:59,9000,620,5,0.0,150,100.0
2026-07-13 10:30:00,9001,620,6,0.0,150,100.0
2026-07-13 10:30:01,9002,620,7,0.0,150,100.0
2026-07-13 10:30:02,9003,620,8,0.0,150,100.0
2026-07-13 10:30:03,9004,620,9,0.0,150,100.0
2026-07-13 10:30:04,9005,620,10,0.0,150,100.0
2026-07-13 10:30:05,9006,620,11,0.0,150,100.0
2026-07-13 10:30:06,9007,620,12,0.0,150,100.0
2026-07-13 10:30:07,9008,620,13,0.0,150,100.0
2026-07-13 10:30:08,9009,620,14,0.0,150,100.0
2026-07-13 10:30:09,9010,620,15,0.0,150,100.0
2026-07-13 10:30:10,9011,621,0,0.0,150,100.0
2026-07-13 10:30:11,9012,621,1,0.0,150,100.0
2026-07-13 10:30:12,9013,621,2,0.0,150,100.0
2026-07-13 10:30:13,9014,621,3,0.0,150,100.0
2026-07-13 10:30:14,9015,621,4,0.0,150,100.0
2026-07-13 10:30:15,9016,621,5,0.0,150,100.0
2026-07-13 10:30:16,9017,621,6,0.0,150,100.0
2026-07-13 10:30:17,9018,621,7,0.0,150,100.0
2026-07-13 10:30:18,9019,621,8,0.0,150,100.0
2026-07-13 10:30:19,9020,621,9,3.47,150,100.0
2026-07-13 10:30:20,9021,621,10,0.0,150,100.0
2026-07-13 10:30:21,9022,621,11,0.0,150,100.0
2026-07-13 10:30:22,9023,621,12,0.0,150,100.0
2026-07-13 10:30:23,9024,622,0,0.0,150,100.0
2026-07-13 10:30:24,9025,622,1,0.0,150,100.0
2026-07-13 10:30:25,9026,622,2,0.0,150,100.0
2026-07-13 10:30:26,9027,622,3,0.0,150,100.0
2026-07-13 10:30:27,9028,622,4,0.0,150,100.0
2026-07-13 10:30:28,9029,622,5,0.0,150,100.0
2026-07-13 10:30:29,9030,622,6,0.0,150,100.0
2026-07-13 10:30:30,9031,622,7,0.0,150,100.0
2026-07-13 10:30:31,9032,622,8,0.0,150,100.0
2026-07-13 10:30:32,9033,622,9,0.0,150,100.0
2026-07-13 10:30:33,9034,622,10,81.7,150,100.0
2026-07-13 10:30:34,9035,622,11,0.0,150,100.0
2026-07-13 10:30:35,9036,622,12,0.0,150,100.0
2026-07-13 10:30:36,9037,622,13,0.0,150,100.0
2026-07-13 10:30:37,9038,622,14,0.0,150,100.0
2026-07-13 10:30:38,9039,622,15,0.0,150,100.0
2026-07-13 10:30:39,9040,622,16,0.0,150,100.0
2026-07-13 10:30:40,9041,623,0,0.0,150,100.0
2026-07-13 10:30:41,9042,623,1,0.0,150,100.0
2026-07-13 10:30:42,9043,623,2,0.0,150,100.0
2026-07-13 10:30:43,9044,623,3,0.0,150,100.0
2026-07-13 10:30:44,9045,623,4,0.0,150,100.0
2026-07-13 10:30:45,9046,623,5,0.0,150,100.0
2026-07-13 10:30:46,9047,623,6,0.0,150,100.0
2026-07-13 10:30:47,9048,623,7,0.0,150,100.0
2026-07-13 10:30:48,9049,623,8,0.0,150,100.0
2026-07-13 10:30:49,9050,623,9,0.0,150,100.0
2026-07-13 10:30:50,9051,623,10,0.0,150,100.0
2026-07-13 10:30:51,9052,623,11,0.0,150,100.0
2026-07-13 10:30:52,9053,623,12,0.0,150,100.0
2026-07-13 10:30:53,9054,623,13,0.0,150,100.0
2026-07-13 10:30:54,9055,623,14,0.0,150,100.0
2026-07-13 10:30:55,9056,623,15,0.0,150,100.0
2026-07-13 10:30:56,9057,624,0,0.0,150,100.0
2026-07-13 10:30:57,9058,624,1,0.0,150,100.0
2026-07-13 10:30:58,9059,624,2,0.0,150,100.0
2026-07-13 10:30:59,9060,624,3,0.0,150,100.0
2026-07-13 10:31:00,9061,624,4,0.0,150,100.0
2026-07-13 10:31:01,9062,624,5,0.0,150,100.0
2026-07-13 10:31:02,9063,624,6,7.47,150,100.0
2026-07-13 10:31:03,9064,624,7,0.0,150,100.0
2026-07-13 10:31:04,9065,624,8,0.0,150,100.0
2026-07-13 10:31:05,9066,624,9,0.0,150,100.0
2026-07-13 10:31:06,9067,624,10,0.0,150,100.0
2026-07-13 10:31:07,9068,624,11,0.0,150,100.0
2026-07-13 10:31:08,9069,624,12,0.0,150,100.0
2026-07-13 10:31:09,9070,625,0,0.0,150,100.0
2026-07-13 10:31:10,9071,625,1,0.0,150,100.0
2026-07-13 10:31:11,9072,625,2,0.0,150,100.0
2026-07-13 10:31:12,9073,625,3,0.0,150,100.0
2026-07-13 10:31:13,9074,625,4,0.0,150,100.0
2026-07-13 10:31:14,9075,625,5,0.0,150,100.0
2026-07-13 10:31:15,9076,625,6,0.0,150,100.0
2026-07-13 10:31:16,9077,625,7,0.0,150,100.0
2026-07-13 10:31:17,9078,625,8,0.0,150,100.0
2026-07-13 10:31:18,9079,625,9,0.0,150,100.0
2026-07-13 10:31:19,9080,625,10,0.0,150,100.0
2026-07-13 10:31:20,9081,625,11,0.0,150,100.0
2026-07-13 10:31:21,9082,625,12,0.0,150,100.0
2026-07-13 10:31:22,9083,625,13,0.0,150,100.0
2026-07-13 10:31:23,9084,625,14,0.0,150,100.0
2026-07-13 10:31:24,9085,626,0,0.0,150,100.0
2026-07-13 10:31:25,9086,626,1,0.0,150,100.0
2026-07-13 10:31:26,9087,626,2,0.0,150,100.0
2026-07-13 10:31:27,9088,626,3,0.0,150,100.0
2026-07-13 10:31:28,9089,626,4,0.0,150,100.0
2026-07-13 10:31:29,9090,626,5,0.0,150,100.0
2026-07-13 10:31:30,9091,626,6,0.0,150,100.0
2026-07-13 10:31:31,9092,626,7,0.0,150,100.0
2026-07-13 10:31:32,9093,626,8,0.0,150,100.0
2026-07-13 10:31:33,9094,626,9,0.0,150,100.0
2026-07-13 10:31:34,9095,626,10,7.27,150,100.0
2026-07-13 10:31:35,9096,626,11,0.0,150,100.0
2026-07-13 10:31:36,9097,626,12,0.0,150,100.0
2026-07-13 10:31:37,9098,627,0,0.0,150,100.0
2026-07-13 10:31:38,9099,627,1,0.0,150,100.0
2026-07-13 10:31:39,9100,627,2,0.0,150,100.0
2026-07-13 10:31:40,9101,627,3,0.0,150,100.0
2026-07-13 10:31:41,9102,627,4,0.0,150,100.0
2026-07-13 10:31:42,9103,627,5,0.0,150,100.0
2026-07-13 10:31:43,9104,627,6,0.0,150,100.0
2026-07-13 10:31:44,9105,627,7,0.0,150,100.0
2026-07-13 10:31:45,9106,627,8,89.77,150,100.0
2026-07-13 10:31:46,9107,627,9,97.71,150,100.0
2026-07-13 10:31:47,9108,627,10,86.49,150,100.0
2026-07-13 10:31:48,9109,627,11,87.1,150,100.0
2026-07-13 10:31:49,9110,627,12,0.0,150,100.0
2026-07-13 10:31:50,9111,628,0,0.0,150,100.0
2026-07-13 10:31:51,9112,628,1,0.0,150,100.0
2026-07-13 10:31:52,9113,628,2,0.0,150,100.0
2026-07-13 10:31:53,9114,628,3,0.0,150,100.0
2026-07-13 10:31:54,9115,628,4,0.0,150,100.0
2026-07-13 10:31:55,9116,628,5,0.0,150,100.0
2026-07-13 10:31:56,9117,628,6,0.0,150,100.0
2026-07-13 10:31:57,9118,628,7,0.0,150,100.0
2026-07-13 10:31:58,9119,628,8,0.0,150,100.0
2026-07-13 10:31:59,9120,628,9,0.0,150,100.0
2026-07-13 10:32:00,9121,628,10,0.0,150,100.0
2026-07-13 10:32:01,9122,628,11,0.0,150,100.0
2026-07-13 10:32:02,9123,628,12,7.03,150,100.0
2026-07-13 10:32:03,9124,628,13,57.1,150,100.0
2026-07-13 10:32:04,9125,629,0,74.65,150,100.0
2026-07-13 10:32:05,9126,629,1,0.0,150,100.0
2026-07-13 10:32:06,9127,629,2,0.0,150,100.0
2026-07-13 10:32:07,9128,629,3,0.0,150,100.0
2026-07-13 10:32:08,9129,629,4,0.0,150,100.0
2026-07-13 10:32:09,9130,629,5,0.0,150,100.0
2026-07-13 10:32:10,9131,629,6,0.0,150,100.0
2026-07-13 10:32:11,9132,629,7,0.0,150,100.0
2026-07-13 10:32:12,9133,629,8,0.0,150,100.0
2026-07-13 10:32:13,9134,629,9,0.0,150,100.0
2026-07-13 10:32:14,9135,629,10,0.0,150,100.0
2026-07-13 10:32:15,9136,629,11,0.0,150,100.0
2026-07-13 10:32:16,9137,629,12,0.0,150,100.0
2026-07-13 10:32:17,9138,629,13,0.0,150,100.0
2026-07-13 10:32:18,9139,629,14,0.0,150,100.0
2026-07-13 10:32:19,9140,629,15,0.0,150,100.0
2026-07-13 10:32:20,9141,630,0,0.0,150,100.0
2026-07-13 10:32:21,9142,630,1,0.0,150,100.0
2026-07-13 10:32:22,9143,630,2,0.0,150,100.0
2026-07-13 10:32:23,9144,630,3,0.0,150,100.0
2026-07-13 10:32:24,9145,630,4,0.0,150,100.0
2026-07-13 10:32:25,9146,630,5,0.0,150,100.0
2026-07-13 10:32:26,9147,630,6,0.0,150,100.0
2026-07-13 10:32:27,9148,630,7,0.0,150,100.0
2026-07-13 10:32:28,9149,630,8,0.0,150,100.0
2026-07-13 10:32:29,9150,630,9,0.0,150,100.0
2026-07-13 10:32:30,9151,630,10,0.0,150,100.0
2026-07-13 10:32:31,9152,630,11,0.0,150,100.0
2026-07-13 10:32:32,9153,630,12,0.0,150,100.0
2026-07-13 10:32:33,9154,630,13,0.0,150,100.0
2026-07-13 10:32:34,9155,631,0,0.0,150,100.0
2026-07-13 10:32:35,9156,631,1,0.0,150,100.0
2026-07-13 10:32:36,9157,631,2,0.0,150,100.0
2026-07-13 10:32:37,9158,631,3,0.0,150,100.0
2026-07-13 10:32:38,9159,631,4,0.0,150,100.0
2026-07-13 10:32:39,9160,631,5,0.0,150,100.0
2026-07-13 10:32:40,9161,631,6,0.0,150,100.0
2026-07-13 10:32:41,9162,631,7,0.0,150,100.0
2026-07-13 10:32:42,9163,631,8,0.0,150,100.0
2026-07-13 10:32:43,9164,631,9,0.0,150,100.0
2026-07-13 10:32:44,9165,631,10,0.0,150,100.0
2026-07-13 10:32:45,9166,631,11,0.0,150,100.0
2026-07-13 10:32:46,9167,631,12,0.0,150,100.0
2026-07-13 10:32:47,9168,631,13,0.0,150,100.0
2026-07-13 10:32:48,9169,632,0,0.0,150,100.0
2026-07-13 10:32:49,9170,632,1,0.0,150,100.0
2026-07-13 10:32:50,9171,632,2,0.0,150,100.0
2026-07-13 10:32:51,9172,632,3,0.0,150,100.0
2026-07-13 10:32:52,9173,632,4,0.0,150,100.0
2026-07-13 10:32:53,9174,632,5,0.0,150,100.0
2026-07-13 10:32:54,9175,632,6,0.0,150,100.0
2026-07-13 10:32:55,9176,632,7,0.0,150,100.0
2026-07-13 10:32:56,9177,632,8,0.0,150,100.0
2026-07-13 10:32:57,9178,632,9,0.0,150,100.0
2026-07-13 10:32:58,9179,632,10,0.0,150,100.0
2026-07-13 10:32:59,9180,632,11,0.0,150,100.0
2026-07-13 10:33:00,9181,632,12,0.0,150,100.0
2026-07-13 10:33:01,9182,632,13,0.0,150,100.0
2026-07-13 10:33:02,9183,633,0,0.0,150,100.0
2026-07-13 10:33:03,9184,633,1,0.0,150,100.0
2026-07-13 10:33:04,9185,633,2,0.0,150,100.0
2026-07-13 10:33:05,9186,633,3,0.0,150,100.0
2026-07-13 10:33:06,9187,633,4,0.0,150,100.0
2026-07-13 10:33:07,9188,633,5,0.0,150,100.0
2026-07-13 10:33:08,9189,633,6,0.0,150,100.0
2026-07-13 10:33:09,9190,633,7,0.0,150,100.0
2026-07-13 10:33:10,9191,633,8,0.0,150,100.0
2026-07-13 10:33:11,9192,633,9,0.0,150,100.0
2026-07-13 10:33:12,9193,633,10,0.0,150,100.0
2026-07-13 10:33:13,9194,633,11,0.0,150,100.0
2026-07-13 10:33:14,9195,633,12,0.0,150,100.0
2026-07-13 10:33:15,9196,633,13,0.0,150,100.0
2026-07-13 10:33:16,9197,634,0,0.0,150,100.0
2026-07-13 10:33:17,9198,634,1,0.0,150,100.0
2026-07-13 10:33:18,9199,634,2,7.97,150,100.0
2026-07-13 10:33:19,9200,634,3,0.0,150,100.0
2026-07-13 10:33:20,9201,634,4,0.0,150,100.0
2026-07-13 10:33:21,9202,634,5,0.0,150,100.0
2026-07-13 10:33:22,9203,634,6,68.32,150,100.0
2026-07-13 10:33:23,9204,634,7,100.0,150,100.0
2026-07-13 10:33:24,9205,634,8,0.0,150,100.0
2026-07-13 10:33:25,9206,634,9,0.0,150,100.0
2026-07-13 10:33:26,9207,634,10,0.0,150,100.0
2026-07-13 10:33:27,9208,634,11,0.0,150,100.0
2026-07-13 10:33:28,9209,634,12,0.0,150,100.0
2026-07-13 10:33:29,9210,635,0,0.0,150,100.0
2026-07-13 10:33:30,9211,635,1,0.0,150,100.0
2026-07-13 10:33:31,9212,635,2,0.0,150,100.0
2026-07-13 10:33:32,9213,635,3,0.0,150,100.0
2026-07-13 10:33:33,9214,635,4,0.0,150,100.0
2026-07-13 10:33:34,9215,635,5,0.0,150,100.0
2026-07-13 10:33:35,9216,635,6,0.0,150,100.0
2026-07-13 10:33:36,9217,635,7,0.0,150,100.0
2026-07-13 10:33:37,9218,635,8,0.0,150,100.0
2026-07-13 10:33:38,9219,635,9,0.0,150,100.0
2026-07-13 10:33:39,9220,635,10,0.0,150,100.0
2026-07-13 10:33:40,9221,635,11,0.0,150,100.0
2026-07-13 10:33:41,9222,635,12,0.0,150,100.0
2026-07-13 10:33:42,9223,635,13,0.0,150,100.0
2026-07-13 10:33:43,9224,636,0,0.0,150,100.0
2026-07-13 10:33:44,9225,636,1,0.0,150,100.0
2026-07-13 10:33:45,9226,636,2,0.0,150,100.0
2026-07-13 10:33:46,9227,636,3,43.15,150,100.0
2026-07-13 10:33:47,9228,636,4,69.87,150,100.0
2026-07-13 10:33:48,9229,636,5,61.34,150,100.0
2026-07-13 10:33:49,9230,636,6,79.0,150,100.0
2026-07-13 10:33:50,9231,636,7,61.65,150,100.0
2026-07-13 10:33:51,9232,636,8,62.32,150,100.0
2026-07-13 10:33:52,9233,636,9,0.0,150,100.0
2026-07-13 10:33:53,9234,636,10,0.0,150,100.0
2026-07-13 10:33:54,9235,636,11,0.0,150,100.0
2026-07-13 10:33:55,9236,637,0,0.0,150,100.0
2026-07-13 10:33:56,9237,637,1,0.0,150,100.0
2026-07-13 10:33:57,9238,637,2,0.0,150,100.0
2026-07-13 10:33:58,9239,637,3,0.0,150,100.0
2026-07-13 10:33:59,9240,637,4,0.0,150,100.0
2026-07-13 10:34:00,9241,637,5,35.65,150,100.0
2026-07-13 10:34:01,9242,637,6,5.13,150,100.0
2026-07-13 10:34:02,9243,637,7,0.0,150,100.0
2026-07-13 10:34:03,9244,637,8,0.0,150,100.0
2026-07-13 10:34:04,9245,637,9,0.0,150,100.0
2026-07-13 10:34:05,9246,637,10,0.0,150,100.0
2026-07-13 10:34:06,9247,637,11,0.0,150,100.0
2026-07-13 10:34:07,9248,637,12,0.0,150,100.0
2026-07-13 10:34:08,9249,637,13,0.0,150,100.0
2026-07-13 10:34:09,9250,638,0,0.0,150,100.0
2026-07-13 10:34:10,9251,638,1,0.0,150,100.0
2026-07-13 10:34:11,9252,638,2,0.0,150,100.0
2026-07-13 10:34:12,9253,638,3,0.0,150,100.0
2026-07-13 10:34:13,9254,638,4,0.0,150,100.0
2026-07-13 10:34:14,9255,638,5,0.0,150,100.0
2026-07-13 10:34:15,9256,638,6,0.0,150,100.0
2026-07-13 10:34:16,9257,638,7,0.0,150,100.0
2026-07-13 10:34:17,9258,638,8,0.0,150,100.0
2026-07-13 10:34:18,9259,638,9,0.0,150,100.0
2026-07-13 10:34:19,9260,638,10,0.0,150,100.0
2026-07-13 10:34:20,9261,638,11,0.0,150,100.0
2026-07-13 10:34:21,9262,638,12,0.0,150,100.0
2026-07-13 10:34:22,9263,638,13,0.0,150,100.0
2026-07-13 10:34:23,9264,638,14,0.0,150,100.0
2026-07-13 10:34:24,9265,639,0,0.0,150,100.0
2026-07-13 10:34:25,9266,639,1,0.0,150,100.0
2026-07-13 10:34:26,9267,639,2,0.0,150,100.0
2026-07-13 10:34:27,9268,639,3,0.0,150,100.0
2026-07-13 10:34:28,9269,639,4,0.0,150,100.0
2026-07-13 10:34:29,9270,639,5,0.0,150,100.0
2026-07-13 10:34:30,9271,639,6,0.0,150,100.0
2026-07-13 10:34:31,9272,639,7,0.0,150,100.0
2026-07-13 10:34:32,9273,639,8,0.0,150,100.0
2026-07-13 10:34:33,9274,639,9,0.0,150,100.0
2026-07-13 10:34:34,9275,639,10,0.0,150,100.0
2026-07-13 10:34:35,9276,639,11,0.0,150,100.0
2026-07-13 10:34:36,9277,639,12,0.0,150,100.0
2026-07-13 10:34:37,9278,639,13,0.0,150,100.0
2026-07-13 10:34:38,9279,640,0,0.0,150,100.0
2026-07-13 10:34:39,9280,640,1,0.0,150,100.0
2026-07-13 10:34:40,9281,640,2,0.0,150,100.0
2026-07-13 10:34:41,9282,640,3,0.0,150,100.0
2026-07-13 10:34:42,9283,640,4,0.0,150,100.0
2026-07-13 10:34:43,9284,640,5,0.0,150,100.0
2026-07-13 10:34:44,9285,640,6,0.0,150,100.0
2026-07-13 10:34:45,9286,640,7,0.0,150,100.0
2026-07-13 10:34:46,9287,640,8,0.0,150,100.0
2026-07-13 10:34:47,9288,640,9,0.0,150,100.0
2026-07-13 10:34:48,9289,640,10,0.0,150,100.0
2026-07-13 10:34:49,9290,640,11,0.0,150,100.0
2026-07-13 10:34:50,9291,640,12,0.0,150,100.0
2026-07-13 10:34:51,9292,641,0,0.0,150,100.0
2026-07-13 10:34:52,9293,641,1,0.0,150,100.0
2026-07-13 10:34:53,9294,641,2,0.0,150,100.0
2026-07-13 10:34:54,9295,641,3,0.0,150,100.0
2026-07-13 10:34:55,9296,641,4,0.0,150,100.0
2026-07-13 10:34:56,9297,641,5,0.0,150,100.0
2026-07-13 10:34:57,9298,641,6,0.0,150,100.0
2026-07-13 10:34:58,9299,641,7,0.0,150,100.0
2026-07-13 10:34:59,9300,641,8,0.0,150,100.0
2026-07-13 10:35:00,9301,641,9,0.0,150,100.0
2026-07-13 10:35:01,9302,641,10,0.0,150,100.0
2026-07-13 10:35:02,9303,641,11,0.0,150,100.0
2026-07-13 10:35:03,9304,641,12,0.0,150,100.0
2026-07-13 10:35:04,9305,641,13,0.0,150,100.0
2026-07-13 10:35:05,9306,642,0,0.0,150,100.0
2026-07-13 10:35:06,9307,642,1,0.0,150,100.0
2026-07-13 10:35:07,9308,642,2,0.0,150,100.0
2026-07-13 10:35:08,9309,642,3,0.0,150,100.0
2026-07-13 10:35:09,9310,642,4,0.0,150,100.0
2026-07-13 10:35:10,9311,642,5,0.0,150,100.0
2026-07-13 10:35:11,9312,642,6,0.0,150,100.0
2026-07-13 10:35:12,9313,642,7,0.0,150,100.0
2026-07-13 10:35:13,9314,642,8,0.0,150,100.0
2026-07-13 10:35:14,9315,642,9,0.0,150,100.0
2026-07-13 10:35:15,9316,642,10,17.32,150,100.0
2026-07-13 10:35:16,9317,642,11,0.0,150,100.0
2026-07-13 10:35:17,9318,643,0,0.0,150,100.0
2026-07-13 10:35:18,9319,643,1,0.0,150,100.0
2026-07-13 10:35:19,9320,643,2,0.0,150,100.0
2026-07-13 10:35:20,9321,643,3,0.0,150,100.0
2026-07-13 10:35:21,9322,643,4,0.0,150,100.0
2026-07-13 10:35:22,9323,643,5,0.0,150,100.0
2026-07-13 10:35:23,9324,643,6,0.0,150,100.0
2026-07-13 10:35:24,9325,643,7,0.0,150,100.0
2026-07-13 10:35:25,9326,643,8,0.0,150,100.0
2026-07-13 10:35:26,9327,643,9,0.0,150,100.0
2026-07-13 10:35:27,9328,643,10,0.0,150,100.0
2026-07-13 10:35:28,9329,643,11,0.0,150,100.0
2026-07-13 10:35:29,9330,643,12,39.13,150,100.0
2026-07-13 10:35:30,9331,643,13,0.0,150,100.0
2026-07-13 10:35:31,9332,643,14,0.0,150,100.0
2026-07-13 10:35:32,9333,643,15,0.0,150,100.0
2026-07-13 10:35:33,9334,644,0,0.0,150,100.0
2026-07-13 10:35:34,9335,644,1,0.0,150,100.0
2026-07-13 10:35:35,9336,644,2,0.0,150,100.0
2026-07-13 10:35:36,9337,644,3,0.0,150,100.0
2026-07-13 10:35:37,9338,644,4,0.0,150,100.0
2026-07-13 10:35:38,9339,644,5,0.0,150,100.0
2026-07-13 10:35:39,9340,644,6,0.0,150,100.0
2026-07-13 10:35:40,9341,644,7,0.0,150,100.0
2026-07-13 10:35:41,9342,644,8,5.05,150,100.0
2026-07-13 10:35:42,9343,644,9,27.88,150,100.0
2026-07-13 10:35:43,9344,644,10,54.31,150,100.0
2026-07-13 10:35:44,9345,644,11,0.0,150,100.0
2026-07-13 10:35:45,9346,644,12,0.0,150,100.0
2026-07-13 10:35:46,9347,645,0,0.0,150,100.0
2026-07-13 10:35:47,9348,645,1,0.0,150,100.0
2026-07-13 10:35:48,9349,645,2,0.0,150,100.0
2026-07-13 10:35:49,9350,645,3,0.0,150,100.0
2026-07-13 10:35:50,9351,645,4,0.0,150,100.0
2026-07-13 10:35:51,9352,645,5,0.0,150,100.0
2026-07-13 10:35:52,9353,645,6,0.0,150,100.0
2026-07-13 10:35:53,9354,645,7,0.0,150,100.0
2026-07-13 10:35:54,9355,645,8,0.0,150,100.0
2026-07-13 10:35:55,9356,645,9,0.0,150,100.0
2026-07-13 10:35:56,9357,645,10,9.21,150,100.0
2026-07-13 10:35:57,9358,645,11,0.0,150,100.0
2026-07-13 10:35:58,9359,645,12,0.0,150,100.0
2026-07-13 10:35:59,9360,646,0,0.0,150,100.0
2026-07-13 10:36:00,9361,646,1,0.0,150,100.0
2026-07-13 10:36:01,9362,646,2,0.0,150,100.0
2026-07-13 10:36:02,9363,646,3,0.0,150,100.0
2026-07-13 10:36:03,9364,646,4,0.0,150,100.0
2026-07-13 10:36:04,9365,646,5,0.0,150,100.0
2026-07-13 10:36:05,9366,646,6,0.0,150,100.0
2026-07-13 10:36:06,9367,646,7,0.0,150,100.0
2026-07-13 10:36:07,9368,646,8,0.0,150,100.0
2026-07-13 10:36:08,9369,646,9,29.12,150,100.0
2026-07-13 10:36:09,9370,646,10,56.29,150,100.0
2026-07-13 10:36:10,9371,646,11,72.83,150,100.0
2026-07-13 10:36:11,9372,646,12,0.0,150,100.0
2026-07-13 10:36:12,9373,646,13,0.0,150,100.0
2026-07-13 10:36:13,9374,646,14,0.0,150,100.0
2026-07-13 10:36:14,9375,647,0,0.0,150,100.0
2026-07-13 10:36:15,9376,647,1,0.0,150,100.0
2026-07-13 10:36:16,9377,647,2,0.0,150,100.0
2026-07-13 10:36:17,9378,647,3,0.0,150,100.0
2026-07-13 10:36:18,9379,647,4,0.0,150,100.0
2026-07-13 10:36:19,9380,647,5,0.0,150,100.0
2026-07-13 10:36:20,9381,647,6,0.0,150,100.0
2026-07-13 10:36:21,9382,647,7,0.0,150,100.0
2026-07-13 10:36:22,9383,647,8,0.0,150,100.0
2026-07-13 10:36:23,9384,647,9,0.0,150,100.0
2026-07-13 10:36:24,9385,647,10,0.0,150,100.0
2026-07-13 10:36:25,9386,647,11,0.0,150,100.0
2026-07-13 10:36:26,9387,647,12,0.0,150,100.0
2026-07-13 10:36:27,9388,648,0,0.0,150,100.0
2026-07-13 10:36:28,9389,648,1,0.0,150,100.0
2026-07-13 10:36:29,9390,648,2,0.0,150,100.0
2026-07-13 10:36:30,9391,648,3,0.0,150,100.0
2026-07-13 10:36:31,9392,648,4,0.0,150,100.0
2026-07-13 10:36:32,9393,648,5,0.0,150,100.0
2026-07-13 10:36:33,9394,648,6,0.0,150,100.0
2026-07-13 10:36:34,9395,648,7,0.0,150,100.0
2026-07-13 10:36:35,9396,648,8,0.0,150,100.0
2026-07-13 10:36:36,9397,648,9,0.0,150,100.0
2026-07-13 10:36:37,9398,648,10,0.0,150,100.0
2026-07-13 10:36:38,9399,648,11,0.0,150,100.0
2026-07-13 10:36:39,9400,648,12,0.0,150,100.0
2026-07-13 10:36:40,9401,649,0,0.0,150,100.0
2026-07-13 10:36:41,9402,649,1,0.0,150,100.0
2026-07-13 10:36:42,9403,649,2,0.0,150,100.0
2026-07-13 10:36:43,9404,649,3,0.0,150,100.0
2026-07-13 10:36:44,9405,649,4,0.0,150,100.0
2026-07-13 10:36:45,9406,649,5,0.0,150,100.0
2026-07-13 10:36:46,9407,649,6,0.0,150,100.0
2026-07-13 10:36:47,9408,649,7,0.0,150,100.0
2026-07-13 10:36:48,9409,649,8,0.0,150,100.0
2026-07-13 10:36:49,9410,649,9,0.0,150,100.0
2026-07-13 10:36:50,9411,649,10,0.0,150,100.0
2026-07-13 10:36:51,9412,649,11,7.56,150,100.0
2026-07-13 10:36:52,9413,649,12,0.0,150,100.0
2026-07-13 10:36:53,9414,649,13,0.0,150,100.0
2026-07-13 10:36:54,9415,650,0,0.0,150,100.0
2026-07-13 10:36:55,9416,650,1,0.0,150,100.0
2026-07-13 10:36:56,9417,650,2,0.0,150,100.0
2026-07-13 10:36:57,9418,650,3,0.0,150,100.0
2026-07-13 10:36:58,9419,650,4,0.0,150,100.0
2026-07-13 10:36:59,9420,650,5,0.0,150,100.0
2026-07-13 10:37:00,9421,650,6,0.0,150,100.0
2026-07-13 10:37:01,9422,650,7,0.0,150,100.0
2026-07-13 10:37:02,9423,650,8,0.0,150,100.0
2026-07-13 10:37:03,9424,650,9,0.0,150,100.0
2026-07-13 10:37:04,9425,650,10,0.0,150,100.0
2026-07-13 10:37:05,9426,650,11,0.0,150,100.0
2026-07-13 10:37:06,9427,650,12,0.0,150,100.0
2026-07-13 10:37:07,9428,650,13,0.0,150,100.0
2026-07-13 10:37:08,9429,651,0,0.0,150,100.0
2026-07-13 10:37:09,9430,651,1,0.0,150,100.0
2026-07-13 10:37:10,9431,651,2,0.0,150,100.0
2026-07-13 10:37:11,9432,651,3,0.0,150,100.0
2026-07-13 10:37:12,9433,651,4,0.0,150,100.0
2026-07-13 10:37:13,9434,651,5,0.0,150,100.0
2026-07-13 10:37:14,9435,651,6,0.0,150,100.0
2026-07-13 10:37:15,9436,651,7,0.0,150,100.0
2026-07-13 10:37:16,9437,651,8,0.0,150,100.0
2026-07-13 10:37:17,9438,651,9,0.0,150,100.0
2026-07-13 10:37:18,9439,651,10,0.0,150,100.0
2026-07-13 10:37:19,9440,651,11,0.0,150,100.0
2026-07-13 10:37:20,9441,651,12,0.0,150,100.0
2026-07-13 10:37:21,9442,651,13,0.0,150,100.0
2026-07-13 10:37:22,9443,651,14,0.0,150,100.0
2026-07-13 10:37:23,9444,652,0,0.0,150,100.0
2026-07-13 10:37:24,9445,652,1,0.0,150,100.0
2026-07-13 10:37:25,9446,652,2,0.0,150,100.0
2026-07-13 10:37:26,9447,652,3,0.0,150,100.0
2026-07-13 10:37:27,9448,652,4,0.0,150,100.0
2026-07-13 10:37:28,9449,652,5,0.0,150,100.0
2026-07-13 10:37:29,9450,652,6,0.0,150,100.0
2026-07-13 10:37:30,9451,652,7,0.0,150,100.0
2026-07-13 10:37:31,9452,652,8,23.9,150,100.0
2026-07-13 10:37:32,9453,652,9,70.61,150,100.0
2026-07-13 10:37:33,9454,652,10,0.0,150,100.0
2026-07-13 10:37:34,9455,652,11,0.0,150,100.0
2026-07-13 10:37:35,9456,652,12,0.0,150,100.0
2026-07-13 10:37:36,9457,652,13,0.0,150,100.0
2026-07-13 10:37:37,9458,652,14,0.0,150,100.0
2026-07-13 10:37:38,9459,653,0,0.0,150,100.0
2026-07-13 10:37:39,9460,653,1,0.0,150,100.0
2026-07-13 10:37:40,9461,653,2,0.0,150,100.0
2026-07-13 10:37:41,9462,653,3,0.0,150,100.0
2026-07-13 10:37:42,9463,653,4,0.0,150,100.0
2026-07-13 10:37:43,9464,653,5,0.0,150,100.0
2026-07-13 10:37:44,9465,653,6,0.0,150,100.0
2026-07-13 10:37:45,9466,653,7,0.0,150,100.0
2026-07-13 10:37:46,9467,653,8,0.0,150,100.0
2026-07-13 10:37:47,9468,653,9,0.0,150,100.0
2026-07-13 10:37:48,9469,653,10,0.0,150,100.0
2026-07-13 10:37:49,9470,653,11,0.0,150,100.0
2026-07-13 10:37:50,9471,653,12,0.0,150,100.0
2026-07-13 10:37:51,9472,653,13,0.0,150,100.0
2026-07-13 10:37:52,9473,653,14,0.0,150,100.0
2026-07-13 10:37:53,9474,653,15,0.0,150,100.0
2026-07-13 10:37:54,9475,653,16,0.0,150,100.0
2026-07-13 10:37:55,9476,654,0,39.76,150,100.0
2026-07-13 10:37:56,9477,654,1,66.23,150,100.0
2026-07-13 10:37:57,9478,654,2,6.99,150,100.0
2026-07-13 10:37:58,9479,654,3,0.0,150,100.0
2026-07-13 10:37:59,9480,654,4,0.0,150,100.0
2026-07-13 10:38:00,9481,654,5,0.0,150,100.0
2026-07-13 10:38:01,9482,654,6,0.0,150,100.0
2026-07-13 10:38:02,9483,654,7,0.0,150,100.0
2026-07-13 10:38:03,9484,654,8,0.0,150,100.0
2026-07-13 10:38:04,9485,654,9,0.0,150,100.0
2026-07-13 10:38:05,9486,654,10,0.0,150,100.0
2026-07-13 10:38:06,9487,654,11,0.0,150,100.0
2026-07-13 10:38:07,9488,654,12,0.0,150,100.0
2026-07-13 10:38:08,9489,654,13,0.0,150,100.0
2026-07-13 10:38:09,9490,655,0,0.0,150,100.0
2026-07-13 10:38:10,9491,655,1,0.0,150,100.0
2026-07-13 10:38:11,9492,655,2,0.0,150,100.0
2026-07-13 10:38:12,9493,655,3,0.0,150,100.0
2026-07-13 10:38:13,9494,655,4,0.0,150,100.0
2026-07-13 10:38:14,9495,655,5,0.0,150,100.0
2026-07-13 10:38:15,9496,655,6,0.0,150,100.0
2026-07-13 10:38:16,9497,655,7,0.0,150,100.0
2026-07-13 10:38:17,9498,655,8,0.0,150,100.0
2026-07-13 10:38:18,9499,655,9,0.0,150,100.0
2026-07-13 10:38:19,9500,655,10,0.0,150,100.0
2026-07-13 10:38:20,9501,655,11,0.0,150,100.0
2026-07-13 10:38:21,9502,655,12,0.0,150,100.0
2026-07-13 10:38:22,9503,655,13,0.0,150,100.0
2026-07-13 10:38:23,9504,655,14,0.0,150,100.0
2026-07-13 10:38:24,9505,656,0,0.0,150,100.0
2026-07-13 10:38:25,9506,656,1,0.0,150,100.0
2026-07-13 10:38:26,9507,656,2,0.0,150,100.0
2026-07-13 10:38:27,9508,656,3,0.0,150,100.0
2026-07-13 10:38:28,9509,656,4,0.0,150,100.0
2026-07-13 10:38:29,9510,656,5,0.0,150,100.0
2026-07-13 10:38:30,9511,656,6,0.0,150,100.0
2026-07-13 10:38:31,9512,656,7,0.0,150,100.0
2026-07-13 10:38:32,9513,656,8,0.0,150,100.0
2026-07-13 10:38:33,9514,656,9,0.0,150,100.0
2026-07-13 10:38:34,9515,656,10,0.0,150,100.0
2026-07-13 10:38:35,9516,656,11,0.0,150,100.0
2026-07-13 10:38:36,9517,656,12,0.0,150,100.0
2026-07-13 10:38:37,9518,656,13,0.0,150,100.0
2026-07-13 10:38:38,9519,656,14,0.0,150,100.0
2026-07-13 10:38:39,9520,656,15,0.0,150,100.0
2026-07-13 10:38:40,9521,657,0,0.0,150,100.0
2026-07-13 10:38:41,9522,657,1,0.0,150,100.0
2026-07-13 10:38:42,9523,657,2,0.0,150,100.0
2026-07-13 10:38:43,9524,657,3,0.0,150,100.0
2026-07-13 10:38:44,9525,657,4,0.0,150,100.0
2026-07-13 10:38:45,9526,657,5,0.0,150,100.0
2026-07-13 10:38:46,9527,657,6,0.0,150,100.0
2026-07-13 10:38:47,9528,657,7,0.0,150,100.0
2026-07-13 10:38:48,9529,657,8,0.0,150,100.0
2026-07-13 10:38:49,9530,657,9,0.0,150,100.0
2026-07-13 10:38:50,9531,657,10,0.0,150,100.0
2026-07-13 10:38:51,9532,657,11,0.0,150,100.0
2026-07-13 10:38:52,9533,657,12,0.0,150,100.0
2026-07-13 10:38:53,9534,657,13,0.0,150,100.0
2026-07-13 10:38:54,9535,657,14,0.0,150,100.0
2026-07-13 10:38:55,9536,658,0,0.0,150,100.0
2026-07-13 10:38:56,9537,658,1,0.0,150,100.0
2026-07-13 10:38:57,9538,658,2,0.0,150,100.0
2026-07-13 10:38:58,9539,658,3,0.0,150,100.0
2026-07-13 10:38:59,9540,658,4,0.0,150,100.0
2026-07-13 10:39:00,9541,658,5,0.0,150,100.0
2026-07-13 10:39:01,9542,658,6,0.0,150,100.0
2026-07-13 10:39:02,9543,658,7,0.0,150,100.0
2026-07-13 10:39:03,9544,658,8,0.0,150,100.0
2026-07-13 10:39:04,9545,658,9,0.0,150,100.0
2026-07-13 10:39:05,9546,658,10,0.0,150,100.0
2026-07-13 10:39:06,9547,658,11,0.0,150,100.0
2026-07-13 10:39:07,9548,658,12,0.0,150,100.0
2026-07-13 10:39:08,9549,658,13,0.0,150,100.0
2026-07-13 10:39:09,9550,658,14,0.0,150,100.0
2026-07-13 10:39:10,9551,658,15,0.0,150,100.0
2026-07-13 10:39:11,9552,659,0,0.0,150,100.0
2026-07-13 10:39:12,9553,659,1,0.0,150,100.0
2026-07-13 10:39:13,9554,659,2,0.0,150,100.0
2026-07-13 10:39:14,9555,659,3,0.0,150,100.0
2026-07-13 10:39:15,9556,659,4,0.0,150,100.0
2026-07-13 10:39:16,9557,659,5,0.0,150,100.0
2026-07-13 10:39:17,9558,659,6,0.0,150,100.0
2026-07-13 10:39:18,9559,659,7,0.0,150,100.0
2026-07-13 10:39:19,9560,659,8,0.0,150,100.0
2026-07-13 10:39:20,9561,659,9,0.0,150,100.0
2026-07-13 10:39:21,9562,659,10,0.0,150,100.0
2026-07-13 10:39:22,9563,659,11,0.0,150,100.0
2026-07-13 10:39:23,9564,659,12,0.0,150,100.0
2026-07-13 10:39:24,9565,659,13,0.0,150,100.0
2026-07-13 10:39:25,9566,660,0,0.0,150,100.0
2026-07-13 10:39:26,9567,660,1,0.0,150,100.0
2026-07-13 10:39:27,9568,660,2,0.0,150,100.0
2026-07-13 10:39:28,9569,660,3,0.0,150,100.0
2026-07-13 10:39:29,9570,660,4,0.0,150,100.0
2026-07-13 10:39:30,9571,660,5,0.0,150,100.0
2026-07-13 10:39:31,9572,660,6,0.0,150,100.0
2026-07-13 10:39:32,9573,660,7,0.0,150,100.0
2026-07-13 10:39:33,9574,660,8,0.0,150,100.0
2026-07-13 10:39:34,9575,660,9,0.0,150,100.0
2026-07-13 10:39:35,9576,660,10,0.0,150,100.0
2026-07-13 10:39:36,9577,660,11,0.0,150,100.0
2026-07-13 10:39:37,9578,660,12,0.0,150,100.0
2026-07-13 10:39:38,9579,660,13,0.0,150,100.0
2026-07-13 10:39:39,9580,660,14,0.0,150,100.0
2026-07-13 10:39:40,9581,661,0,0.0,150,100.0
2026-07-13 10:39:41,9582,661,1,0.0,150,100.0
2026-07-13 10:39:42,9583,661,2,0.0,150,100.0
2026-07-13 10:39:43,9584,661,3,0.0,150,100.0
2026-07-13 10:39:44,9585,661,4,0.0,150,100.0
2026-07-13 10:39:45,9586,661,5,0.0,150,100.0
2026-07-13 10:39:46,9587,661,6,0.0,150,100.0
2026-07-13 10:39:47,9588,661,7,0.0,150,100.0
2026-07-13 10:39:48,9589,661,8,0.0,150,100.0
2026-07-13 10:39:49,9590,661,9,0.0,150,100.0
2026-07-13 10:39:50,9591,661,10,0.0,150,100.0
2026-07-13 10:39:51,9592,661,11,100.0,150,100.0
2026-07-13 10:39:52,9593,661,12,0.0,150,100.0
2026-07-13 10:39:53,9594,661,13,0.0,150,100.0
2026-07-13 10:39:54,9595,661,14,0.0,150,100.0
2026-07-13 10:39:55,9596,661,15,0.0,150,100.0
2026-07-13 10:39:56,9597,661,16,0.0,150,100.0
2026-07-13 10:39:57,9598,662,0,0.0,150,100.0
2026-07-13 10:39:58,9599,662,1,0.0,150,100.0
2026-07-13 10:39:59,9600,662,2,0.0,150,100.0
2026-07-13 10:40:00,9601,662,3,0.0,150,100.0
2026-07-13 10:40:01,9602,662,4,0.0,150,100.0
2026-07-13 10:40:02,9603,662,5,0.0,150,100.0
2026-07-13 10:40:03,9604,662,6,0.0,150,100.0
2026-07-13 10:40:04,9605,662,7,0.0,150,100.0
2026-07-13 10:40:05,9606,662,8,0.0,150,100.0
2026-07-13 10:40:06,9607,662,9,100.0,150,100.0
2026-07-13 10:40:07,9608,662,10,0.0,150,100.0
2026-07-13 10:40:08,9609,662,11,0.0,150,100.0
2026-07-13 10:40:09,9610,662,12,0.0,150,100.0
2026-07-13 10:40:10,9611,663,0,0.0,150,100.0
2026-07-13 10:40:11,9612,663,1,0.0,150,100.0
2026-07-13 10:40:12,9613,663,2,0.0,150,100.0
2026-07-13 10:40:13,9614,663,3,0.0,150,100.0
2026-07-13 10:40:14,9615,663,4,0.0,150,100.0
2026-07-13 10:40:15,9616,663,5,0.0,150,100.0
2026-07-13 10:40:16,9617,663,6,0.0,150,100.0
2026-07-13 10:40:17,9618,663,7,0.0,150,100.0
2026-07-13 10:40:18,9619,663,8,0.0,150,100.0
2026-07-13 10:40:19,9620,663,9,0.0,150,100.0
2026-07-13 10:40:20,9621,663,10,0.0,150,100.0
2026-07-13 10:40:21,9622,663,11,0.0,150,100.0
2026-07-13 10:40:22,9623,663,12,0.0,150,100.0
2026-07-13 10:40:23,9624,663,13,54.83,150,100.0
2026-07-13 10:40:24,9625,664,0,0.0,150,100.0
2026-07-13 10:40:25,9626,664,1,0.0,150,100.0
2026-07-13 10:40:26,9627,664,2,0.0,150,100.0
2026-07-13 10:40:27,9628,664,3,0.0,150,100.0
2026-07-13 10:40:28,9629,664,4,0.0,150,100.0
2026-07-13 10:40:29,9630,664,5,0.0,150,100.0
2026-07-13 10:40:30,9631,664,6,0.0,150,100.0
2026-07-13 10:40:31,9632,664,7,0.0,150,100.0
2026-07-13 10:40:32,9633,664,8,0.0,150,100.0
2026-07-13 10:40:33,9634,664,9,0.0,150,100.0
2026-07-13 10:40:34,9635,664,10,0.0,150,100.0
2026-07-13 10:40:35,9636,664,11,0.0,150,100.0
2026-07-13 10:40:36,9637,664,12,0.0,150,100.0
2026-07-13 10:40:37,9638,664,13,93.09,150,100.0
2026-07-13 10:40:38,9639,665,0,0.0,150,100.0
2026-07-13 10:40:39,9640,665,1,0.0,150,100.0
2026-07-13 10:40:40,9641,665,2,0.0,150,100.0
2026-07-13 10:40:41,9642,665,3,0.0,150,100.0
2026-07-13 10:40:42,9643,665,4,0.0,150,100.0
2026-07-13 10:40:43,9644,665,5,0.0,150,100.0
2026-07-13 10:40:44,9645,665,6,0.0,150,100.0
2026-07-13 10:40:45,9646,665,7,0.0,150,100.0
2026-07-13 10:40:46,9647,665,8,0.0,150,100.0
2026-07-13 10:40:47,9648,665,9,0.0,150,100.0
2026-07-13 10:40:48,9649,665,10,0.0,150,100.0
2026-07-13 10:40:49,9650,665,11,0.0,150,100.0
2026-07-13 10:40:50,9651,665,12,0.0,150,100.0
2026-07-13 10:40:51,9652,665,13,0.0,150,100.0
2026-07-13 10:40:52,9653,666,0,0.0,150,100.0
2026-07-13 10:40:53,9654,666,1,0.0,150,100.0
2026-07-13 10:40:54,9655,666,2,0.0,150,100.0
2026-07-13 10:40:55,9656,666,3,0.0,150,100.0
2026-07-13 10:40:56,9657,666,4,0.0,150,100.0
2026-07-13 10:40:57,9658,666,5,0.0,150,100.0
2026-07-13 10:40:58,9659,666,6,0.0,150,100.0
2026-07-13 10:40:59,9660,666,7,0.0,150,100.0
2026-07-13 10:41:00,9661,666,8,0.0,150,100.0
2026-07-13 10:41:01,9662,666,9,0.0,150,100.0
2026-07-13 10:41:02,9663,666,10,0.0,150,100.0
2026-07-13 10:41:03,9664,666,11,0.0,150,100.0
2026-07-13 10:41:04,9665,666,12,0.0,150,100.0
2026-07-13 10:41:05,9666,666,13,0.0,150,100.0
2026-07-13 10:41:06,9667,667,0,0.0,150,100.0
2026-07-13 10:41:07,9668,667,1,0.0,150,100.0
2026-07-13 10:41:08,9669,667,2,74.72,150,100.0
2026-07-13 10:41:09,9670,667,3,0.0,150,100.0
2026-07-13 10:41:10,9671,667,4,0.0,150,100.0
2026-07-13 10:41:11,9672,667,5,0.0,150,100.0
2026-07-13 10:41:12,9673,667,6,0.0,150,100.0
2026-07-13 10:41:13,9674,667,7,0.0,150,100.0
2026-07-13 10:41:14,9675,667,8,0.0,150,100.0
2026-07-13 10:41:15,9676,667,9,0.0,150,100.0
2026-07-13 10:41:16,9677,667,10,0.0,150,100.0
2026-07-13 10:41:17,9678,667,11,0.0,150,100.0
2026-07-13 10:41:18,9679,668,0,0.0,150,100.0
2026-07-13 10:41:19,9680,668,1,0.0,150,100.0
2026-07-13 10:41:20,9681,668,2,0.0,150,100.0
2026-07-13 10:41:21,9682,668,3,0.0,150,100.0
2026-07-13 10:41:22,9683,668,4,0.0,150,100.0
2026-07-13 10:41:23,9684,668,5,100.0,150,100.0
2026-07-13 10:41:24,9685,668,6,0.0,150,100.0
2026-07-13 10:41:25,9686,668,7,0.0,150,100.0
2026-07-13 10:41:26,9687,668,8,0.0,150,100.0
2026-07-13 10:41:27,9688,668,9,0.0,150,100.0
2026-07-13 10:41:28,9689,668,10,0.0,150,100.0
2026-07-13 10:41:29,9690,668,11,0.0,150,100.0
2026-07-13 10:41:30,9691,668,12,0.0,150,100.0
2026-07-13 10:41:31,9692,668,13,0.0,150,100.0
2026-07-13 10:41:32,9693,668,14,0.0,150,100.0
2026-07-13 10:41:33,9694,669,0,0.0,150,100.0
2026-07-13 10:41:34,9695,669,1,0.0,150,100.0
2026-07-13 10:41:35,9696,669,2,0.0,150,100.0
2026-07-13 10:41:36,9697,669,3,0.0,150,100.0
2026-07-13 10:41:37,9698,669,4,0.0,150,100.0
2026-07-13 10:41:38,9699,669,5,0.0,150,100.0
2026-07-13 10:41:39,9700,669,6,0.0,150,100.0
2026-07-13 10:41:40,9701,669,7,0.0,150,100.0
2026-07-13 10:41:41,9702,669,8,0.0,150,100.0
2026-07-13 10:41:42,9703,669,9,0.0,150,100.0
2026-07-13 10:41:43,9704,669,10,0.0,150,100.0
2026-07-13 10:41:44,9705,669,11,0.0,150,100.0
2026-07-13 10:41:45,9706,669,12,0.0,150,100.0
2026-07-13 10:41:46,9707,669,13,0.0,150,100.0
2026-07-13 10:41:47,9708,669,14,0.0,150,100.0
2026-07-13 10:41:48,9709,669,15,0.0,150,100.0
2026-07-13 10:41:49,9710,670,0,0.0,150,100.0
2026-07-13 10:41:50,9711,670,1,0.0,150,100.0
2026-07-13 10:41:51,9712,670,2,0.0,150,100.0
2026-07-13 10:41:52,9713,670,3,0.0,150,100.0
2026-07-13 10:41:53,9714,670,4,0.0,150,100.0
2026-07-13 10:41:54,9715,670,5,0.0,150,100.0
2026-07-13 10:41:55,9716,670,6,0.0,150,100.0
2026-07-13 10:41:56,9717,670,7,0.0,150,100.0
2026-07-13 10:41:57,9718,670,8,0.0,150,100.0
2026-07-13 10:41:58,9719,670,9,0.0,150,100.0
2026-07-13 10:41:59,9720,670,10,0.0,150,100.0
2026-07-13 10:42:00,9721,670,11,0.0,150,100.0
2026-07-13 10:42:01,9722,670,12,0.0,150,100.0
2026-07-13 10:42:02,9723,670,13,0.0,150,100.0
2026-07-13 10:42:03,9724,671,0,0.0,150,100.0
2026-07-13 10:42:04,9725,671,1,0.0,150,100.0
2026-07-13 10:42:05,9726,671,2,0.0,150,100.0
2026-07-13 10:42:06,9727,671,3,0.0,150,100.0
2026-07-13 10:42:07,9728,671,4,0.0,150,100.0
2026-07-13 10:42:08,9729,671,5,0.0,150,100.0
2026-07-13 10:42:09,9730,671,6,0.0,150,100.0
2026-07-13 10:42:10,9731,671,7,0.0,150,100.0
2026-07-13 10:42:11,9732,671,8,0.0,150,100.0
2026-07-13 10:42:12,9733,671,9,0.0,150,100.0
2026-07-13 10:42:13,9734,671,10,0.0,150,100.0
2026-07-13 10:42:14,9735,671,11,0.0,150,100.0
2026-07-13 10:42:15,9736,671,12,0.0,150,100.0
2026-07-13 10:42:16,9737,671,13,0.0,150,100.0
2026-07-13 10:42:17,9738,671,14,0.0,150,100.0
2026-07-13 10:42:18,9739,671,15,0.0,150,100.0
2026-07-13 10:42:19,9740,672,0,7.67,150,100.0
2026-07-13 10:42:20,9741,672,1,15.83,150,100.0
2026-07-13 10:42:21,9742,672,2,16.4,150,100.0
2026-07-13 10:42:22,9743,672,3,20.17,150,100.0
2026-07-13 10:42:23,9744,672,4,31.04,150,100.0
2026-07-13 10:42:24,9745,672,5,37.57,150,100.0
2026-07-13 10:42:25,9746,672,6,0.0,150,100.0
2026-07-13 10:42:26,9747,672,7,0.0,150,100.0
2026-07-13 10:42:27,9748,672,8,0.0,150,100.0
2026-07-13 10:42:28,9749,672,9,0.0,150,100.0
2026-07-13 10:42:29,9750,672,10,0.0,150,100.0
2026-07-13 10:42:30,9751,672,11,0.0,150,100.0
2026-07-13 10:42:31,9752,672,12,0.0,150,100.0
2026-07-13 10:42:32,9753,672,13,0.0,150,100.0
2026-07-13 10:42:33,9754,672,14,0.0,150,100.0
2026-07-13 10:42:34,9755,673,0,2.34,150,100.0
2026-07-13 10:42:35,9756,673,1,0.0,150,100.0
2026-07-13 10:42:36,9757,673,2,0.0,150,100.0
2026-07-13 10:42:37,9758,673,3,0.0,150,100.0
2026-07-13 10:42:38,9759,673,4,0.0,150,100.0
2026-07-13 10:42:39,9760,673,5,0.0,150,100.0
2026-07-13 10:42:40,9761,673,6,0.0,150,100.0
2026-07-13 10:42:41,9762,673,7,0.0,150,100.0
2026-07-13 10:42:42,9763,673,8,0.0,150,100.0
2026-07-13 10:42:43,9764,673,9,0.0,150,100.0
2026-07-13 10:42:44,9765,673,10,0.0,150,100.0
2026-07-13 10:42:45,9766,673,11,0.0,150,100.0
2026-07-13 10:42:46,9767,673,12,0.0,150,100.0
2026-07-13 10:42:47,9768,673,13,72.38,150,100.0
2026-07-13 10:42:48,9769,673,14,41.51,150,100.0
2026-07-13 10:42:49,9770,673,15,0.0,150,100.0
2026-07-13 10:42:50,9771,673,16,0.0,150,100.0
2026-07-13 10:42:51,9772,674,0,0.0,150,100.0
2026-07-13 10:42:52,9773,674,1,0.0,150,100.0
2026-07-13 10:42:53,9774,674,2,0.0,150,100.0
2026-07-13 10:42:54,9775,674,3,0.0,150,100.0
2026-07-13 10:42:55,9776,674,4,0.0,150,100.0
2026-07-13 10:42:56,9777,674,5,0.0,150,100.0
2026-07-13 10:42:57,9778,674,6,0.0,150,100.0
2026-07-13 10:42:58,9779,674,7,0.0,150,100.0
2026-07-13 10:42:59,9780,674,8,0.0,150,100.0
2026-07-13 10:43:00,9781,674,9,0.0,150,100.0
2026-07-13 10:43:01,9782,674,10,0.0,150,100.0
2026-07-13 10:43:02,9783,674,11,0.0,150,100.0
2026-07-13 10:43:03,9784,674,12,0.0,150,100.0
2026-07-13 10:43:04,9785,674,13,0.0,150,100.0
2026-07-13 10:43:05,9786,675,0,0.0,150,100.0
2026-07-13 10:43:06,9787,675,1,1.46,150,100.0
2026-07-13 10:43:07,9788,675,2,0.0,150,100.0
2026-07-13 10:43:08,9789,675,3,0.0,150,100.0
2026-07-13 10:43:09,9790,675,4,0.0,150,100.0
2026-07-13 10:43:10,9791,675,5,0.0,150,100.0
2026-07-13 10:43:11,9792,675,6,0.0,150,100.0
2026-07-13 10:43:12,9793,675,7,0.0,150,100.0
2026-07-13 10:43:13,9794,675,8,0.0,150,100.0
2026-07-13 10:43:14,9795,675,9,0.0,150,100.0
2026-07-13 10:43:15,9796,675,10,0.0,150,100.0
2026-07-13 10:43:16,9797,675,11,0.0,150,100.0
2026-07-13 10:43:17,9798,675,12,0.0,150,100.0
2026-07-13 10:43:18,9799,675,13,0.0,150,100.0
2026-07-13 10:43:19,9800,676,0,0.0,150,100.0
2026-07-13 10:43:20,9801,676,1,0.0,150,100.0
2026-07-13 10:43:21,9802,676,2,0.0,150,100.0
2026-07-13 10:43:22,9803,676,3,0.0,150,100.0
2026-07-13 10:43:23,9804,676,4,0.0,150,100.0
2026-07-13 10:43:24,9805,676,5,0.0,150,100.0
2026-07-13 10:43:25,9806,676,6,0.0,150,100.0
2026-07-13 10:43:26,9807,676,7,0.0,150,100.0
2026-07-13 10:43:27,9808,676,8,0.0,150,100.0
2026-07-13 10:43:28,9809,676,9,0.0,150,100.0
2026-07-13 10:43:29,9810,676,10,0.0,150,100.0
2026-07-13 10:43:30,9811,676,11,0.0,150,100.0
2026-07-13 10:43:31,9812,676,12,0.0,150,100.0
2026-07-13 10:43:32,9813,676,13,0.0,150,100.0
2026-07-13 10:43:33,9814,676,14,0.0,150,100.0
2026-07-13 10:43:34,9815,677,0,0.0,150,100.0
2026-07-13 10:43:35,9816,677,1,0.0,150,100.0
2026-07-13 10:43:36,9817,677,2,0.0,150,100.0
2026-07-13 10:43:37,9818,677,3,0.0,150,100.0
2026-07-13 10:43:38,9819,677,4,0.0,150,100.0
2026-07-13 10:43:39,9820,677,5,0.0,150,100.0
2026-07-13 10:43:40,9821,677,6,0.0,150,100.0
2026-07-13 10:43:41,9822,677,7,0.0,150,100.0
2026-07-13 10:43:42,9823,677,8,0.0,150,100.0
2026-07-13 10:43:43,9824,677,9,0.0,150,100.0
2026-07-13 10:43:44,9825,677,10,0.0,150,100.0
2026-07-13 10:43:45,9826,677,11,0.0,150,100.0
2026-07-13 10:43:46,9827,677,12,100.0,150,100.0
2026-07-13 10:43:47,9828,677,13,0.0,150,100.0
2026-07-13 10:43:48,9829,677,14,0.0,150,100.0
2026-07-13 10:43:49,9830,678,0,0.0,150,100.0
2026-07-13 10:43:50,9831,678,1,0.0,150,100.0
2026-07-13 10:43:51,9832,678,2,0.0,150,100.0
2026-07-13 10:43:52,9833,678,3,0.0,150,100.0
2026-07-13 10:43:53,9834,678,4,0.0,150,100.0
2026-07-13 10:43:54,9835,678,5,0.0,150,100.0
2026-07-13 10:43:55,9836,678,6,0.0,150,100.0
2026-07-13 10:43:56,9837,678,7,0.0,150,100.0
2026-07-13 10:43:57,9838,678,8,0.0,150,100.0
2026-07-13 10:43:58,9839,678,9,0.0,150,100.0
2026-07-13 10:43:59,9840,678,10,0.0,150,100.0
2026-07-13 10:44:00,9841,678,11,0.0,150,100.0
2026-07-13 10:44:01,9842,678,12,100.0,150,100.0
2026-07-13 10:44:02,9843,678,13,0.0,150,100.0
2026-07-13 10:44:03,9844,678,14,0.0,150,100.0
2026-07-13 10:44:04,9845,678,15,0.0,150,100.0
2026-07-13 10:44:05,9846,679,0,0.0,150,100.0
2026-07-13 10:44:06,9847,679,1,0.0,150,100.0
2026-07-13 10:44:07,9848,679,2,0.0,150,100.0
2026-07-13 10:44:08,9849,679,3,0.0,150,100.0
2026-07-13 10:44:09,9850,679,4,0.0,150,100.0
2026-07-13 10:44:10,9851,679,5,0.0,150,100.0
2026-07-13 10:44:11,9852,679,6,0.0,150,100.0
2026-07-13 10:44:12,9853,679,7,0.0,150,100.0
2026-07-13 10:44:13,9854,679,8,0.0,150,100.0
2026-07-13 10:44:14,9855,679,9,0.0,150,100.0
2026-07-13 10:44:15,9856,679,10,0.0,150,100.0
2026-07-13 10:44:16,9857,679,11,0.0,150,100.0
2026-07-13 10:44:17,9858,680,0,0.0,150,100.0
2026-07-13 10:44:18,9859,680,1,0.0,150,100.0
2026-07-13 10:44:19,9860,680,2,0.0,150,100.0
2026-07-13 10:44:20,9861,680,3,0.0,150,100.0
2026-07-13 10:44:21,9862,680,4,0.0,150,100.0
2026-07-13 10:44:22,9863,680,5,0.0,150,100.0
2026-07-13 10:44:23,9864,680,6,0.0,150,100.0
2026-07-13 10:44:24,9865,680,7,0.0,150,100.0
2026-07-13 10:44:25,9866,680,8,0.0,150,100.0
2026-07-13 10:44:26,9867,680,9,0.0,150,100.0
2026-07-13 10:44:27,9868,680,10,0.0,150,100.0
2026-07-13 10:44:28,9869,680,11,0.0,150,100.0
2026-07-13 10:44:29,9870,680,12,7.39,150,100.0
2026-07-13 10:44:30,9871,680,13,1.85,150,100.0
2026-07-13 10:44:31,9872,680,14,16.54,150,100.0
2026-07-13 10:44:32,9873,681,0,0.0,150,100.0
2026-07-13 10:44:33,9874,681,1,0.0,150,100.0
2026-07-13 10:44:34,9875,681,2,0.0,150,100.0
2026-07-13 10:44:35,9876,681,3,0.0,150,100.0
2026-07-13 10:44:36,9877,681,4,0.0,150,100.0
2026-07-13 10:44:37,9878,681,5,0.0,150,100.0
2026-07-13 10:44:38,9879,681,6,0.0,150,100.0
2026-07-13 10:44:39,9880,681,7,0.0,150,100.0
2026-07-13 10:44:40,9881,681,8,0.0,150,100.0
2026-07-13 10:44:41,9882,681,9,0.0,150,100.0
2026-07-13 10:44:42,9883,681,10,0.0,150,100.0
2026-07-13 10:44:43,9884,681,11,0.0,150,100.0
2026-07-13 10:44:44,9885,681,12,0.0,150,100.0
2026-07-13 10:44:45,9886,681,13,0.0,150,100.0
2026-07-13 10:44:46,9887,681,14,0.0,150,100.0
2026-07-13 10:44:47,9888,682,0,0.0,150,100.0
2026-07-13 10:44:48,9889,682,1,0.0,150,100.0
2026-07-13 10:44:49,9890,682,2,0.0,150,100.0
2026-07-13 10:44:50,9891,682,3,0.0,150,100.0
2026-07-13 10:44:51,9892,682,4,0.0,150,100.0
2026-07-13 10:44:52,9893,682,5,0.0,150,100.0
2026-07-13 10:44:53,9894,682,6,0.0,150,100.0
2026-07-13 10:44:54,9895,682,7,0.0,150,100.0
2026-07-13 10:44:55,9896,682,8,0.0,150,100.0
2026-07-13 10:44:56,9897,682,9,0.0,150,100.0
2026-07-13 10:44:57,9898,682,10,0.0,150,100.0
2026-07-13 10:44:58,9899,682,11,89.2,150,100.0
2026-07-13 10:44:59,9900,682,12,56.3,150,100.0
2026-07-13 10:45:00,9901,682,13,3.03,150,100.0
2026-07-13 10:45:01,9902,682,14,0.0,150,100.0
2026-07-13 10:45:02,9903,683,0,0.0,150,100.0
2026-07-13 10:45:03,9904,683,1,0.0,150,100.0
2026-07-13 10:45:04,9905,683,2,0.0,150,100.0
2026-07-13 10:45:05,9906,683,3,0.0,150,100.0
2026-07-13 10:45:06,9907,683,4,0.0,150,100.0
2026-07-13 10:45:07,9908,683,5,0.0,150,100.0
2026-07-13 10:45:08,9909,683,6,0.0,150,100.0
2026-07-13 10:45:09,9910,683,7,0.0,150,100.0
2026-07-13 10:45:10,9911,683,8,0.0,150,100.0
2026-07-13 10:45:11,9912,683,9,0.0,150,100.0
2026-07-13 10:45:12,9913,683,10,0.0,150,100.0
2026-07-13 10:45:13,9914,683,11,0.0,150,100.0
2026-07-13 10:45:14,9915,683,12,0.0,150,100.0
2026-07-13 10:45:15,9916,683,13,0.0,150,100.0
2026-07-13 10:45:16,9917,683,14,0.0,150,100.0
2026-07-13 10:45:17,9918,684,0,0.0,150,100.0
2026-07-13 10:45:18,9919,684,1,0.0,150,100.0
2026-07-13 10:45:19,9920,684,2,0.0,150,100.0
2026-07-13 10:45:20,9921,684,3,0.0,150,100.0
2026-07-13 10:45:21,9922,684,4,0.0,150,100.0
2026-07-13 10:45:22,9923,684,5,0.0,150,100.0
2026-07-13 10:45:23,9924,684,6,0.0,150,100.0
2026-07-13 10:45:24,9925,684,7,0.0,150,100.0
2026-07-13 10:45:25,9926,684,8,0.0,150,100.0
2026-07-13 10:45:26,9927,684,9,0.0,150,100.0
2026-07-13 10:45:27,9928,684,10,0.0,150,100.0
2026-07-13 10:45:28,9929,684,11,0.0,150,100.0
2026-07-13 10:45:29,9930,684,12,0.0,150,100.0
2026-07-13 10:45:30,9931,684,13,0.0,150,100.0
2026-07-13 10:45:31,9932,684,14,0.0,150,100.0
2026-07-13 10:45:32,9933,684,15,0.0,150,100.0
2026-07-13 10:45:33,9934,685,0,0.0,150,100.0
2026-07-13 10:45:34,9935,685,1,0.0,150,100.0
2026-07-13 10:45:35,9936,685,2,0.0,150,100.0
2026-07-13 10:45:36,9937,685,3,0.0,150,100.0
2026-07-13 10:45:37,9938,685,4,0.0,150,100.0
2026-07-13 10:45:38,9939,685,5,0.0,150,100.0
2026-07-13 10:45:39,9940,685,6,0.0,150,100.0
2026-07-13 10:45:40,9941,685,7,0.0,150,100.0
2026-07-13 10:45:41,9942,685,8,0.0,150,100.0
2026-07-13 10:45:42,9943,685,9,0.0,150,100.0
2026-07-13 10:45:43,9944,685,10,0.0,150,100.0
2026-07-13 10:45:44,9945,685,11,0.0,150,100.0
2026-07-13 10:45:45,9946,685,12,0.0,150,100.0
2026-07-13 10:45:46,9947,685,13,0.0,150,100.0
2026-07-13 10:45:47,9948,685,14,0.0,150,100.0
2026-07-13 10:45:48,9949,686,0,0.0,150,100.0
2026-07-13 10:45:49,9950,686,1,0.0,150,100.0
2026-07-13 10:45:50,9951,686,2,0.0,150,100.0
2026-07-13 10:45:51,9952,686,3,0.0,150,100.0
2026-07-13 10:45:52,9953,686,4,0.0,150,100.0
2026-07-13 10:45:53,9954,686,5,0.0,150,100.0
2026-07-13 10:45:54,9955,686,6,0.0,150,100.0
2026-07-13 10:45:55,9956,686,7,0.0,150,100.0
2026-07-13 10:45:56,9957,686,8,0.0,150,100.0
2026-07-13 10:45:57,9958,686,9,0.0,150,100.0
2026-07-13 10:45:58,9959,686,10,0.0,150,100.0
2026-07-13 10:45:59,9960,686,11,0.0,150,100.0
2026-07-13 10:46:00,9961,686,12,0.0,150,100.0
2026-07-13 10:46:01,9962,686,13,0.0,150,100.0
2026-07-13 10:46:02,9963,687,0,0.0,150,100.0
2026-07-13 10:46:03,9964,687,1,0.0,150,100.0
2026-07-13 10:46:04,9965,687,2,0.0,150,100.0
2026-07-13 10:46:05,9966,687,3,0.0,150,100.0
2026-07-13 10:46:06,9967,687,4,0.0,150,100.0
2026-07-13 10:46:07,9968,687,5,0.0,150,100.0
2026-07-13 10:46:08,9969,687,6,0.0,150,100.0
2026-07-13 10:46:09,9970,687,7,0.0,150,100.0
2026-07-13 10:46:10,9971,687,8,0.0,150,100.0
2026-07-13 10:46:11,9972,687,9,0.0,150,100.0
2026-07-13 10:46:12,9973,687,10,0.0,150,100.0
2026-07-13 10:46:13,9974,687,11,0.0,150,100.0
2026-07-13 10:46:14,9975,688,0,0.0,150,100.0
2026-07-13 10:46:15,9976,688,1,0.0,150,100.0
2026-07-13 10:46:16,9977,688,2,0.0,150,100.0
2026-07-13 10:46:17,9978,688,3,0.0,150,100.0
2026-07-13 10:46:18,9979,688,4,0.0,150,100.0
2026-07-13 10:46:19,9980,688,5,0.0,150,100.0
2026-07-13 10:46:20,9981,688,6,0.0,150,100.0
2026-07-13 10:46:21,9982,688,7,0.0,150,100.0
2026-07-13 10:46:22,9983,688,8,0.0,150,100.0
2026-07-13 10:46:23,9984,688,9,0.0,150,100.0
2026-07-13 10:46:24,9985,688,10,0.0,150,100.0
2026-07-13 10:46:25,9986,688,11,0.0,150,100.0
2026-07-13 10:46:26,9987,688,12,0.0,150,100.0
2026-07-13 10:46:27,9988,688,13,0.0,150,100.0
2026-07-13 10:46:28,9989,688,14,0.0,150,100.0
2026-07-13 10:46:29,9990,689,0,0.0,150,100.0
2026-07-13 10:46:30,9991,689,1,0.0,150,100.0
2026-07-13 10:46:31,9992,689,2,0.0,150,100.0
2026-07-13 10:46:32,9993,689,3,0.0,150,100.0
2026-07-13 10:46:33,9994,689,4,0.0,150,100.0
2026-07-13 10:46:34,9995,689,5,0.0,150,100.0
2026-07-13 10:46:35,9996,689,6,0.0,150,100.0
2026-07-13 10:46:36,9997,689,7,0.0,150,100.0
2026-07-13 10:46:37,9998,689,8,0.0,150,100.0
2026-07-13 10:46:38,9999,689,9,0.0,150,100.0
2026-07-13 10:46:39,10000,689,10,0.0,150,100.0
2026-07-13 10:46:40,10001,689,11,0.0,150,100.0
2026-07-13 10:46:41,10002,689,12,0.0,150,100.0
2026-07-13 10:46:42,10003,689,13,0.0,150,100.0
2026-07-13 10:46:43,10004,689,14,0.0,150,100.0
2026-07-13 10:46:44,10005,690,0,0.0,150,100.0
2026-07-13 10:46:45,10006,690,1,100.0,150,100.0
2026-07-13 10:46:46,10007,690,2,0.0,150,100.0
2026-07-13 10:46:47,10008,690,3,0.0,150,100.0
2026-07-13 10:46:48,10009,690,4,0.0,150,100.0
2026-07-13 10:46:49,10010,690,5,0.0,150,100.0
2026-07-13 10:46:50,10011,690,6,0.0,150,100.0
2026-07-13 10:46:51,10012,690,7,0.0,150,100.0
2026-07-13 10:46:52,10013,690,8,0.0,150,100.0
2026-07-13 10:46:53,10014,690,9,0.0,150,100.0
2026-07-13 10:46:54,10015,690,10,0.0,150,100.0
2026-07-13 10:46:55,10016,690,11,0.0,150,100.0
2026-07-13 10:46:56,10017,691,0,0.0,150,100.0
2026-07-13 10:46:57,10018,691,1,0.0,150,100.0
2026-07-13 10:46:58,10019,691,2,0.0,150,100.0
2026-07-13 10:46:59,10020,691,3,0.0,150,100.0
2026-07-13 10:47:00,10021,691,4,0.0,150,100.0
2026-07-13 10:47:01,10022,691,5,0.0,150,100.0
2026-07-13 10:47:02,10023,691,6,0.0,150,100.0
2026-07-13 10:47:03,10024,691,7,0.0,150,100.0
2026-07-13 10:47:04,10025,691,8,0.0,150,100.0
2026-07-13 10:47:05,10026,691,9,0.0,150,100.0
2026-07-13 10:47:06,10027,691,10,0.0,150,100.0
2026-07-13 10:47:07,10028,691,11,0.0,150,100.0
2026-07-13 10:47:08,10029,691,12,0.0,150,100.0
2026-07-13 10:47:09,10030,691,13,0.0,150,100.0
2026-07-13 10:47:10,10031,691,14,0.0,150,100.0
2026-07-13 10:47:11,10032,691,15,0.0,150,100.0
2026-07-13 10:47:12,10033,692,0,0.0,150,100.0
2026-07-13 10:47:13,10034,692,1,0.0,150,100.0
2026-07-13 10:47:14,10035,692,2,0.0,150,100.0
2026-07-13 10:47:15,10036,692,3,17.91,150,100.0
2026-07-13 10:47:16,10037,692,4,0.0,150,100.0
2026-07-13 10:47:17,10038,692,5,0.0,150,100.0
2026-07-13 10:47:18,10039,692,6,0.0,150,100.0
2026-07-13 10:47:19,10040,692,7,0.0,150,100.0
2026-07-13 10:47:20,10041,692,8,0.0,150,100.0
2026-07-13 10:47:21,10042,692,9,0.0,150,100.0
2026-07-13 10:47:22,10043,692,10,0.0,150,100.0
2026-07-13 10:47:23,10044,692,11,0.0,150,100.0
2026-07-13 10:47:24,10045,692,12,0.0,150,100.0
2026-07-13 10:47:25,10046,692,13,0.0,150,100.0
2026-07-13 10:47:26,10047,693,0,0.0,150,100.0
2026-07-13 10:47:27,10048,693,1,0.0,150,100.0
2026-07-13 10:47:28,10049,693,2,0.0,150,100.0
2026-07-13 10:47:29,10050,693,3,0.0,150,100.0
2026-07-13 10:47:30,10051,693,4,0.0,150,100.0
2026-07-13 10:47:31,10052,693,5,0.0,150,100.0
2026-07-13 10:47:32,10053,693,6,0.0,150,100.0
2026-07-13 10:47:33,10054,693,7,0.0,150,100.0
2026-07-13 10:47:34,10055,693,8,0.0,150,100.0
2026-07-13 10:47:35,10056,693,9,0.0,150,100.0
2026-07-13 10:47:36,10057,693,10,0.0,150,100.0
2026-07-13 10:47:37,10058,693,11,0.0,150,100.0
2026-07-13 10:47:38,10059,693,12,0.0,150,100.0
2026-07-13 10:47:39,10060,693,13,0.0,150,100.0
2026-07-13 10:47:40,10061,693,14,0.0,150,100.0
2026-07-13 10:47:41,10062,693,15,0.0,150,100.0
2026-07-13 10:47:42,10063,694,0,0.0,150,100.0
2026-07-13 10:47:43,10064,694,1,0.0,150,100.0
2026-07-13 10:47:44,10065,694,2,0.0,150,100.0
2026-07-13 10:47:45,10066,694,3,0.0,150,100.0
2026-07-13 10:47:46,10067,694,4,0.0,150,100.0
2026-07-13 10:47:47,10068,694,5,0.0,150,100.0
2026-07-13 10:47:48,10069,694,6,0.0,150,100.0
2026-07-13 10:47:49,10070,694,7,0.0,150,100.0
2026-07-13 10:47:50,10071,694,8,0.0,150,100.0
2026-07-13 10:47:51,10072,694,9,0.0,150,100.0
2026-07-13 10:47:52,10073,694,10,0.0,150,100.0
2026-07-13 10:47:53,10074,694,11,0.0,150,100.0
2026-07-13 10:47:54,10075,694,12,0.0,150,100.0
2026-07-13 10:47:55,10076,694,13,0.0,150,100.0
2026-07-13 10:47:56,10077,695,0,0.0,150,100.0
2026-07-13 10:47:57,10078,695,1,0.0,150,100.0
2026-07-13 10:47:58,10079,695,2,0.0,150,100.0
2026-07-13 10:47:59,10080,695,3,0.0,150,100.0
2026-07-13 10:48:00,10081,695,4,0.0,150,100.0
2026-07-13 10:48:01,10082,695,5,0.0,150,100.0
2026-07-13 10:48:02,10083,695,6,0.0,150,100.0
2026-07-13 10:48:03,10084,695,7,0.0,150,100.0
2026-07-13 10:48:04,10085,695,8,0.0,150,100.0
2026-07-13 10:48:05,10086,695,9,0.0,150,100.0
2026-07-13 10:48:06,10087,695,10,0.0,150,100.0
2026-07-13 10:48:07,10088,695,11,0.0,150,100.0
2026-07-13 10:48:08,10089,695,12,0.0,150,100.0
2026-07-13 10:48:09,10090,695,13,0.0,150,100.0
2026-07-13 10:48:10,10091,695,14,0.0,150,100.0
2026-07-13 10:48:11,10092,695,15,2.61,150,100.0
2026-07-13 10:48:12,10093,696,0,0.0,150,100.0
2026-07-13 10:48:13,10094,696,1,0.0,150,100.0
2026-07-13 10:48:14,10095,696,2,0.0,150,100.0
2026-07-13 10:48:15,10096,696,3,0.0,150,100.0
2026-07-13 10:48:16,10097,696,4,0.0,150,100.0
2026-07-13 10:48:17,10098,696,5,0.0,150,100.0
2026-07-13 10:48:18,10099,696,6,0.0,150,100.0
2026-07-13 10:48:19,10100,696,7,0.0,150,100.0
2026-07-13 10:48:20,10101,696,8,0.0,150,100.0
2026-07-13 10:48:21,10102,696,9,0.0,150,100.0
2026-07-13 10:48:22,10103,696,10,0.0,150,100.0
2026-07-13 10:48:23,10104,696,11,0.0,150,100.0
2026-07-13 10:48:24,10105,696,12,0.0,150,100.0
2026-07-13 10:48:25,10106,696,13,0.0,150,100.0
2026-07-13 10:48:26,10107,696,14,0.0,150,100.0
2026-07-13 10:48:27,10108,697,0,0.0,150,100.0
2026-07-13 10:48:28,10109,697,1,0.0,150,100.0
2026-07-13 10:48:29,10110,697,2,0.0,150,100.0
2026-07-13 10:48:30,10111,697,3,0.0,150,100.0
2026-07-13 10:48:31,10112,697,4,0.0,150,100.0
2026-07-13 10:48:32,10113,697,5,0.0,150,100.0
2026-07-13 10:48:33,10114,697,6,0.0,150,100.0
2026-07-13 10:48:34,10115,697,7,0.0,150,100.0
2026-07-13 10:48:35,10116,697,8,0.0,150,100.0
2026-07-13 10:48:36,10117,697,9,0.0,150,100.0
2026-07-13 10:48:37,10118,697,10,0.0,150,100.0
2026-07-13 10:48:38,10119,697,11,0.0,150,100.0
2026-07-13 10:48:39,10120,697,12,0.0,150,100.0
2026-07-13 10:48:40,10121,698,0,0.0,150,100.0
2026-07-13 10:48:41,10122,698,1,0.0,150,100.0
2026-07-13 10:48:42,10123,698,2,0.0,150,100.0
2026-07-13 10:48:43,10124,698,3,0.0,150,100.0
2026-07-13 10:48:44,10125,698,4,0.0,150,100.0
2026-07-13 10:48:45,10126,698,5,0.0,150,100.0
2026-07-13 10:48:46,10127,698,6,0.0,150,100.0
2026-07-13 10:48:47,10128,698,7,0.0,150,100.0
2026-07-13 10:48:48,10129,698,8,0.0,150,100.0
2026-07-13 10:48:49,10130,698,9,0.0,150,100.0
2026-07-13 10:48:50,10131,698,10,0.0,150,100.0
2026-07-13 10:48:51,10132,698,11,0.0,150,100.0
2026-07-13 10:48:52,10133,698,12,0.0,150,100.0
2026-07-13 10:48:53,10134,698,13,0.0,150,100.0
2026-07-13 10:48:54,10135,698,14,0.0,150,100.0
2026-07-13 10:48:55,10136,699,0,0.0,150,100.0
2026-07-13 10:48:56,10137,699,1,0.0,150,100.0
2026-07-13 10:48:57,10138,699,2,0.0,150,100.0
2026-07-13 10:48:58,10139,699,3,0.0,150,100.0
2026-07-13 10:48:59,10140,699,4,0.0,150,100.0
2026-07-13 10:49:00,10141,699,5,0.0,150,100.0
2026-07-13 10:49:01,10142,699,6,0.0,150,100.0
2026-07-13 10:49:02,10143,699,7,0.0,150,100.0
2026-07-13 10:49:03,10144,699,8,0.0,150,100.0
2026-07-13 10:49:04,10145,699,9,0.0,150,100.0
2026-07-13 10:49:05,10146,699,10,0.0,150,100.0
2026-07-13 10:49:06,10147,699,11,0.0,150,100.0
2026-07-13 10:49:07,10148,699,12,0.0,150,100.0
2026-07-13 10:49:08,10149,699,13,0.0,150,100.0
2026-07-13 10:49:09,10150,699,14,0.0,150,100.0
2026-07-13 10:49:10,10151,700,0,0.0,150,100.0
2026-07-13 10:49:11,10152,700,1,0.0,150,100.0
2026-07-13 10:49:12,10153,700,2,0.0,150,100.0
2026-07-13 10:49:13,10154,700,3,0.0,150,100.0
2026-07-13 10:49:14,10155,700,4,0.0,150,100.0
2026-07-13 10:49:15,10156,700,5,0.0,150,100.0
2026-07-13 10:49:16,10157,700,6,0.0,150,100.0
2026-07-13 10:49:17,10158,700,7,0.0,150,100.0
2026-07-13 10:49:18,10159,700,8,0.0,150,100.0
2026-07-13 10:49:19,10160,700,9,0.0,150,100.0
2026-07-13 10:49:20,10161,700,10,0.0,150,100.0
2026-07-13 10:49:21,10162,700,11,21.15,150,100.0
2026-07-13 10:49:22,10163,700,12,20.57,150,100.0
2026-07-13 10:49:23,10164,700,13,0.0,150,100.0
2026-07-13 10:49:24,10165,700,14,0.0,150,100.0
2026-07-13 10:49:25,10166,701,0,0.0,150,100.0
2026-07-13 10:49:26,10167,701,1,0.0,150,100.0
2026-07-13 10:49:27,10168,701,2,0.0,150,100.0
2026-07-13 10:49:28,10169,701,3,0.0,150,100.0
2026-07-13 10:49:29,10170,701,4,0.0,150,100.0
2026-07-13 10:49:30,10171,701,5,0.0,150,100.0
2026-07-13 10:49:31,10172,701,6,0.0,150,100.0
2026-07-13 10:49:32,10173,701,7,0.0,150,100.0
2026-07-13 10:49:33,10174,701,8,0.0,150,100.0
2026-07-13 10:49:34,10175,701,9,0.0,150,100.0
2026-07-13 10:49:35,10176,701,10,0.0,150,100.0
2026-07-13 10:49:36,10177,701,11,0.0,150,100.0
2026-07-13 10:49:37,10178,701,12,0.0,150,100.0
2026-07-13 10:49:38,10179,701,13,0.0,150,100.0
2026-07-13 10:49:39,10180,702,0,0.0,150,100.0
2026-07-13 10:49:40,10181,702,1,0.0,150,100.0
2026-07-13 10:49:41,10182,702,2,0.0,150,100.0
2026-07-13 10:49:42,10183,702,3,0.0,150,100.0
2026-07-13 10:49:43,10184,702,4,0.0,150,100.0
2026-07-13 10:49:44,10185,702,5,0.0,150,100.0
2026-07-13 10:49:45,10186,702,6,0.0,150,100.0
2026-07-13 10:49:46,10187,702,7,0.0,150,100.0
2026-07-13 10:49:47,10188,702,8,0.0,150,100.0
2026-07-13 10:49:48,10189,702,9,0.0,150,100.0
2026-07-13 10:49:49,10190,702,10,0.0,150,100.0
2026-07-13 10:49:50,10191,702,11,0.0,150,100.0
2026-07-13 10:49:51,10192,702,12,0.0,150,100.0
2026-07-13 10:49:52,10193,702,13,0.0,150,100.0
2026-07-13 10:49:53,10194,703,0,0.0,150,100.0
2026-07-13 10:49:54,10195,703,1,0.0,150,100.0
2026-07-13 10:49:55,10196,703,2,0.0,150,100.0
2026-07-13 10:49:56,10197,703,3,0.0,150,100.0
2026-07-13 10:49:57,10198,703,4,0.0,150,100.0
2026-07-13 10:49:58,10199,703,5,0.0,150,100.0
2026-07-13 10:49:59,10200,703,6,0.0,150,100.0
2026-07-13 10:50:00,10201,703,7,0.0,150,100.0
2026-07-13 10:50:01,10202,703,8,0.0,150,100.0
2026-07-13 10:50:02,10203,703,9,0.0,150,100.0
2026-07-13 10:50:03,10204,703,10,0.0,150,100.0
2026-07-13 10:50:04,10205,703,11,0.0,150,100.0
2026-07-13 10:50:05,10206,703,12,0.0,150,100.0
2026-07-13 10:50:06,10207,703,13,0.0,150,100.0
2026-07-13 10:50:07,10208,703,14,0.0,150,100.0
2026-07-13 10:50:08,10209,703,15,0.0,150,100.0
2026-07-13 10:50:09,10210,704,0,0.0,150,100.0
2026-07-13 10:50:10,10211,704,1,0.0,150,100.0
2026-07-13 10:50:11,10212,704,2,0.0,150,100.0
2026-07-13 10:50:12,10213,704,3,0.0,150,100.0
2026-07-13 10:50:13,10214,704,4,0.0,150,100.0
2026-07-13 10:50:14,10215,704,5,0.0,150,100.0
2026-07-13 10:50:15,10216,704,6,0.0,150,100.0
2026-07-13 10:50:16,10217,704,7,0.0,150,100.0
2026-07-13 10:50:17,10218,704,8,0.0,150,100.0
2026-07-13 10:50:18,10219,704,9,0.0,150,100.0
2026-07-13 10:50:19,10220,704,10,0.0,150,100.0
2026-07-13 10:50:20,10221,704,11,0.0,150,100.0
2026-07-13 10:50:21,10222,704,12,0.0,150,100.0
2026-07-13 10:50:22,10223,704,13,0.0,150,100.0
2026-07-13 10:50:23,10224,705,0,0.0,150,100.0
2026-07-13 10:50:24,10225,705,1,0.0,150,100.0
2026-07-13 10:50:25,10226,705,2,0.0,150,100.0
2026-07-13 10:50:26,10227,705,3,0.0,150,100.0
2026-07-13 10:50:27,10228,705,4,0.0,150,100.0
2026-07-13 10:50:28,10229,705,5,0.0,150,100.0
2026-07-13 10:50:29,10230,705,6,0.0,150,100.0
2026-07-13 10:50:30,10231,705,7,0.0,150,100.0
2026-07-13 10:50:31,10232,705,8,0.0,150,100.0
2026-07-13 10:50:32,10233,705,9,0.0,150,100.0
2026-07-13 10:50:33,10234,705,10,0.0,150,100.0
2026-07-13 10:50:34,10235,705,11,0.0,150,100.0
2026-07-13 10:50:35,10236,705,12,0.0,150,100.0
2026-07-13 10:50:36,10237,705,13,0.0,150,100.0
2026-07-13 10:50:37,10238,705,14,0.0,150,100.0
2026-07-13 10:50:38,10239,706,0,0.0,150,100.0
2026-07-13 10:50:39,10240,706,1,0.0,150,100.0
2026-07-13 10:50:40,10241,706,2,0.0,150,100.0
2026-07-13 10:50:41,10242,706,3,0.0,150,100.0
2026-07-13 10:50:42,10243,706,4,0.0,150,100.0
2026-07-13 10:50:43,10244,706,5,0.0,150,100.0
2026-07-13 10:50:44,10245,706,6,0.0,150,100.0
2026-07-13 10:50:45,10246,706,7,0.0,150,100.0
2026-07-13 10:50:46,10247,706,8,0.0,150,100.0
2026-07-13 10:50:47,10248,706,9,0.0,150,100.0
2026-07-13 10:50:48,10249,706,10,0.0,150,100.0
2026-07-13 10:50:49,10250,706,11,0.0,150,100.0
2026-07-13 10:50:50,10251,706,12,0.0,150,100.0
2026-07-13 10:50:51,10252,706,13,0.0,150,100.0
2026-07-13 10:50:52,10253,706,14,0.0,150,100.0
2026-07-13 10:50:53,10254,706,15,0.0,150,100.0
2026-07-13 10:50:54,10255,707,0,0.0,150,100.0
2026-07-13 10:50:55,10256,707,1,0.0,150,100.0
2026-07-13 10:50:56,10257,707,2,0.0,150,100.0
2026-07-13 10:50:57,10258,707,3,0.0,150,100.0
2026-07-13 10:50:58,10259,707,4,0.0,150,100.0
2026-07-13 10:50:59,10260,707,5,0.0,150,100.0
2026-07-13 10:51:00,10261,707,6,0.0,150,100.0
2026-07-13 10:51:01,10262,707,7,0.0,150,100.0
2026-07-13 10:51:02,10263,707,8,0.0,150,100.0
2026-07-13 10:51:03,10264,707,9,0.0,150,100.0
2026-07-13 10:51:04,10265,707,10,0.0,150,100.0
2026-07-13 10:51:05,10266,707,11,0.0,150,100.0
2026-07-13 10:51:06,10267,707,12,0.0,150,100.0
2026-07-13 10:51:07,10268,707,13,0.0,150,100.0
2026-07-13 10:51:08,10269,707,14,0.0,150,100.0
2026-07-13 10:51:09,10270,708,0,0.0,150,100.0
2026-07-13 10:51:10,10271,708,1,0.0,150,100.0
2026-07-13 10:51:11,10272,708,2,0.0,150,100.0
2026-07-13 10:51:12,10273,708,3,0.0,150,100.0
2026-07-13 10:51:13,10274,708,4,0.0,150,100.0
2026-07-13 10:51:14,10275,708,5,0.0,150,100.0
2026-07-13 10:51:15,10276,708,6,0.0,150,100.0
2026-07-13 10:51:16,10277,708,7,0.0,150,100.0
2026-07-13 10:51:17,10278,708,8,0.0,150,100.0
2026-07-13 10:51:18,10279,708,9,0.0,150,100.0
2026-07-13 10:51:19,10280,708,10,0.0,150,100.0
2026-07-13 10:51:20,10281,708,11,0.0,150,100.0
2026-07-13 10:51:21,10282,708,12,0.0,150,100.0
2026-07-13 10:51:22,10283,709,0,0.0,150,100.0
2026-07-13 10:51:23,10284,709,1,0.0,150,100.0
2026-07-13 10:51:24,10285,709,2,0.0,150,100.0
2026-07-13 10:51:25,10286,709,3,0.0,150,100.0
2026-07-13 10:51:26,10287,709,4,0.0,150,100.0
2026-07-13 10:51:27,10288,709,5,0.0,150,100.0
2026-07-13 10:51:28,10289,709,6,0.0,150,100.0
2026-07-13 10:51:29,10290,709,7,0.0,150,100.0
2026-07-13 10:51:30,10291,709,8,0.0,150,100.0
2026-07-13 10:51:31,10292,709,9,0.0,150,100.0
2026-07-13 10:51:32,10293,709,10,0.0,150,100.0
2026-07-13 10:51:33,10294,709,11,0.0,150,100.0
2026-07-13 10:51:34,10295,709,12,0.0,150,100.0
2026-07-13 10:51:35,10296,709,13,0.0,150,100.0
2026-07-13 10:51:36,10297,709,14,0.0,150,100.0
2026-07-13 10:51:37,10298,710,0,0.0,150,100.0
2026-07-13 10:51:38,10299,710,1,0.0,150,100.0
2026-07-13 10:51:39,10300,710,2,0.0,150,100.0
2026-07-13 10:51:40,10301,710,3,0.0,150,100.0
2026-07-13 10:51:41,10302,710,4,0.0,150,100.0
2026-07-13 10:51:42,10303,710,5,0.0,150,100.0
2026-07-13 10:51:43,10304,710,6,0.0,150,100.0
2026-07-13 10:51:44,10305,710,7,0.0,150,100.0
2026-07-13 10:51:45,10306,710,8,0.0,150,100.0
2026-07-13 10:51:46,10307,710,9,0.0,150,100.0
2026-07-13 10:51:47,10308,710,10,0.0,150,100.0
2026-07-13 10:51:48,10309,710,11,0.0,150,100.0
2026-07-13 10:51:49,10310,710,12,0.0,150,100.0
2026-07-13 10:51:50,10311,710,13,0.0,150,100.0
2026-07-13 10:51:51,10312,710,14,0.0,150,100.0
2026-07-13 10:51:52,10313,710,15,0.0,150,100.0
2026-07-13 10:51:53,10314,711,0,0.0,150,100.0
2026-07-13 10:51:54,10315,711,1,0.0,150,100.0
2026-07-13 10:51:55,10316,711,2,0.0,150,100.0
2026-07-13 10:51:56,10317,711,3,0.0,150,100.0
2026-07-13 10:51:57,10318,711,4,0.0,150,100.0
2026-07-13 10:51:58,10319,711,5,0.0,150,100.0
2026-07-13 10:51:59,10320,711,6,0.0,150,100.0
2026-07-13 10:52:00,10321,711,7,0.0,150,100.0
2026-07-13 10:52:01,10322,711,8,0.0,150,100.0
2026-07-13 10:52:02,10323,711,9,0.0,150,100.0
2026-07-13 10:52:03,10324,711,10,0.0,150,100.0
2026-07-13 10:52:04,10325,711,11,0.0,150,100.0
2026-07-13 10:52:05,10326,711,12,0.0,150,100.0
2026-07-13 10:52:06,10327,712,0,0.0,150,100.0
2026-07-13 10:52:07,10328,712,1,0.0,150,100.0
2026-07-13 10:52:08,10329,712,2,0.0,150,100.0
2026-07-13 10:52:09,10330,712,3,0.0,150,100.0
2026-07-13 10:52:10,10331,712,4,0.0,150,100.0
2026-07-13 10:52:11,10332,712,5,0.0,150,100.0
2026-07-13 10:52:12,10333,712,6,0.0,150,100.0
2026-07-13 10:52:13,10334,712,7,0.0,150,100.0
2026-07-13 10:52:14,10335,712,8,0.0,150,100.0
2026-07-13 10:52:15,10336,712,9,0.0,150,100.0
2026-07-13 10:52:16,10337,712,10,0.0,150,100.0
2026-07-13 10:52:17,10338,712,11,0.0,150,100.0
2026-07-13 10:52:18,10339,712,12,0.0,150,100.0
2026-07-13 10:52:19,10340,713,0,0.0,150,100.0
2026-07-13 10:52:20,10341,713,1,0.0,150,100.0
2026-07-13 10:52:21,10342,713,2,0.0,150,100.0
2026-07-13 10:52:22,10343,713,3,0.0,150,100.0
2026-07-13 10:52:23,10344,713,4,0.0,150,100.0
2026-07-13 10:52:24,10345,713,5,0.0,150,100.0
2026-07-13 10:52:25,10346,713,6,0.0,150,100.0
2026-07-13 10:52:26,10347,713,7,0.0,150,100.0
2026-07-13 10:52:27,10348,713,8,0.0,150,100.0
2026-07-13 10:52:28,10349,713,9,0.0,150,100.0
2026-07-13 10:52:29,10350,713,10,0.0,150,100.0
2026-07-13 10:52:30,10351,713,11,0.0,150,100.0
2026-07-13 10:52:31,10352,713,12,0.0,150,100.0
2026-07-13 10:52:32,10353,713,13,0.0,150,100.0
2026-07-13 10:52:33,10354,713,14,0.0,150,100.0
2026-07-13 10:52:34,10355,713,15,0.0,150,100.0
2026-07-13 10:52:35,10356,714,0,0.0,150,100.0
2026-07-13 10:52:36,10357,714,1,0.0,150,100.0
2026-07-13 10:52:37,10358,714,2,0.0,150,100.0
2026-07-13 10:52:38,10359,714,3,0.0,150,100.0
2026-07-13 10:52:39,10360,714,4,0.0,150,100.0
2026-07-13 10:52:40,10361,714,5,0.0,150,100.0
2026-07-13 10:52:41,10362,714,6,0.0,150,100.0
2026-07-13 10:52:42,10363,714,7,0.0,150,100.0
2026-07-13 10:52:43,10364,714,8,0.0,150,100.0
2026-07-13 10:52:44,10365,714,9,0.0,150,100.0
2026-07-13 10:52:45,10366,714,10,0.0,150,100.0
2026-07-13 10:52:46,10367,714,11,0.0,150,100.0
2026-07-13 10:52:47,10368,715,0,0.0,150,100.0
2026-07-13 10:52:48,10369,715,1,0.0,150,100.0
2026-07-13 10:52:49,10370,715,2,0.0,150,100.0
2026-07-13 10:52:50,10371,715,3,0.0,150,100.0
2026-07-13 10:52:51,10372,715,4,0.0,150,100.0
2026-07-13 10:52:52,10373,715,5,0.0,150,100.0
2026-07-13 10:52:53,10374,715,6,0.0,150,100.0
2026-07-13 10:52:54,10375,715,7,0.0,150,100.0
2026-07-13 10:52:55,10376,715,8,0.0,150,100.0
2026-07-13 10:52:56,10377,715,9,0.0,150,100.0
2026-07-13 10:52:57,10378,715,10,0.0,150,100.0
2026-07-13 10:52:58,10379,715,11,0.0,150,100.0
2026-07-13 10:52:59,10380,715,12,0.0,150,100.0
2026-07-13 10:53:00,10381,715,13,0.0,150,100.0
2026-07-13 10:53:01,10382,715,14,0.0,150,100.0
2026-07-13 10:53:02,10383,715,15,0.0,150,100.0
2026-07-13 10:53:03,10384,716,0,0.0,150,100.0
2026-07-13 10:53:04,10385,716,1,0.0,150,100.0
2026-07-13 10:53:05,10386,716,2,0.0,150,100.0
2026-07-13 10:53:06,10387,716,3,0.0,150,100.0
2026-07-13 10:53:07,10388,716,4,0.0,150,100.0
2026-07-13 10:53:08,10389,716,5,0.0,150,100.0
2026-07-13 10:53:09,10390,716,6,0.0,150,100.0
2026-07-13 10:53:10,10391,716,7,0.0,150,100.0
2026-07-13 10:53:11,10392,716,8,0.0,150,100.0
2026-07-13 10:53:12,10393,716,9,0.0,150,100.0
2026-07-13 10:53:13,10394,716,10,0.0,150,100.0
2026-07-13 10:53:14,10395,716,11,0.0,150,100.0
2026-07-13 10:53:15,10396,716,12,0.0,150,100.0
2026-07-13 10:53:16,10397,716,13,0.0,150,100.0
2026-07-13 10:53:17,10398,717,0,0.0,150,100.0
2026-07-13 10:53:18,10399,717,1,0.0,150,100.0
2026-07-13 10:53:19,10400,717,2,0.0,150,100.0
2026-07-13 10:53:20,10401,717,3,0.0,150,100.0
2026-07-13 10:53:21,10402,717,4,0.0,150,100.0
2026-07-13 10:53:22,10403,717,5,0.0,150,100.0
2026-07-13 10:53:23,10404,717,6,0.0,150,100.0
2026-07-13 10:53:24,10405,717,7,0.0,150,100.0
2026-07-13 10:53:25,10406,717,8,0.0,150,100.0
2026-07-13 10:53:26,10407,717,9,0.0,150,100.0
2026-07-13 10:53:27,10408,717,10,0.0,150,100.0
2026-07-13 10:53:28,10409,717,11,0.0,150,100.0
2026-07-13 10:53:29,10410,717,12,0.0,150,100.0
2026-07-13 10:53:30,10411,717,13,0.0,150,100.0
2026-07-13 10:53:31,10412,717,14,0.0,150,100.0
2026-07-13 10:53:32,10413,717,15,0.0,150,100.0
2026-07-13 10:53:33,10414,718,0,0.0,150,100.0
2026-07-13 10:53:34,10415,718,1,0.0,150,100.0
2026-07-13 10:53:35,10416,718,2,0.0,150,100.0
2026-07-13 10:53:36,10417,718,3,0.0,150,100.0
2026-07-13 10:53:37,10418,718,4,0.0,150,100.0
2026-07-13 10:53:38,10419,718,5,0.0,150,100.0
2026-07-13 10:53:39,10420,718,6,0.0,150,100.0
2026-07-13 10:53:40,10421,718,7,0.0,150,100.0
2026-07-13 10:53:41,10422,718,8,0.0,150,100.0
2026-07-13 10:53:42,10423,718,9,0.0,150,100.0
2026-07-13 10:53:43,10424,718,10,0.0,150,100.0
2026-07-13 10:53:44,10425,718,11,0.0,150,100.0
2026-07-13 10:53:45,10426,718,12,0.0,150,100.0
2026-07-13 10:53:46,10427,718,13,0.0,150,100.0
2026-07-13 10:53:47,10428,718,14,0.0,150,100.0
2026-07-13 10:53:48,10429,719,0,0.0,150,100.0
2026-07-13 10:53:49,10430,719,1,0.0,150,100.0
2026-07-13 10:53:50,10431,719,2,0.0,150,100.0
2026-07-13 10:53:51,10432,719,3,0.0,150,100.0
2026-07-13 10:53:52,10433,719,4,0.0,150,100.0
2026-07-13 10:53:53,10434,719,5,0.0,150,100.0
2026-07-13 10:53:54,10435,719,6,0.0,150,100.0
2026-07-13 10:53:55,10436,719,7,0.0,150,100.0
2026-07-13 10:53:56,10437,719,8,0.0,150,100.0
2026-07-13 10:53:57,10438,719,9,0.0,150,100.0
2026-07-13 10:53:58,10439,719,10,0.0,150,100.0
2026-07-13 10:53:59,10440,719,11,0.0,150,100.0
2026-07-13 10:54:00,10441,719,12,0.0,150,100.0
2026-07-13 10:54:01,10442,719,13,0.0,150,100.0
2026-07-13 10:54:02,10443,719,14,0.0,150,100.0
2026-07-13 10:54:03,10444,720,0,0.0,150,100.0
2026-07-13 10:54:04,10445,720,1,0.0,150,100.0
2026-07-13 10:54:05,10446,720,2,0.0,150,100.0
2026-07-13 10:54:06,10447,720,3,0.0,150,100.0
2026-07-13 10:54:07,10448,720,4,0.0,150,100.0
2026-07-13 10:54:08,10449,720,5,0.0,150,100.0
2026-07-13 10:54:09,10450,720,6,0.0,150,100.0
2026-07-13 10:54:10,10451,720,7,0.0,150,100.0
2026-07-13 10:54:11,10452,720,8,0.0,150,100.0
2026-07-13 10:54:12,10453,720,9,0.0,150,100.0
2026-07-13 10:54:13,10454,720,10,0.0,150,100.0
2026-07-13 10:54:14,10455,720,11,0.0,150,100.0
2026-07-13 10:54:15,10456,720,12,0.0,150,100.0
2026-07-13 10:54:16,10457,720,13,0.0,150,100.0
2026-07-13 10:54:17,10458,721,0,0.0,150,100.0
2026-07-13 10:54:18,10459,721,1,0.0,150,100.0
2026-07-13 10:54:19,10460,721,2,0.0,150,100.0
2026-07-13 10:54:20,10461,721,3,0.0,150,100.0
2026-07-13 10:54:21,10462,721,4,0.0,150,100.0
2026-07-13 10:54:22,10463,721,5,0.0,150,100.0
2026-07-13 10:54:23,10464,721,6,0.0,150,100.0
2026-07-13 10:54:24,10465,721,7,0.0,150,100.0
2026-07-13 10:54:25,10466,721,8,0.0,150,100.0
2026-07-13 10:54:26,10467,721,9,0.0,150,100.0
2026-07-13 10:54:27,10468,721,10,0.0,150,100.0
2026-07-13 10:54:28,10469,721,11,0.0,150,100.0
2026-07-13 10:54:29,10470,721,12,0.0,150,100.0
2026-07-13 10:54:30,10471,721,13,0.0,150,100.0
2026-07-13 10:54:31,10472,722,0,0.0,150,100.0
2026-07-13 10:54:32,10473,722,1,0.0,150,100.0
2026-07-13 10:54:33,10474,722,2,0.0,150,100.0
2026-07-13 10:54:34,10475,722,3,0.0,150,100.0
2026-07-13 10:54:35,10476,722,4,0.0,150,100.0
2026-07-13 10:54:36,10477,722,5,0.0,150,100.0
2026-07-13 10:54:37,10478,722,6,0.0,150,100.0
2026-07-13 10:54:38,10479,722,7,0.0,150,100.0
2026-07-13 10:54:39,10480,722,8,0.0,150,100.0
2026-07-13 10:54:40,10481,722,9,0.0,150,100.0
2026-07-13 10:54:41,10482,722,10,0.0,150,100.0
2026-07-13 10:54:42,10483,722,11,0.0,150,100.0
2026-07-13 10:54:43,10484,722,12,0.0,150,100.0
2026-07-13 10:54:44,10485,722,13,0.0,150,100.0
2026-07-13 10:54:45,10486,723,0,0.0,150,100.0
2026-07-13 10:54:46,10487,723,1,0.0,150,100.0
2026-07-13 10:54:47,10488,723,2,0.0,150,100.0
2026-07-13 10:54:48,10489,723,3,0.0,150,100.0
2026-07-13 10:54:49,10490,723,4,0.0,150,100.0
2026-07-13 10:54:50,10491,723,5,0.0,150,100.0
2026-07-13 10:54:51,10492,723,6,0.0,150,100.0
2026-07-13 10:54:52,10493,723,7,0.0,150,100.0
2026-07-13 10:54:53,10494,723,8,0.0,150,100.0
2026-07-13 10:54:54,10495,723,9,0.0,150,100.0
2026-07-13 10:54:55,10496,723,10,0.0,150,100.0
2026-07-13 10:54:56,10497,723,11,0.0,150,100.0
2026-07-13 10:54:57,10498,723,12,0.0,150,100.0
2026-07-13 10:54:58,10499,723,13,0.0,150,100.0
2026-07-13 10:54:59,10500,724,0,0.0,150,100.0
2026-07-13 10:55:00,10501,724,1,0.0,150,100.0
2026-07-13 10:55:01,10502,724,2,0.0,150,100.0
2026-07-13 10:55:02,10503,724,3,0.0,150,100.0
2026-07-13 10:55:03,10504,724,4,0.0,150,100.0
2026-07-13 10:55:04,10505,724,5,0.0,150,100.0
2026-07-13 10:55:05,10506,724,6,0.0,150,100.0
2026-07-13 10:55:06,10507,724,7,0.0,150,100.0
2026-07-13 10:55:07,10508,724,8,0.0,150,100.0
2026-07-13 10:55:08,10509,724,9,0.0,150,100.0
2026-07-13 10:55:09,10510,724,10,0.0,150,100.0
2026-07-13 10:55:10,10511,724,11,0.0,150,100.0
2026-07-13 10:55:11,10512,724,12,0.0,150,100.0
2026-07-13 10:55:12,10513,724,13,0.0,150,100.0
2026-07-13 10:55:13,10514,724,14,0.0,150,100.0
2026-07-13 10:55:14,10515,725,0,0.0,150,100.0
2026-07-13 10:55:15,10516,725,1,0.0,150,100.0
2026-07-13 10:55:16,10517,725,2,0.0,150,100.0
2026-07-13 10:55:17,10518,725,3,0.0,150,100.0
2026-07-13 10:55:18,10519,725,4,0.0,150,100.0
2026-07-13 10:55:19,10520,725,5,0.0,150,100.0
2026-07-13 10:55:20,10521,725,6,0.0,150,100.0
2026-07-13 10:55:21,10522,725,7,0.0,150,100.0
2026-07-13 10:55:22,10523,725,8,0.0,150,100.0
2026-07-13 10:55:23,10524,725,9,0.0,150,100.0
2026-07-13 10:55:24,10525,725,10,0.0,150,100.0
2026-07-13 10:55:25,10526,725,11,0.0,150,100.0
2026-07-13 10:55:26,10527,725,12,0.0,150,100.0
2026-07-13 10:55:27,10528,725,13,0.0,150,100.0
2026-07-13 10:55:28,10529,726,0,0.0,150,100.0
2026-07-13 10:55:29,10530,726,1,0.0,150,100.0
2026-07-13 10:55:30,10531,726,2,0.0,150,100.0
2026-07-13 10:55:31,10532,726,3,0.0,150,100.0
2026-07-13 10:55:32,10533,726,4,0.0,150,100.0
2026-07-13 10:55:33,10534,726,5,0.0,150,100.0
2026-07-13 10:55:34,10535,726,6,0.0,150,100.0
2026-07-13 10:55:35,10536,726,7,0.0,150,100.0
2026-07-13 10:55:36,10537,726,8,0.0,150,100.0
2026-07-13 10:55:37,10538,726,9,0.0,150,100.0
2026-07-13 10:55:38,10539,726,10,0.0,150,100.0
2026-07-13 10:55:39,10540,726,11,0.0,150,100.0
2026-07-13 10:55:40,10541,726,12,0.0,150,100.0
2026-07-13 10:55:41,10542,727,0,0.0,150,100.0
2026-07-13 10:55:42,10543,727,1,0.0,150,100.0
2026-07-13 10:55:43,10544,727,2,0.0,150,100.0
2026-07-13 10:55:44,10545,727,3,0.0,150,100.0
2026-07-13 10:55:45,10546,727,4,0.0,150,100.0
2026-07-13 10:55:46,10547,727,5,0.0,150,100.0
2026-07-13 10:55:47,10548,727,6,0.0,150,100.0
2026-07-13 10:55:48,10549,727,7,0.0,150,100.0
2026-07-13 10:55:49,10550,727,8,0.0,150,100.0
2026-07-13 10:55:50,10551,727,9,0.0,150,100.0
2026-07-13 10:55:51,10552,727,10,0.0,150,100.0
2026-07-13 10:55:52,10553,727,11,0.0,150,100.0
2026-07-13 10:55:53,10554,727,12,0.0,150,100.0
2026-07-13 10:55:54,10555,727,13,0.0,150,100.0
2026-07-13 10:55:55,10556,728,0,0.0,150,100.0
2026-07-13 10:55:56,10557,728,1,0.0,150,100.0
2026-07-13 10:55:57,10558,728,2,0.0,150,100.0
2026-07-13 10:55:58,10559,728,3,0.0,150,100.0
2026-07-13 10:55:59,10560,728,4,0.0,150,100.0
2026-07-13 10:56:00,10561,728,5,0.0,150,100.0
2026-07-13 10:56:01,10562,728,6,0.0,150,100.0
2026-07-13 10:56:02,10563,728,7,0.0,150,100.0
2026-07-13 10:56:03,10564,728,8,0.0,150,100.0
2026-07-13 10:56:04,10565,728,9,0.0,150,100.0
2026-07-13 10:56:05,10566,728,10,0.0,150,100.0
2026-07-13 10:56:06,10567,728,11,0.0,150,100.0
2026-07-13 10:56:07,10568,728,12,0.0,150,100.0
2026-07-13 10:56:08,10569,728,13,0.0,150,100.0
2026-07-13 10:56:09,10570,729,0,0.0,150,100.0
2026-07-13 10:56:10,10571,729,1,0.0,150,100.0
2026-07-13 10:56:11,10572,729,2,0.0,150,100.0
2026-07-13 10:56:12,10573,729,3,0.0,150,100.0
2026-07-13 10:56:13,10574,729,4,0.0,150,100.0
2026-07-13 10:56:14,10575,729,5,0.0,150,100.0
2026-07-13 10:56:15,10576,729,6,0.0,150,100.0
2026-07-13 10:56:16,10577,729,7,0.0,150,100.0
2026-07-13 10:56:17,10578,729,8,0.0,150,100.0
2026-07-13 10:56:18,10579,729,9,0.0,150,100.0
2026-07-13 10:56:19,10580,729,10,0.0,150,100.0
2026-07-13 10:56:20,10581,729,11,0.0,150,100.0
2026-07-13 10:56:21,10582,729,12,0.0,150,100.0
2026-07-13 10:56:22,10583,729,13,0.0,150,100.0
2026-07-13 10:56:23,10584,730,0,0.0,150,100.0
2026-07-13 10:56:24,10585,730,1,0.0,150,100.0
2026-07-13 10:56:25,10586,730,2,0.0,150,100.0
2026-07-13 10:56:26,10587,730,3,0.0,150,100.0
2026-07-13 10:56:27,10588,730,4,0.0,150,100.0
2026-07-13 10:56:28,10589,730,5,0.0,150,100.0
2026-07-13 10:56:29,10590,730,6,0.0,150,100.0
2026-07-13 10:56:30,10591,730,7,0.0,150,100.0
2026-07-13 10:56:31,10592,730,8,0.0,150,100.0
2026-07-13 10:56:32,10593,730,9,0.0,150,100.0
2026-07-13 10:56:33,10594,730,10,0.0,150,100.0
2026-07-13 10:56:34,10595,730,11,0.0,150,100.0
2026-07-13 10:56:35,10596,730,12,0.0,150,100.0
2026-07-13 10:56:36,10597,730,13,0.0,150,100.0
2026-07-13 10:56:37,10598,730,14,0.0,150,100.0
2026-07-13 10:56:38,10599,730,15,0.0,150,100.0
2026-07-13 10:56:39,10600,730,16,0.0,150,100.0
2026-07-13 10:56:40,10601,731,0,0.0,150,100.0
2026-07-13 10:56:41,10602,731,1,0.0,150,100.0
2026-07-13 10:56:42,10603,731,2,0.0,150,100.0
2026-07-13 10:56:43,10604,731,3,0.0,150,100.0
2026-07-13 10:56:44,10605,731,4,0.0,150,100.0
2026-07-13 10:56:45,10606,731,5,0.0,150,100.0
2026-07-13 10:56:46,10607,731,6,0.0,150,100.0
2026-07-13 10:56:47,10608,731,7,0.0,150,100.0
2026-07-13 10:56:48,10609,731,8,0.0,150,100.0
2026-07-13 10:56:49,10610,731,9,0.0,150,100.0
2026-07-13 10:56:50,10611,731,10,0.0,150,100.0
2026-07-13 10:56:51,10612,731,11,0.0,150,100.0
2026-07-13 10:56:52,10613,731,12,0.0,150,100.0
2026-07-13 10:56:53,10614,731,13,0.0,150,100.0
2026-07-13 10:56:54,10615,731,14,0.0,150,100.0
2026-07-13 10:56:55,10616,732,0,0.0,150,100.0
2026-07-13 10:56:56,10617,732,1,0.0,150,100.0
2026-07-13 10:56:57,10618,732,2,0.0,150,100.0
2026-07-13 10:56:58,10619,732,3,0.0,150,100.0
2026-07-13 10:56:59,10620,732,4,0.0,150,100.0
2026-07-13 10:57:00,10621,732,5,0.0,150,100.0
2026-07-13 10:57:01,10622,732,6,0.0,150,100.0
2026-07-13 10:57:02,10623,732,7,0.0,150,100.0
2026-07-13 10:57:03,10624,732,8,0.0,150,100.0
2026-07-13 10:57:04,10625,732,9,0.0,150,100.0
2026-07-13 10:57:05,10626,732,10,0.0,150,100.0
2026-07-13 10:57:06,10627,732,11,0.0,150,100.0
2026-07-13 10:57:07,10628,732,12,0.0,150,100.0
2026-07-13 10:57:08,10629,732,13,0.0,150,100.0
2026-07-13 10:57:09,10630,733,0,0.0,150,100.0
2026-07-13 10:57:10,10631,733,1,0.0,150,100.0
2026-07-13 10:57:11,10632,733,2,0.0,150,100.0
2026-07-13 10:57:12,10633,733,3,0.0,150,100.0
2026-07-13 10:57:13,10634,733,4,0.0,150,100.0
2026-07-13 10:57:14,10635,733,5,0.0,150,100.0
2026-07-13 10:57:15,10636,733,6,0.0,150,100.0
2026-07-13 10:57:16,10637,733,7,0.0,150,100.0
2026-07-13 10:57:17,10638,733,8,0.0,150,100.0
2026-07-13 10:57:18,10639,733,9,0.0,150,100.0
2026-07-13 10:57:19,10640,733,10,0.0,150,100.0
2026-07-13 10:57:20,10641,733,11,6.5,150,100.0
2026-07-13 10:57:21,10642,733,12,0.0,150,100.0
2026-07-13 10:57:22,10643,733,13,0.0,150,100.0
2026-07-13 10:57:23,10644,733,14,0.0,150,100.0
2026-07-13 10:57:24,10645,734,0,0.0,150,100.0
2026-07-13 10:57:25,10646,734,1,0.0,150,100.0
2026-07-13 10:57:26,10647,734,2,0.0,150,100.0
2026-07-13 10:57:27,10648,734,3,0.0,150,100.0
2026-07-13 10:57:28,10649,734,4,0.0,150,100.0
2026-07-13 10:57:29,10650,734,5,0.0,150,100.0
2026-07-13 10:57:30,10651,734,6,0.0,150,100.0
2026-07-13 10:57:31,10652,734,7,0.0,150,100.0
2026-07-13 10:57:32,10653,734,8,0.0,150,100.0
2026-07-13 10:57:33,10654,734,9,0.0,150,100.0
2026-07-13 10:57:34,10655,734,10,0.0,150,100.0
2026-07-13 10:57:35,10656,734,11,0.0,150,100.0
2026-07-13 10:57:36,10657,734,12,0.0,150,100.0
2026-07-13 10:57:37,10658,735,0,0.0,150,100.0
2026-07-13 10:57:38,10659,735,1,0.0,150,100.0
2026-07-13 10:57:39,10660,735,2,0.0,150,100.0
2026-07-13 10:57:40,10661,735,3,5.02,150,100.0
2026-07-13 10:57:41,10662,735,4,0.0,150,100.0
2026-07-13 10:57:42,10663,735,5,0.0,150,100.0
2026-07-13 10:57:43,10664,735,6,0.0,150,100.0
2026-07-13 10:57:44,10665,735,7,0.0,150,100.0
2026-07-13 10:57:45,10666,735,8,0.0,150,100.0
2026-07-13 10:57:46,10667,735,9,0.0,150,100.0
2026-07-13 10:57:47,10668,735,10,0.0,150,100.0
2026-07-13 10:57:48,10669,735,11,0.0,150,100.0
2026-07-13 10:57:49,10670,735,12,0.0,150,100.0
2026-07-13 10:57:50,10671,735,13,0.0,150,100.0
2026-07-13 10:57:51,10672,736,0,0.0,150,100.0
2026-07-13 10:57:52,10673,736,1,0.0,150,100.0
2026-07-13 10:57:53,10674,736,2,0.0,150,100.0
2026-07-13 10:57:54,10675,736,3,0.0,150,100.0
2026-07-13 10:57:55,10676,736,4,0.0,150,100.0
2026-07-13 10:57:56,10677,736,5,0.0,150,100.0
2026-07-13 10:57:57,10678,736,6,0.0,150,100.0
2026-07-13 10:57:58,10679,736,7,0.0,150,100.0
2026-07-13 10:57:59,10680,736,8,0.0,150,100.0
2026-07-13 10:58:00,10681,736,9,0.0,150,100.0
2026-07-13 10:58:01,10682,736,10,0.0,150,100.0
2026-07-13 10:58:02,10683,736,11,0.0,150,100.0
2026-07-13 10:58:03,10684,737,0,0.0,150,100.0
2026-07-13 10:58:04,10685,737,1,0.0,150,100.0
2026-07-13 10:58:05,10686,737,2,0.0,150,100.0
2026-07-13 10:58:06,10687,737,3,0.0,150,100.0
2026-07-13 10:58:07,10688,737,4,0.0,150,100.0
2026-07-13 10:58:08,10689,737,5,0.0,150,100.0
2026-07-13 10:58:09,10690,737,6,0.0,150,100.0
2026-07-13 10:58:10,10691,737,7,0.0,150,100.0
2026-07-13 10:58:11,10692,737,8,0.0,150,100.0
2026-07-13 10:58:12,10693,737,9,0.0,150,100.0
2026-07-13 10:58:13,10694,737,10,0.0,150,100.0
2026-07-13 10:58:14,10695,737,11,0.0,150,100.0
2026-07-13 10:58:15,10696,737,12,0.0,150,100.0
2026-07-13 10:58:16,10697,737,13,0.0,150,100.0
2026-07-13 10:58:17,10698,738,0,0.0,150,100.0
2026-07-13 10:58:18,10699,738,1,0.0,150,100.0
2026-07-13 10:58:19,10700,738,2,0.0,150,100.0
2026-07-13 10:58:20,10701,738,3,0.0,150,100.0
2026-07-13 10:58:21,10702,738,4,0.0,150,100.0
2026-07-13 10:58:22,10703,738,5,0.0,150,100.0
2026-07-13 10:58:23,10704,738,6,0.0,150,100.0
2026-07-13 10:58:24,10705,738,7,0.0,150,100.0
2026-07-13 10:58:25,10706,738,8,0.0,150,100.0
2026-07-13 10:58:26,10707,738,9,0.0,150,100.0
2026-07-13 10:58:27,10708,738,10,0.0,150,100.0
2026-07-13 10:58:28,10709,738,11,0.0,150,100.0
2026-07-13 10:58:29,10710,738,12,0.0,150,100.0
2026-07-13 10:58:30,10711,738,13,0.0,150,100.0
2026-07-13 10:58:31,10712,738,14,0.0,150,100.0
2026-07-13 10:58:32,10713,739,0,0.0,150,100.0
2026-07-13 10:58:33,10714,739,1,0.0,150,100.0
2026-07-13 10:58:34,10715,739,2,0.0,150,100.0
2026-07-13 10:58:35,10716,739,3,0.0,150,100.0
2026-07-13 10:58:36,10717,739,4,0.0,150,100.0
2026-07-13 10:58:37,10718,739,5,0.0,150,100.0
2026-07-13 10:58:38,10719,739,6,0.0,150,100.0
2026-07-13 10:58:39,10720,739,7,0.0,150,100.0
2026-07-13 10:58:40,10721,739,8,0.0,150,100.0
2026-07-13 10:58:41,10722,739,9,0.0,150,100.0
2026-07-13 10:58:42,10723,739,10,0.0,150,100.0
2026-07-13 10:58:43,10724,739,11,0.0,150,100.0
2026-07-13 10:58:44,10725,739,12,0.0,150,100.0
2026-07-13 10:58:45,10726,739,13,0.0,150,100.0
2026-07-13 10:58:46,10727,739,14,0.0,150,100.0
2026-07-13 10:58:47,10728,740,0,0.0,150,100.0
2026-07-13 10:58:48,10729,740,1,0.0,150,100.0
2026-07-13 10:58:49,10730,740,2,0.0,150,100.0
2026-07-13 10:58:50,10731,740,3,0.0,150,100.0
2026-07-13 10:58:51,10732,740,4,0.0,150,100.0
2026-07-13 10:58:52,10733,740,5,0.0,150,100.0
2026-07-13 10:58:53,10734,740,6,0.0,150,100.0
2026-07-13 10:58:54,10735,740,7,0.0,150,100.0
2026-07-13 10:58:55,10736,740,8,0.0,150,100.0
2026-07-13 10:58:56,10737,740,9,0.0,150,100.0
2026-07-13 10:58:57,10738,740,10,0.0,150,100.0
2026-07-13 10:58:58,10739,740,11,0.0,150,100.0
2026-07-13 10:58:59,10740,740,12,0.0,150,100.0
2026-07-13 10:59:00,10741,740,13,0.0,150,100.0
2026-07-13 10:59:01,10742,740,14,0.0,150,100.0
2026-07-13 10:59:02,10743,740,15,0.0,150,100.0
2026-07-13 10:59:03,10744,740,16,0.0,150,100.0
2026-07-13 10:59:04,10745,741,0,0.0,150,100.0
2026-07-13 10:59:05,10746,741,1,0.0,150,100.0
2026-07-13 10:59:06,10747,741,2,0.0,150,100.0
2026-07-13 10:59:07,10748,741,3,0.0,150,100.0
2026-07-13 10:59:08,10749,741,4,0.0,150,100.0
2026-07-13 10:59:09,10750,741,5,0.0,150,100.0
2026-07-13 10:59:10,10751,741,6,0.0,150,100.0
2026-07-13 10:59:11,10752,741,7,0.0,150,100.0
2026-07-13 10:59:12,10753,741,8,0.0,150,100.0
2026-07-13 10:59:13,10754,741,9,0.0,150,100.0
2026-07-13 10:59:14,10755,741,10,0.0,150,100.0
2026-07-13 10:59:15,10756,741,11,20.93,150,100.0
2026-07-13 10:59:16,10757,741,12,0.0,150,100.0
2026-07-13 10:59:17,10758,741,13,0.0,150,100.0
2026-07-13 10:59:18,10759,741,14,0.0,150,100.0
2026-07-13 10:59:19,10760,741,15,36.9,150,100.0
2026-07-13 10:59:20,10761,742,0,0.0,150,100.0
2026-07-13 10:59:21,10762,742,1,0.0,150,100.0
2026-07-13 10:59:22,10763,742,2,0.0,150,100.0
2026-07-13 10:59:23,10764,742,3,0.0,150,100.0
2026-07-13 10:59:24,10765,742,4,0.0,150,100.0
2026-07-13 10:59:25,10766,742,5,0.0,150,100.0
2026-07-13 10:59:26,10767,742,6,0.0,150,100.0
2026-07-13 10:59:27,10768,742,7,0.0,150,100.0
2026-07-13 10:59:28,10769,742,8,0.0,150,100.0
2026-07-13 10:59:29,10770,742,9,0.0,150,100.0
2026-07-13 10:59:30,10771,742,10,0.0,150,100.0
2026-07-13 10:59:31,10772,742,11,0.0,150,100.0
2026-07-13 10:59:32,10773,742,12,0.0,150,100.0
2026-07-13 10:59:33,10774,742,13,0.0,150,100.0
2026-07-13 10:59:34,10775,743,0,0.0,150,100.0
2026-07-13 10:59:35,10776,743,1,0.0,150,100.0
2026-07-13 10:59:36,10777,743,2,0.0,150,100.0
2026-07-13 10:59:37,10778,743,3,0.0,150,100.0
2026-07-13 10:59:38,10779,743,4,0.0,150,100.0
2026-07-13 10:59:39,10780,743,5,0.0,150,100.0
2026-07-13 10:59:40,10781,743,6,0.0,150,100.0
2026-07-13 10:59:41,10782,743,7,0.0,150,100.0
2026-07-13 10:59:42,10783,743,8,0.0,150,100.0
2026-07-13 10:59:43,10784,743,9,0.0,150,100.0
2026-07-13 10:59:44,10785,743,10,87.74,150,100.0
2026-07-13 10:59:45,10786,743,11,100.0,150,100.0
2026-07-13 10:59:46,10787,743,12,0.0,150,100.0
2026-07-13 10:59:47,10788,743,13,0.0,150,100.0
2026-07-13 10:59:48,10789,743,14,16.85,150,100.0
2026-07-13 10:59:49,10790,744,0,0.0,150,100.0
2026-07-13 10:59:50,10791,744,1,0.0,150,100.0
2026-07-13 10:59:51,10792,744,2,0.0,150,100.0
2026-07-13 10:59:52,10793,744,3,0.0,150,100.0
2026-07-13 10:59:53,10794,744,4,0.0,150,100.0
2026-07-13 10:59:54,10795,744,5,0.0,150,100.0
2026-07-13 10:59:55,10796,744,6,0.0,150,100.0
2026-07-13 10:59:56,10797,744,7,0.0,150,100.0
2026-07-13 10:59:57,10798,744,8,0.0,150,100.0
2026-07-13 10:59:58,10799,744,9,0.0,150,100.0
2026-07-13 10:59:59,10800,744,10,0.0,150,100.0
2026-07-13 11:00:00,10801,744,11,0.0,150,100.0
2026-07-13 11:00:01,10802,744,12,0.0,150,100.0
2026-07-13 11:00:02,10803,744,13,0.0,150,100.0
2026-07-13 11:00:03,10804,745,0,0.0,150,100.0
2026-07-13 11:00:04,10805,745,1,0.0,150,100.0
2026-07-13 11:00:05,10806,745,2,0.0,150,100.0
2026-07-13 11:00:06,10807,745,3,0.0,150,100.0
2026-07-13 11:00:07,10808,745,4,0.0,150,100.0
2026-07-13 11:00:08,10809,745,5,0.0,150,100.0
2026-07-13 11:00:09,10810,745,6,0.0,150,100.0
2026-07-13 11:00:10,10811,745,7,0.0,150,100.0
2026-07-13 11:00:11,10812,745,8,0.0,150,100.0
2026-07-13 11:00:12,10813,745,9,0.0,150,100.0
2026-07-13 11:00:13,10814,745,10,0.0,150,100.0
2026-07-13 11:00:14,10815,745,11,0.0,150,100.0
2026-07-13 11:00:15,10816,745,12,0.0,150,100.0
2026-07-13 11:00:16,10817,745,13,0.0,150,100.0
2026-07-13 11:00:17,10818,745,14,0.0,150,100.0
2026-07-13 11:00:18,10819,746,0,0.0,150,100.0
2026-07-13 11:00:19,10820,746,1,0.0,150,100.0
2026-07-13 11:00:20,10821,746,2,0.0,150,100.0
2026-07-13 11:00:21,10822,746,3,0.0,150,100.0
2026-07-13 11:00:22,10823,746,4,0.0,150,100.0
2026-07-13 11:00:23,10824,746,5,0.0,150,100.0
2026-07-13 11:00:24,10825,746,6,0.0,150,100.0
2026-07-13 11:00:25,10826,746,7,0.0,150,100.0
2026-07-13 11:00:26,10827,746,8,0.0,150,100.0
2026-07-13 11:00:27,10828,746,9,0.0,150,100.0
2026-07-13 11:00:28,10829,746,10,0.0,150,100.0
2026-07-13 11:00:29,10830,746,11,0.0,150,100.0
2026-07-13 11:00:30,10831,747,0,0.0,150,100.0
2026-07-13 11:00:31,10832,747,1,0.0,150,100.0
2026-07-13 11:00:32,10833,747,2,0.0,150,100.0
2026-07-13 11:00:33,10834,747,3,0.0,150,100.0
2026-07-13 11:00:34,10835,747,4,0.0,150,100.0
2026-07-13 11:00:35,10836,747,5,0.0,150,100.0
2026-07-13 11:00:36,10837,747,6,0.0,150,100.0
2026-07-13 11:00:37,10838,747,7,0.0,150,100.0
2026-07-13 11:00:38,10839,747,8,0.0,150,100.0
2026-07-13 11:00:39,10840,747,9,0.0,150,100.0
2026-07-13 11:00:40,10841,747,10,0.0,150,100.0
2026-07-13 11:00:41,10842,747,11,0.0,150,100.0
2026-07-13 11:00:42,10843,747,12,0.0,150,100.0
2026-07-13 11:00:43,10844,748,0,0.0,150,100.0
2026-07-13 11:00:44,10845,748,1,0.0,150,100.0
2026-07-13 11:00:45,10846,748,2,0.0,150,100.0
2026-07-13 11:00:46,10847,748,3,0.0,150,100.0
2026-07-13 11:00:47,10848,748,4,0.0,150,100.0
2026-07-13 11:00:48,10849,748,5,0.0,150,100.0
2026-07-13 11:00:49,10850,748,6,0.0,150,100.0
2026-07-13 11:00:50,10851,748,7,0.0,150,100.0
2026-07-13 11:00:51,10852,748,8,0.0,150,100.0
2026-07-13 11:00:52,10853,748,9,0.0,150,100.0
2026-07-13 11:00:53,10854,748,10,0.0,150,100.0
2026-07-13 11:00:54,10855,748,11,0.0,150,100.0
2026-07-13 11:00:55,10856,748,12,0.0,150,100.0
2026-07-13 11:00:56,10857,748,13,0.0,150,100.0
2026-07-13 11:00:57,10858,748,14,0.0,150,100.0
2026-07-13 11:00:58,10859,748,15,0.0,150,100.0
2026-07-13 11:00:59,10860,748,16,0.0,150,100.0
2026-07-13 11:01:00,10861,749,0,0.0,150,100.0
2026-07-13 11:01:01,10862,749,1,0.0,150,100.0
2026-07-13 11:01:02,10863,749,2,0.0,150,100.0
2026-07-13 11:01:03,10864,749,3,0.0,150,100.0
2026-07-13 11:01:04,10865,749,4,0.0,150,100.0
2026-07-13 11:01:05,10866,749,5,0.0,150,100.0
2026-07-13 11:01:06,10867,749,6,0.0,150,100.0
2026-07-13 11:01:07,10868,749,7,0.0,150,100.0
2026-07-13 11:01:08,10869,749,8,0.0,150,100.0
2026-07-13 11:01:09,10870,749,9,0.0,150,100.0
2026-07-13 11:01:10,10871,749,10,0.0,150,100.0
2026-07-13 11:01:11,10872,749,11,0.0,150,100.0
2026-07-13 11:01:12,10873,749,12,0.0,150,100.0
2026-07-13 11:01:13,10874,749,13,0.0,150,100.0
2026-07-13 11:01:14,10875,749,14,0.0,150,100.0
2026-07-13 11:01:15,10876,749,15,0.0,150,100.0
2026-07-13 11:01:16,10877,749,16,0.0,150,100.0
2026-07-13 11:01:17,10878,750,0,0.0,150,100.0
2026-07-13 11:01:18,10879,750,1,0.0,150,100.0
2026-07-13 11:01:19,10880,750,2,0.0,150,100.0
2026-07-13 11:01:20,10881,750,3,0.0,150,100.0
2026-07-13 11:01:21,10882,750,4,0.0,150,100.0
2026-07-13 11:01:22,10883,750,5,0.0,150,100.0
2026-07-13 11:01:23,10884,750,6,0.0,150,100.0
2026-07-13 11:01:24,10885,750,7,0.0,150,100.0
2026-07-13 11:01:25,10886,750,8,0.0,150,100.0
2026-07-13 11:01:26,10887,750,9,0.0,150,100.0
2026-07-13 11:01:27,10888,750,10,0.0,150,100.0
2026-07-13 11:01:28,10889,750,11,0.0,150,100.0
2026-07-13 11:01:29,10890,750,12,0.0,150,100.0
2026-07-13 11:01:30,10891,750,13,0.0,150,100.0
2026-07-13 11:01:31,10892,750,14,0.0,150,100.0
2026-07-13 11:01:32,10893,751,0,0.0,150,100.0
2026-07-13 11:01:33,10894,751,1,0.0,150,100.0
2026-07-13 11:01:34,10895,751,2,0.0,150,100.0
2026-07-13 11:01:35,10896,751,3,0.0,150,100.0
2026-07-13 11:01:36,10897,751,4,0.0,150,100.0
2026-07-13 11:01:37,10898,751,5,0.0,150,100.0
2026-07-13 11:01:38,10899,751,6,0.0,150,100.0
2026-07-13 11:01:39,10900,751,7,0.0,150,100.0
2026-07-13 11:01:40,10901,751,8,0.0,150,100.0
2026-07-13 11:01:41,10902,751,9,0.0,150,100.0
2026-07-13 11:01:42,10903,751,10,0.0,150,100.0
2026-07-13 11:01:43,10904,751,11,0.0,150,100.0
2026-07-13 11:01:44,10905,752,0,0.0,150,100.0
2026-07-13 11:01:45,10906,752,1,0.0,150,100.0
2026-07-13 11:01:46,10907,752,2,0.0,150,100.0
2026-07-13 11:01:47,10908,752,3,0.0,150,100.0
2026-07-13 11:01:48,10909,752,4,0.0,150,100.0
2026-07-13 11:01:49,10910,752,5,0.0,150,100.0
2026-07-13 11:01:50,10911,752,6,0.0,150,100.0
2026-07-13 11:01:51,10912,752,7,0.0,150,100.0
2026-07-13 11:01:52,10913,752,8,0.0,150,100.0
2026-07-13 11:01:53,10914,752,9,0.0,150,100.0
2026-07-13 11:01:54,10915,752,10,0.0,150,100.0
2026-07-13 11:01:55,10916,752,11,0.0,150,100.0
2026-07-13 11:01:56,10917,752,12,0.0,150,100.0
2026-07-13 11:01:57,10918,752,13,0.0,150,100.0
2026-07-13 11:01:58,10919,753,0,0.0,150,100.0
2026-07-13 11:01:59,10920,753,1,0.0,150,100.0
2026-07-13 11:02:00,10921,753,2,0.0,150,100.0
2026-07-13 11:02:01,10922,753,3,0.0,150,100.0
2026-07-13 11:02:02,10923,753,4,0.0,150,100.0
2026-07-13 11:02:03,10924,753,5,0.0,150,100.0
2026-07-13 11:02:04,10925,753,6,0.0,150,100.0
2026-07-13 11:02:05,10926,753,7,0.0,150,100.0
2026-07-13 11:02:06,10927,753,8,0.0,150,100.0
2026-07-13 11:02:07,10928,753,9,0.0,150,100.0
2026-07-13 11:02:08,10929,753,10,0.0,150,100.0
2026-07-13 11:02:09,10930,753,11,0.0,150,100.0
2026-07-13 11:02:10,10931,753,12,0.0,150,100.0
2026-07-13 11:02:11,10932,753,13,0.0,150,100.0
2026-07-13 11:02:12,10933,753,14,0.0,150,100.0
2026-07-13 11:02:13,10934,754,0,0.0,150,100.0
2026-07-13 11:02:14,10935,754,1,0.0,150,100.0
2026-07-13 11:02:15,10936,754,2,0.0,150,100.0
2026-07-13 11:02:16,10937,754,3,0.0,150,100.0
2026-07-13 11:02:17,10938,754,4,0.0,150,100.0
2026-07-13 11:02:18,10939,754,5,0.0,150,100.0
2026-07-13 11:02:19,10940,754,6,0.0,150,100.0
2026-07-13 11:02:20,10941,754,7,0.0,150,100.0
2026-07-13 11:02:21,10942,754,8,0.0,150,100.0
2026-07-13 11:02:22,10943,754,9,0.0,150,100.0
2026-07-13 11:02:23,10944,754,10,0.0,150,100.0
2026-07-13 11:02:24,10945,754,11,0.0,150,100.0
2026-07-13 11:02:25,10946,754,12,0.0,150,100.0
2026-07-13 11:02:26,10947,754,13,0.0,150,100.0
2026-07-13 11:02:27,10948,755,0,0.0,150,100.0
2026-07-13 11:02:28,10949,755,1,0.0,150,100.0
2026-07-13 11:02:29,10950,755,2,0.0,150,100.0
2026-07-13 11:02:30,10951,755,3,0.0,150,100.0
2026-07-13 11:02:31,10952,755,4,0.0,150,100.0
2026-07-13 11:02:32,10953,755,5,0.0,150,100.0
2026-07-13 11:02:33,10954,755,6,0.0,150,100.0
2026-07-13 11:02:34,10955,755,7,0.0,150,100.0
2026-07-13 11:02:35,10956,755,8,0.0,150,100.0
2026-07-13 11:02:36,10957,755,9,0.0,150,100.0
2026-07-13 11:02:37,10958,755,10,0.0,150,100.0
2026-07-13 11:02:38,10959,755,11,0.0,150,100.0
2026-07-13 11:02:39,10960,755,12,0.0,150,100.0
2026-07-13 11:02:40,10961,756,0,0.0,150,100.0
2026-07-13 11:02:41,10962,756,1,0.0,150,100.0
2026-07-13 11:02:42,10963,756,2,0.0,150,100.0
2026-07-13 11:02:43,10964,756,3,0.0,150,100.0
2026-07-13 11:02:44,10965,756,4,0.0,150,100.0
2026-07-13 11:02:45,10966,756,5,0.0,150,100.0
2026-07-13 11:02:46,10967,756,6,0.0,150,100.0
2026-07-13 11:02:47,10968,756,7,0.0,150,100.0
2026-07-13 11:02:48,10969,756,8,0.0,150,100.0
2026-07-13 11:02:49,10970,756,9,0.0,150,100.0
2026-07-13 11:02:50,10971,756,10,0.0,150,100.0
2026-07-13 11:02:51,10972,756,11,0.0,150,100.0
2026-07-13 11:02:52,10973,756,12,0.0,150,100.0
2026-07-13 11:02:53,10974,757,0,0.0,150,100.0
2026-07-13 11:02:54,10975,757,1,0.0,150,100.0
2026-07-13 11:02:55,10976,757,2,0.0,150,100.0
2026-07-13 11:02:56,10977,757,3,0.0,150,100.0
2026-07-13 11:02:57,10978,757,4,0.0,150,100.0
2026-07-13 11:02:58,10979,757,5,0.0,150,100.0
2026-07-13 11:02:59,10980,757,6,0.0,150,100.0
2026-07-13 11:03:00,10981,757,7,0.0,150,100.0
2026-07-13 11:03:01,10982,757,8,0.0,150,100.0
2026-07-13 11:03:02,10983,757,9,0.0,150,100.0
2026-07-13 11:03:03,10984,757,10,0.0,150,100.0
2026-07-13 11:03:04,10985,757,11,0.0,150,100.0
2026-07-13 11:03:05,10986,757,12,0.0,150,100.0
2026-07-13 11:03:06,10987,757,13,0.0,150,100.0
2026-07-13 11:03:07,10988,757,14,0.0,150,100.0
2026-07-13 11:03:08,10989,758,0,0.0,150,100.0
2026-07-13 11:03:09,10990,758,1,0.0,150,100.0
2026-07-13 11:03:10,10991,758,2,0.0,150,100.0
2026-07-13 11:03:11,10992,758,3,0.0,150,100.0
2026-07-13 11:03:12,10993,758,4,0.0,150,100.0
2026-07-13 11:03:13,10994,758,5,0.0,150,100.0
2026-07-13 11:03:14,10995,758,6,0.0,150,100.0
2026-07-13 11:03:15,10996,758,7,0.0,150,100.0
2026-07-13 11:03:16,10997,758,8,0.0,150,100.0
2026-07-13 11:03:17,10998,758,9,0.0,150,100.0
2026-07-13 11:03:18,10999,758,10,0.0,150,100.0
2026-07-13 11:03:19,11000,758,11,0.0,150,100.0
2026-07-13 11:03:20,11001,758,12,0.0,150,100.0
2026-07-13 11:03:21,11002,758,13,0.0,150,100.0
2026-07-13 11:03:22,11003,758,14,0.0,150,100.0
2026-07-13 11:03:23,11004,759,0,0.0,150,100.0
2026-07-13 11:03:24,11005,759,1,0.0,150,100.0
2026-07-13 11:03:25,11006,759,2,0.0,150,100.0
2026-07-13 11:03:26,11007,759,3,0.0,150,100.0
2026-07-13 11:03:27,11008,759,4,0.0,150,100.0
2026-07-13 11:03:28,11009,759,5,0.0,150,100.0
2026-07-13 11:03:29,11010,759,6,0.0,150,100.0
2026-07-13 11:03:30,11011,759,7,0.0,150,100.0
2026-07-13 11:03:31,11012,759,8,0.0,150,100.0
2026-07-13 11:03:32,11013,759,9,0.0,150,100.0
2026-07-13 11:03:33,11014,759,10,0.0,150,100.0
2026-07-13 11:03:34,11015,759,11,0.0,150,100.0
2026-07-13 11:03:35,11016,759,12,0.0,150,100.0
2026-07-13 11:03:36,11017,759,13,0.0,150,100.0
2026-07-13 11:03:37,11018,759,14,0.0,150,100.0
2026-07-13 11:03:38,11019,760,0,0.0,150,100.0
2026-07-13 11:03:39,11020,760,1,0.0,150,100.0
2026-07-13 11:03:40,11021,760,2,0.0,150,100.0
2026-07-13 11:03:41,11022,760,3,0.0,150,100.0
2026-07-13 11:03:42,11023,760,4,0.0,150,100.0
2026-07-13 11:03:43,11024,760,5,0.0,150,100.0
2026-07-13 11:03:44,11025,760,6,0.0,150,100.0
2026-07-13 11:03:45,11026,760,7,0.0,150,100.0
2026-07-13 11:03:46,11027,760,8,0.0,150,100.0
2026-07-13 11:03:47,11028,760,9,0.0,150,100.0
2026-07-13 11:03:48,11029,760,10,0.0,150,100.0
2026-07-13 11:03:49,11030,760,11,0.0,150,100.0
2026-07-13 11:03:50,11031,760,12,11.83,150,100.0
2026-07-13 11:03:51,11032,760,13,51.19,150,100.0
2026-07-13 11:03:52,11033,761,0,0.0,150,100.0
2026-07-13 11:03:53,11034,761,1,0.0,150,100.0
2026-07-13 11:03:54,11035,761,2,0.0,150,100.0
2026-07-13 11:03:55,11036,761,3,0.0,150,100.0
2026-07-13 11:03:56,11037,761,4,0.0,150,100.0
2026-07-13 11:03:57,11038,761,5,0.0,150,100.0
2026-07-13 11:03:58,11039,761,6,0.0,150,100.0
2026-07-13 11:03:59,11040,761,7,0.0,150,100.0
2026-07-13 11:04:00,11041,761,8,0.0,150,100.0
2026-07-13 11:04:01,11042,761,9,0.0,150,100.0
2026-07-13 11:04:02,11043,761,10,0.0,150,100.0
2026-07-13 11:04:03,11044,761,11,0.0,150,100.0
2026-07-13 11:04:04,11045,761,12,66.52,150,100.0
2026-07-13 11:04:05,11046,761,13,82.07,150,100.0
2026-07-13 11:04:06,11047,761,14,15.76,150,100.0
2026-07-13 11:04:07,11048,761,15,0.0,150,100.0
2026-07-13 11:04:08,11049,762,0,0.0,150,100.0
2026-07-13 11:04:09,11050,762,1,0.0,150,100.0
2026-07-13 11:04:10,11051,762,2,0.0,150,100.0
2026-07-13 11:04:11,11052,762,3,0.0,150,100.0
2026-07-13 11:04:12,11053,762,4,0.0,150,100.0
2026-07-13 11:04:13,11054,762,5,0.0,150,100.0
2026-07-13 11:04:14,11055,762,6,0.0,150,100.0
2026-07-13 11:04:15,11056,762,7,0.0,150,100.0
2026-07-13 11:04:16,11057,762,8,0.0,150,100.0
2026-07-13 11:04:17,11058,762,9,0.0,150,100.0
2026-07-13 11:04:18,11059,762,10,0.0,150,100.0
2026-07-13 11:04:19,11060,762,11,0.0,150,100.0
2026-07-13 11:04:20,11061,762,12,0.0,150,100.0
2026-07-13 11:04:21,11062,762,13,0.0,150,100.0
2026-07-13 11:04:22,11063,762,14,0.0,150,100.0
2026-07-13 11:04:23,11064,762,15,0.0,150,100.0
2026-07-13 11:04:24,11065,763,0,0.0,150,100.0
2026-07-13 11:04:25,11066,763,1,0.0,150,100.0
2026-07-13 11:04:26,11067,763,2,0.0,150,100.0
2026-07-13 11:04:27,11068,763,3,0.0,150,100.0
2026-07-13 11:04:28,11069,763,4,0.0,150,100.0
2026-07-13 11:04:29,11070,763,5,0.0,150,100.0
2026-07-13 11:04:30,11071,763,6,0.0,150,100.0
2026-07-13 11:04:31,11072,763,7,0.0,150,100.0
2026-07-13 11:04:32,11073,763,8,0.0,150,100.0
2026-07-13 11:04:33,11074,763,9,0.0,150,100.0
2026-07-13 11:04:34,11075,763,10,0.0,150,100.0
2026-07-13 11:04:35,11076,763,11,0.0,150,100.0
2026-07-13 11:04:36,11077,763,12,7.73,150,100.0
2026-07-13 11:04:37,11078,763,13,0.0,150,100.0
2026-07-13 11:04:38,11079,763,14,0.0,150,100.0
2026-07-13 11:04:39,11080,764,0,0.0,150,100.0
2026-07-13 11:04:40,11081,764,1,0.0,150,100.0
2026-07-13 11:04:41,11082,764,2,0.0,150,100.0
2026-07-13 11:04:42,11083,764,3,0.0,150,100.0
2026-07-13 11:04:43,11084,764,4,0.0,150,100.0
2026-07-13 11:04:44,11085,764,5,0.0,150,100.0
2026-07-13 11:04:45,11086,764,6,0.0,150,100.0
2026-07-13 11:04:46,11087,764,7,0.0,150,100.0
2026-07-13 11:04:47,11088,764,8,0.0,150,100.0
2026-07-13 11:04:48,11089,764,9,0.0,150,100.0
2026-07-13 11:04:49,11090,764,10,0.0,150,100.0
2026-07-13 11:04:50,11091,764,11,0.0,150,100.0
2026-07-13 11:04:51,11092,764,12,0.0,150,100.0
2026-07-13 11:04:52,11093,764,13,0.0,150,100.0
2026-07-13 11:04:53,11094,764,14,0.0,150,100.0
2026-07-13 11:04:54,11095,765,0,0.0,150,100.0
2026-07-13 11:04:55,11096,765,1,0.0,150,100.0
2026-07-13 11:04:56,11097,765,2,0.0,150,100.0
2026-07-13 11:04:57,11098,765,3,0.0,150,100.0
2026-07-13 11:04:58,11099,765,4,0.0,150,100.0
2026-07-13 11:04:59,11100,765,5,0.0,150,100.0
2026-07-13 11:05:00,11101,765,6,0.0,150,100.0
2026-07-13 11:05:01,11102,765,7,47.21,150,100.0
2026-07-13 11:05:02,11103,765,8,7.02,150,100.0
2026-07-13 11:05:03,11104,765,9,0.0,150,100.0
2026-07-13 11:05:04,11105,765,10,0.0,150,100.0
2026-07-13 11:05:05,11106,765,11,0.0,150,100.0
2026-07-13 11:05:06,11107,765,12,0.0,150,100.0
2026-07-13 11:05:07,11108,765,13,0.0,150,100.0
2026-07-13 11:05:08,11109,765,14,0.0,150,100.0
2026-07-13 11:05:09,11110,765,15,0.0,150,100.0
2026-07-13 11:05:10,11111,766,0,0.0,150,100.0
2026-07-13 11:05:11,11112,766,1,0.0,150,100.0
2026-07-13 11:05:12,11113,766,2,0.0,150,100.0
2026-07-13 11:05:13,11114,766,3,0.0,150,100.0
2026-07-13 11:05:14,11115,766,4,35.48,150,100.0
2026-07-13 11:05:15,11116,766,5,0.0,150,100.0
2026-07-13 11:05:16,11117,766,6,0.0,150,100.0
2026-07-13 11:05:17,11118,766,7,0.0,150,100.0
2026-07-13 11:05:18,11119,766,8,0.0,150,100.0
2026-07-13 11:05:19,11120,766,9,0.0,150,100.0
2026-07-13 11:05:20,11121,766,10,0.0,150,100.0
2026-07-13 11:05:21,11122,766,11,0.0,150,100.0
2026-07-13 11:05:22,11123,766,12,0.0,150,100.0
2026-07-13 11:05:23,11124,767,0,0.0,150,100.0
2026-07-13 11:05:24,11125,767,1,0.0,150,100.0
2026-07-13 11:05:25,11126,767,2,0.0,150,100.0
2026-07-13 11:05:26,11127,767,3,0.0,150,100.0
2026-07-13 11:05:27,11128,767,4,0.0,150,100.0
2026-07-13 11:05:28,11129,767,5,0.0,150,100.0
2026-07-13 11:05:29,11130,767,6,0.0,150,100.0
2026-07-13 11:05:30,11131,767,7,0.0,150,100.0
2026-07-13 11:05:31,11132,767,8,0.0,150,100.0
2026-07-13 11:05:32,11133,767,9,0.0,150,100.0
2026-07-13 11:05:33,11134,767,10,0.0,150,100.0
2026-07-13 11:05:34,11135,767,11,0.0,150,100.0
2026-07-13 11:05:35,11136,767,12,0.0,150,100.0
2026-07-13 11:05:36,11137,767,13,0.0,150,100.0
2026-07-13 11:05:37,11138,767,14,41.97,150,100.0
2026-07-13 11:05:38,11139,767,15,0.0,150,100.0
2026-07-13 11:05:39,11140,767,16,0.0,150,100.0
2026-07-13 11:05:40,11141,768,0,0.0,150,100.0
2026-07-13 11:05:41,11142,768,1,0.0,150,100.0
2026-07-13 11:05:42,11143,768,2,0.0,150,100.0
2026-07-13 11:05:43,11144,768,3,0.0,150,100.0
2026-07-13 11:05:44,11145,768,4,78.36,150,100.0
2026-07-13 11:05:45,11146,768,5,0.0,150,100.0
2026-07-13 11:05:46,11147,768,6,0.0,150,100.0
2026-07-13 11:05:47,11148,768,7,0.0,150,100.0
2026-07-13 11:05:48,11149,768,8,0.0,150,100.0
2026-07-13 11:05:49,11150,768,9,0.0,150,100.0
2026-07-13 11:05:50,11151,768,10,0.0,150,100.0
2026-07-13 11:05:51,11152,768,11,0.0,150,100.0
2026-07-13 11:05:52,11153,768,12,0.0,150,100.0
2026-07-13 11:05:53,11154,768,13,0.0,150,100.0
2026-07-13 11:05:54,11155,769,0,0.0,150,100.0
2026-07-13 11:05:55,11156,769,1,0.0,150,100.0
2026-07-13 11:05:56,11157,769,2,0.0,150,100.0
2026-07-13 11:05:57,11158,769,3,0.0,150,100.0
2026-07-13 11:05:58,11159,769,4,0.0,150,100.0
2026-07-13 11:05:59,11160,769,5,0.0,150,100.0
2026-07-13 11:06:00,11161,769,6,0.0,150,100.0
2026-07-13 11:06:01,11162,769,7,0.0,150,100.0
2026-07-13 11:06:02,11163,769,8,0.0,150,100.0
2026-07-13 11:06:03,11164,769,9,0.0,150,100.0
2026-07-13 11:06:04,11165,769,10,0.0,150,100.0
2026-07-13 11:06:05,11166,769,11,0.0,150,100.0
2026-07-13 11:06:06,11167,769,12,0.0,150,100.0
2026-07-13 11:06:07,11168,769,13,0.0,150,100.0
2026-07-13 11:06:08,11169,770,0,0.0,150,100.0
2026-07-13 11:06:09,11170,770,1,0.0,150,100.0
2026-07-13 11:06:10,11171,770,2,0.0,150,100.0
2026-07-13 11:06:11,11172,770,3,0.0,150,100.0
2026-07-13 11:06:12,11173,770,4,0.0,150,100.0
2026-07-13 11:06:13,11174,770,5,5.93,150,100.0
2026-07-13 11:06:14,11175,770,6,0.0,150,100.0
2026-07-13 11:06:15,11176,770,7,0.0,150,100.0
2026-07-13 11:06:16,11177,770,8,0.0,150,100.0
2026-07-13 11:06:17,11178,770,9,0.0,150,100.0
2026-07-13 11:06:18,11179,770,10,0.0,150,100.0
2026-07-13 11:06:19,11180,770,11,0.0,150,100.0
2026-07-13 11:06:20,11181,771,0,0.0,150,100.0
2026-07-13 11:06:21,11182,771,1,93.67,150,100.0
2026-07-13 11:06:22,11183,771,2,72.84,150,100.0
2026-07-13 11:06:23,11184,771,3,20.76,150,100.0
2026-07-13 11:06:24,11185,771,4,0.0,150,100.0
2026-07-13 11:06:25,11186,771,5,0.0,150,100.0
2026-07-13 11:06:26,11187,771,6,0.0,150,100.0
2026-07-13 11:06:27,11188,771,7,0.0,150,100.0
2026-07-13 11:06:28,11189,771,8,0.0,150,100.0
2026-07-13 11:06:29,11190,771,9,0.0,150,100.0
2026-07-13 11:06:30,11191,771,10,0.0,150,100.0
2026-07-13 11:06:31,11192,771,11,0.0,150,100.0
2026-07-13 11:06:32,11193,771,12,0.0,150,100.0
2026-07-13 11:06:33,11194,771,13,0.0,150,100.0
2026-07-13 11:06:34,11195,771,14,0.0,150,100.0
2026-07-13 11:06:35,11196,771,15,0.0,150,100.0
2026-07-13 11:06:36,11197,771,16,0.0,150,100.0
2026-07-13 11:06:37,11198,772,0,0.0,150,100.0
2026-07-13 11:06:38,11199,772,1,0.0,150,100.0
2026-07-13 11:06:39,11200,772,2,0.0,150,100.0
2026-07-13 11:06:40,11201,772,3,0.0,150,100.0
2026-07-13 11:06:41,11202,772,4,0.0,150,100.0
2026-07-13 11:06:42,11203,772,5,0.0,150,100.0
2026-07-13 11:06:43,11204,772,6,0.0,150,100.0
2026-07-13 11:06:44,11205,772,7,0.0,150,100.0
2026-07-13 11:06:45,11206,772,8,0.0,150,100.0
2026-07-13 11:06:46,11207,772,9,0.0,150,100.0
2026-07-13 11:06:47,11208,772,10,0.0,150,100.0
2026-07-13 11:06:48,11209,772,11,0.0,150,100.0
2026-07-13 11:06:49,11210,772,12,0.0,150,100.0
2026-07-13 11:06:50,11211,772,13,0.0,150,100.0
2026-07-13 11:06:51,11212,772,14,0.0,150,100.0
2026-07-13 11:06:52,11213,772,15,0.0,150,100.0
2026-07-13 11:06:53,11214,773,0,0.0,150,100.0
2026-07-13 11:06:54,11215,773,1,0.0,150,100.0
2026-07-13 11:06:55,11216,773,2,0.0,150,100.0
2026-07-13 11:06:56,11217,773,3,0.0,150,100.0
2026-07-13 11:06:57,11218,773,4,0.0,150,100.0
2026-07-13 11:06:58,11219,773,5,0.0,150,100.0
2026-07-13 11:06:59,11220,773,6,0.0,150,100.0
2026-07-13 11:07:00,11221,773,7,0.0,150,100.0
2026-07-13 11:07:01,11222,773,8,0.0,150,100.0
2026-07-13 11:07:02,11223,773,9,0.0,150,100.0
2026-07-13 11:07:03,11224,773,10,0.0,150,100.0
2026-07-13 11:07:04,11225,773,11,0.0,150,100.0
2026-07-13 11:07:05,11226,773,12,0.0,150,100.0
2026-07-13 11:07:06,11227,773,13,0.0,150,100.0
2026-07-13 11:07:07,11228,773,14,0.0,150,100.0
2026-07-13 11:07:08,11229,774,0,0.0,150,100.0
2026-07-13 11:07:09,11230,774,1,0.0,150,100.0
2026-07-13 11:07:10,11231,774,2,0.0,150,100.0
2026-07-13 11:07:11,11232,774,3,0.0,150,100.0
2026-07-13 11:07:12,11233,774,4,0.0,150,100.0
2026-07-13 11:07:13,11234,774,5,0.0,150,100.0
2026-07-13 11:07:14,11235,774,6,0.0,150,100.0
2026-07-13 11:07:15,11236,774,7,0.0,150,100.0
2026-07-13 11:07:16,11237,774,8,0.0,150,100.0
2026-07-13 11:07:17,11238,774,9,0.0,150,100.0
2026-07-13 11:07:18,11239,774,10,0.0,150,100.0
2026-07-13 11:07:19,11240,774,11,0.0,150,100.0
2026-07-13 11:07:20,11241,774,12,0.0,150,100.0
2026-07-13 11:07:21,11242,775,0,0.0,150,100.0
2026-07-13 11:07:22,11243,775,1,0.0,150,100.0
2026-07-13 11:07:23,11244,775,2,0.0,150,100.0
2026-07-13 11:07:24,11245,775,3,0.0,150,100.0
2026-07-13 11:07:25,11246,775,4,0.0,150,100.0
2026-07-13 11:07:26,11247,775,5,0.0,150,100.0
2026-07-13 11:07:27,11248,775,6,0.0,150,100.0
2026-07-13 11:07:28,11249,775,7,0.0,150,100.0
2026-07-13 11:07:29,11250,775,8,0.0,150,100.0
2026-07-13 11:07:30,11251,775,9,0.0,150,100.0
2026-07-13 11:07:31,11252,775,10,0.0,150,100.0
2026-07-13 11:07:32,11253,775,11,0.0,150,100.0
2026-07-13 11:07:33,11254,775,12,0.0,150,100.0
2026-07-13 11:07:34,11255,775,13,0.0,150,100.0
2026-07-13 11:07:35,11256,775,14,0.0,150,100.0
2026-07-13 11:07:36,11257,776,0,0.0,150,100.0
2026-07-13 11:07:37,11258,776,1,0.0,150,100.0
2026-07-13 11:07:38,11259,776,2,0.0,150,100.0
2026-07-13 11:07:39,11260,776,3,0.0,150,100.0
2026-07-13 11:07:40,11261,776,4,0.0,150,100.0
2026-07-13 11:07:41,11262,776,5,0.0,150,100.0
2026-07-13 11:07:42,11263,776,6,0.0,150,100.0
2026-07-13 11:07:43,11264,776,7,0.0,150,100.0
2026-07-13 11:07:44,11265,776,8,0.0,150,100.0
2026-07-13 11:07:45,11266,776,9,0.0,150,100.0
2026-07-13 11:07:46,11267,776,10,0.0,150,100.0
2026-07-13 11:07:47,11268,776,11,0.0,150,100.0
2026-07-13 11:07:48,11269,776,12,0.0,150,100.0
2026-07-13 11:07:49,11270,776,13,0.0,150,100.0
2026-07-13 11:07:50,11271,776,14,0.0,150,100.0
2026-07-13 11:07:51,11272,777,0,0.0,150,100.0
2026-07-13 11:07:52,11273,777,1,0.0,150,100.0
2026-07-13 11:07:53,11274,777,2,0.0,150,100.0
2026-07-13 11:07:54,11275,777,3,0.0,150,100.0
2026-07-13 11:07:55,11276,777,4,0.0,150,100.0
2026-07-13 11:07:56,11277,777,5,0.0,150,100.0
2026-07-13 11:07:57,11278,777,6,0.0,150,100.0
2026-07-13 11:07:58,11279,777,7,0.0,150,100.0
2026-07-13 11:07:59,11280,777,8,0.0,150,100.0
2026-07-13 11:08:00,11281,777,9,0.0,150,100.0
2026-07-13 11:08:01,11282,777,10,0.0,150,100.0
2026-07-13 11:08:02,11283,777,11,0.0,150,100.0
2026-07-13 11:08:03,11284,777,12,0.0,150,100.0
2026-07-13 11:08:04,11285,777,13,0.0,150,100.0
2026-07-13 11:08:05,11286,778,0,0.0,150,100.0
2026-07-13 11:08:06,11287,778,1,0.0,150,100.0
2026-07-13 11:08:07,11288,778,2,0.0,150,100.0
2026-07-13 11:08:08,11289,778,3,0.0,150,100.0
2026-07-13 11:08:09,11290,778,4,0.0,150,100.0
2026-07-13 11:08:10,11291,778,5,0.0,150,100.0
2026-07-13 11:08:11,11292,778,6,0.0,150,100.0
2026-07-13 11:08:12,11293,778,7,0.0,150,100.0
2026-07-13 11:08:13,11294,778,8,0.0,150,100.0
2026-07-13 11:08:14,11295,778,9,0.0,150,100.0
2026-07-13 11:08:15,11296,778,10,0.0,150,100.0
2026-07-13 11:08:16,11297,778,11,0.0,150,100.0
2026-07-13 11:08:17,11298,778,12,0.0,150,100.0
2026-07-13 11:08:18,11299,778,13,0.0,150,100.0
2026-07-13 11:08:19,11300,778,14,0.0,150,100.0
2026-07-13 11:08:20,11301,778,15,0.0,150,100.0
2026-07-13 11:08:21,11302,779,0,0.0,150,100.0
2026-07-13 11:08:22,11303,779,1,0.0,150,100.0
2026-07-13 11:08:23,11304,779,2,0.0,150,100.0
2026-07-13 11:08:24,11305,779,3,0.0,150,100.0
2026-07-13 11:08:25,11306,779,4,0.0,150,100.0
2026-07-13 11:08:26,11307,779,5,0.0,150,100.0
2026-07-13 11:08:27,11308,779,6,0.0,150,100.0
2026-07-13 11:08:28,11309,779,7,0.0,150,100.0
2026-07-13 11:08:29,11310,779,8,0.0,150,100.0
2026-07-13 11:08:30,11311,779,9,0.0,150,100.0
2026-07-13 11:08:31,11312,779,10,0.0,150,100.0
2026-07-13 11:08:32,11313,779,11,0.0,150,100.0
2026-07-13 11:08:33,11314,780,0,0.0,150,100.0
2026-07-13 11:08:34,11315,780,1,0.0,150,100.0
2026-07-13 11:08:35,11316,780,2,0.0,150,100.0
2026-07-13 11:08:36,11317,780,3,0.0,150,100.0
2026-07-13 11:08:37,11318,780,4,0.0,150,100.0
2026-07-13 11:08:38,11319,780,5,0.0,150,100.0
2026-07-13 11:08:39,11320,780,6,0.0,150,100.0
2026-07-13 11:08:40,11321,780,7,0.0,150,100.0
2026-07-13 11:08:41,11322,780,8,0.0,150,100.0
2026-07-13 11:08:42,11323,780,9,0.0,150,100.0
2026-07-13 11:08:43,11324,780,10,0.0,150,100.0
2026-07-13 11:08:44,11325,780,11,0.0,150,100.0
2026-07-13 11:08:45,11326,780,12,0.0,150,100.0
2026-07-13 11:08:46,11327,780,13,0.0,150,100.0
2026-07-13 11:08:47,11328,781,0,0.0,150,100.0
2026-07-13 11:08:48,11329,781,1,0.0,150,100.0
2026-07-13 11:08:49,11330,781,2,0.0,150,100.0
2026-07-13 11:08:50,11331,781,3,0.0,150,100.0
2026-07-13 11:08:51,11332,781,4,0.0,150,100.0
2026-07-13 11:08:52,11333,781,5,0.0,150,100.0
2026-07-13 11:08:53,11334,781,6,0.0,150,100.0
2026-07-13 11:08:54,11335,781,7,0.0,150,100.0
2026-07-13 11:08:55,11336,781,8,0.0,150,100.0
2026-07-13 11:08:56,11337,781,9,0.0,150,100.0
2026-07-13 11:08:57,11338,781,10,0.0,150,100.0
2026-07-13 11:08:58,11339,781,11,0.0,150,100.0
2026-07-13 11:08:59,11340,781,12,0.0,150,100.0
2026-07-13 11:09:00,11341,781,13,0.0,150,100.0
2026-07-13 11:09:01,11342,781,14,0.0,150,100.0
2026-07-13 11:09:02,11343,782,0,0.0,150,100.0
2026-07-13 11:09:03,11344,782,1,0.0,150,100.0
2026-07-13 11:09:04,11345,782,2,0.0,150,100.0
2026-07-13 11:09:05,11346,782,3,0.0,150,100.0
2026-07-13 11:09:06,11347,782,4,0.0,150,100.0
2026-07-13 11:09:07,11348,782,5,0.0,150,100.0
2026-07-13 11:09:08,11349,782,6,0.0,150,100.0
2026-07-13 11:09:09,11350,782,7,0.0,150,100.0
2026-07-13 11:09:10,11351,782,8,0.0,150,100.0
2026-07-13 11:09:11,11352,782,9,0.0,150,100.0
2026-07-13 11:09:12,11353,782,10,0.0,150,100.0
2026-07-13 11:09:13,11354,782,11,0.0,150,100.0
2026-07-13 11:09:14,11355,782,12,0.0,150,100.0
2026-07-13 11:09:15,11356,782,13,0.0,150,100.0
2026-07-13 11:09:16,11357,782,14,0.0,150,100.0
2026-07-13 11:09:17,11358,782,15,0.0,150,100.0
2026-07-13 11:09:18,11359,783,0,0.0,150,100.0
2026-07-13 11:09:19,11360,783,1,0.0,150,100.0
2026-07-13 11:09:20,11361,783,2,0.0,150,100.0
2026-07-13 11:09:21,11362,783,3,0.0,150,100.0
2026-07-13 11:09:22,11363,783,4,0.0,150,100.0
2026-07-13 11:09:23,11364,783,5,0.0,150,100.0
2026-07-13 11:09:24,11365,783,6,0.0,150,100.0
2026-07-13 11:09:25,11366,783,7,0.0,150,100.0
2026-07-13 11:09:26,11367,783,8,0.0,150,100.0
2026-07-13 11:09:27,11368,783,9,0.0,150,100.0
2026-07-13 11:09:28,11369,783,10,0.0,150,100.0
2026-07-13 11:09:29,11370,783,11,0.0,150,100.0
2026-07-13 11:09:30,11371,783,12,0.0,150,100.0
2026-07-13 11:09:31,11372,783,13,0.0,150,100.0
2026-07-13 11:09:32,11373,783,14,0.0,150,100.0
2026-07-13 11:09:33,11374,784,0,0.0,150,100.0
2026-07-13 11:09:34,11375,784,1,0.0,150,100.0
2026-07-13 11:09:35,11376,784,2,0.0,150,100.0
2026-07-13 11:09:36,11377,784,3,0.0,150,100.0
2026-07-13 11:09:37,11378,784,4,0.0,150,100.0
2026-07-13 11:09:38,11379,784,5,0.0,150,100.0
2026-07-13 11:09:39,11380,784,6,0.0,150,100.0
2026-07-13 11:09:40,11381,784,7,0.0,150,100.0
2026-07-13 11:09:41,11382,784,8,0.0,150,100.0
2026-07-13 11:09:42,11383,784,9,0.0,150,100.0
2026-07-13 11:09:43,11384,784,10,0.0,150,100.0
2026-07-13 11:09:44,11385,784,11,0.0,150,100.0
2026-07-13 11:09:45,11386,784,12,0.0,150,100.0
2026-07-13 11:09:46,11387,784,13,0.0,150,100.0
2026-07-13 11:09:47,11388,784,14,0.0,150,100.0
2026-07-13 11:09:48,11389,784,15,0.0,150,100.0
2026-07-13 11:09:49,11390,784,16,0.0,150,100.0
2026-07-13 11:09:50,11391,785,0,0.0,150,100.0
2026-07-13 11:09:51,11392,785,1,0.0,150,100.0
2026-07-13 11:09:52,11393,785,2,0.0,150,100.0
2026-07-13 11:09:53,11394,785,3,0.0,150,100.0
2026-07-13 11:09:54,11395,785,4,0.0,150,100.0
2026-07-13 11:09:55,11396,785,5,0.0,150,100.0
2026-07-13 11:09:56,11397,785,6,0.0,150,100.0
2026-07-13 11:09:57,11398,785,7,0.0,150,100.0
2026-07-13 11:09:58,11399,785,8,0.0,150,100.0
2026-07-13 11:09:59,11400,785,9,0.0,150,100.0
2026-07-13 11:10:00,11401,785,10,0.0,150,100.0
2026-07-13 11:10:01,11402,785,11,0.0,150,100.0
2026-07-13 11:10:02,11403,785,12,0.0,150,100.0
2026-07-13 11:10:03,11404,785,13,0.0,150,100.0
2026-07-13 11:10:04,11405,786,0,0.0,150,100.0
2026-07-13 11:10:05,11406,786,1,0.0,150,100.0
2026-07-13 11:10:06,11407,786,2,0.0,150,100.0
2026-07-13 11:10:07,11408,786,3,0.0,150,100.0
2026-07-13 11:10:08,11409,786,4,0.0,150,100.0
2026-07-13 11:10:09,11410,786,5,0.0,150,100.0
2026-07-13 11:10:10,11411,786,6,0.0,150,100.0
2026-07-13 11:10:11,11412,786,7,0.0,150,100.0
2026-07-13 11:10:12,11413,786,8,0.0,150,100.0
2026-07-13 11:10:13,11414,786,9,0.0,150,100.0
2026-07-13 11:10:14,11415,786,10,0.0,150,100.0
2026-07-13 11:10:15,11416,786,11,0.0,150,100.0
2026-07-13 11:10:16,11417,786,12,0.0,150,100.0
2026-07-13 11:10:17,11418,786,13,0.0,150,100.0
2026-07-13 11:10:18,11419,787,0,0.0,150,100.0
2026-07-13 11:10:19,11420,787,1,0.0,150,100.0
2026-07-13 11:10:20,11421,787,2,0.0,150,100.0
2026-07-13 11:10:21,11422,787,3,0.0,150,100.0
2026-07-13 11:10:22,11423,787,4,0.0,150,100.0
2026-07-13 11:10:23,11424,787,5,0.0,150,100.0
2026-07-13 11:10:24,11425,787,6,0.0,150,100.0
2026-07-13 11:10:25,11426,787,7,0.0,150,100.0
2026-07-13 11:10:26,11427,787,8,0.0,150,100.0
2026-07-13 11:10:27,11428,787,9,0.0,150,100.0
2026-07-13 11:10:28,11429,787,10,0.0,150,100.0
2026-07-13 11:10:29,11430,787,11,0.0,150,100.0
2026-07-13 11:10:30,11431,787,12,0.0,150,100.0
2026-07-13 11:10:31,11432,787,13,0.0,150,100.0
2026-07-13 11:10:32,11433,787,14,0.0,150,100.0
2026-07-13 11:10:33,11434,787,15,0.0,150,100.0
2026-07-13 11:10:34,11435,788,0,0.0,150,100.0
2026-07-13 11:10:35,11436,788,1,0.0,150,100.0
2026-07-13 11:10:36,11437,788,2,0.0,150,100.0
2026-07-13 11:10:37,11438,788,3,0.0,150,100.0
2026-07-13 11:10:38,11439,788,4,0.0,150,100.0
2026-07-13 11:10:39,11440,788,5,0.0,150,100.0
2026-07-13 11:10:40,11441,788,6,0.0,150,100.0
2026-07-13 11:10:41,11442,788,7,0.0,150,100.0
2026-07-13 11:10:42,11443,788,8,0.0,150,100.0
2026-07-13 11:10:43,11444,788,9,0.0,150,100.0
2026-07-13 11:10:44,11445,788,10,0.0,150,100.0
2026-07-13 11:10:45,11446,788,11,0.0,150,100.0
2026-07-13 11:10:46,11447,788,12,0.0,150,100.0
2026-07-13 11:10:47,11448,788,13,0.0,150,100.0
2026-07-13 11:10:48,11449,789,0,0.0,150,100.0
2026-07-13 11:10:49,11450,789,1,0.0,150,100.0
2026-07-13 11:10:50,11451,789,2,0.0,150,100.0
2026-07-13 11:10:51,11452,789,3,0.0,150,100.0
2026-07-13 11:10:52,11453,789,4,0.0,150,100.0
2026-07-13 11:10:53,11454,789,5,0.0,150,100.0
2026-07-13 11:10:54,11455,789,6,0.0,150,100.0
2026-07-13 11:10:55,11456,789,7,0.0,150,100.0
2026-07-13 11:10:56,11457,789,8,0.0,150,100.0
2026-07-13 11:10:57,11458,789,9,0.0,150,100.0
2026-07-13 11:10:58,11459,789,10,0.0,150,100.0
2026-07-13 11:10:59,11460,789,11,0.0,150,100.0
2026-07-13 11:11:00,11461,789,12,0.0,150,100.0
2026-07-13 11:11:01,11462,789,13,0.0,150,100.0
2026-07-13 11:11:02,11463,790,0,0.0,150,100.0
2026-07-13 11:11:03,11464,790,1,0.0,150,100.0
2026-07-13 11:11:04,11465,790,2,0.0,150,100.0
2026-07-13 11:11:05,11466,790,3,0.0,150,100.0
2026-07-13 11:11:06,11467,790,4,0.0,150,100.0
2026-07-13 11:11:07,11468,790,5,100.0,150,100.0
2026-07-13 11:11:08,11469,790,6,0.0,150,100.0
2026-07-13 11:11:09,11470,790,7,0.0,150,100.0
2026-07-13 11:11:10,11471,790,8,0.0,150,100.0
2026-07-13 11:11:11,11472,790,9,0.0,150,100.0
2026-07-13 11:11:12,11473,790,10,0.0,150,100.0
2026-07-13 11:11:13,11474,790,11,0.0,150,100.0
2026-07-13 11:11:14,11475,790,12,0.0,150,100.0
2026-07-13 11:11:15,11476,790,13,0.0,150,100.0
2026-07-13 11:11:16,11477,790,14,0.0,150,100.0
2026-07-13 11:11:17,11478,791,0,0.0,150,100.0
2026-07-13 11:11:18,11479,791,1,0.0,150,100.0
2026-07-13 11:11:19,11480,791,2,0.0,150,100.0
2026-07-13 11:11:20,11481,791,3,0.0,150,100.0
2026-07-13 11:11:21,11482,791,4,0.0,150,100.0
2026-07-13 11:11:22,11483,791,5,0.0,150,100.0
2026-07-13 11:11:23,11484,791,6,0.0,150,100.0
2026-07-13 11:11:24,11485,791,7,0.0,150,100.0
2026-07-13 11:11:25,11486,791,8,0.0,150,100.0
2026-07-13 11:11:26,11487,791,9,0.0,150,100.0
2026-07-13 11:11:27,11488,791,10,0.0,150,100.0
2026-07-13 11:11:28,11489,791,11,0.0,150,100.0
2026-07-13 11:11:29,11490,791,12,0.0,150,100.0
2026-07-13 11:11:30,11491,791,13,0.0,150,100.0
2026-07-13 11:11:31,11492,792,0,0.0,150,100.0
2026-07-13 11:11:32,11493,792,1,0.0,150,100.0
2026-07-13 11:11:33,11494,792,2,0.0,150,100.0
2026-07-13 11:11:34,11495,792,3,0.0,150,100.0
2026-07-13 11:11:35,11496,792,4,0.0,150,100.0
2026-07-13 11:11:36,11497,792,5,0.0,150,100.0
2026-07-13 11:11:37,11498,792,6,0.0,150,100.0
2026-07-13 11:11:38,11499,792,7,0.0,150,100.0
2026-07-13 11:11:39,11500,792,8,0.0,150,100.0
2026-07-13 11:11:40,11501,792,9,0.0,150,100.0
2026-07-13 11:11:41,11502,792,10,0.0,150,100.0
2026-07-13 11:11:42,11503,792,11,0.0,150,100.0
2026-07-13 11:11:43,11504,793,0,0.0,150,100.0
2026-07-13 11:11:44,11505,793,1,0.0,150,100.0
2026-07-13 11:11:45,11506,793,2,0.0,150,100.0
2026-07-13 11:11:46,11507,793,3,0.0,150,100.0
2026-07-13 11:11:47,11508,793,4,0.0,150,100.0
2026-07-13 11:11:48,11509,793,5,0.0,150,100.0
2026-07-13 11:11:49,11510,793,6,0.0,150,100.0
2026-07-13 11:11:50,11511,793,7,0.0,150,100.0
2026-07-13 11:11:51,11512,793,8,0.0,150,100.0
2026-07-13 11:11:52,11513,793,9,0.0,150,100.0
2026-07-13 11:11:53,11514,793,10,0.0,150,100.0
2026-07-13 11:11:54,11515,793,11,0.0,150,100.0
2026-07-13 11:11:55,11516,793,12,0.0,150,100.0
2026-07-13 11:11:56,11517,794,0,0.0,150,100.0
2026-07-13 11:11:57,11518,794,1,0.0,150,100.0
2026-07-13 11:11:58,11519,794,2,0.0,150,100.0
2026-07-13 11:11:59,11520,794,3,0.0,150,100.0
2026-07-13 11:12:00,11521,794,4,0.0,150,100.0
2026-07-13 11:12:01,11522,794,5,0.0,150,100.0
2026-07-13 11:12:02,11523,794,6,0.0,150,100.0
2026-07-13 11:12:03,11524,794,7,0.0,150,100.0
2026-07-13 11:12:04,11525,794,8,0.0,150,100.0
2026-07-13 11:12:05,11526,794,9,0.0,150,100.0
2026-07-13 11:12:06,11527,794,10,0.0,150,100.0
2026-07-13 11:12:07,11528,794,11,0.0,150,100.0
2026-07-13 11:12:08,11529,794,12,0.0,150,100.0
2026-07-13 11:12:09,11530,794,13,0.0,150,100.0
2026-07-13 11:12:10,11531,794,14,0.0,150,100.0
2026-07-13 11:12:11,11532,794,15,0.0,150,100.0
2026-07-13 11:12:12,11533,795,0,0.0,150,100.0
2026-07-13 11:12:13,11534,795,1,0.0,150,100.0
2026-07-13 11:12:14,11535,795,2,0.0,150,100.0
2026-07-13 11:12:15,11536,795,3,0.0,150,100.0
2026-07-13 11:12:16,11537,795,4,0.0,150,100.0
2026-07-13 11:12:17,11538,795,5,0.0,150,100.0
2026-07-13 11:12:18,11539,795,6,0.0,150,100.0
2026-07-13 11:12:19,11540,795,7,0.0,150,100.0
2026-07-13 11:12:20,11541,795,8,0.0,150,100.0
2026-07-13 11:12:21,11542,795,9,0.0,150,100.0
2026-07-13 11:12:22,11543,795,10,0.0,150,100.0
2026-07-13 11:12:23,11544,795,11,0.0,150,100.0
2026-07-13 11:12:24,11545,795,12,0.0,150,100.0
2026-07-13 11:12:25,11546,795,13,0.0,150,100.0
2026-07-13 11:12:26,11547,795,14,0.0,150,100.0
2026-07-13 11:12:27,11548,795,15,0.0,150,100.0
2026-07-13 11:12:28,11549,796,0,0.0,150,100.0
2026-07-13 11:12:29,11550,796,1,0.0,150,100.0
2026-07-13 11:12:30,11551,796,2,0.0,150,100.0
2026-07-13 11:12:31,11552,796,3,0.0,150,100.0
2026-07-13 11:12:32,11553,796,4,0.0,150,100.0
2026-07-13 11:12:33,11554,796,5,0.0,150,100.0
2026-07-13 11:12:34,11555,796,6,0.0,150,100.0
2026-07-13 11:12:35,11556,796,7,0.0,150,100.0
2026-07-13 11:12:36,11557,796,8,0.0,150,100.0
2026-07-13 11:12:37,11558,796,9,0.0,150,100.0
2026-07-13 11:12:38,11559,796,10,0.0,150,100.0
2026-07-13 11:12:39,11560,796,11,0.0,150,100.0
2026-07-13 11:12:40,11561,796,12,0.0,150,100.0
2026-07-13 11:12:41,11562,797,0,0.0,150,100.0
2026-07-13 11:12:42,11563,797,1,0.0,150,100.0
2026-07-13 11:12:43,11564,797,2,0.0,150,100.0
2026-07-13 11:12:44,11565,797,3,0.0,150,100.0
2026-07-13 11:12:45,11566,797,4,0.0,150,100.0
2026-07-13 11:12:46,11567,797,5,0.0,150,100.0
2026-07-13 11:12:47,11568,797,6,0.0,150,100.0
2026-07-13 11:12:48,11569,797,7,0.0,150,100.0
2026-07-13 11:12:49,11570,797,8,0.0,150,100.0
2026-07-13 11:12:50,11571,797,9,0.0,150,100.0
2026-07-13 11:12:51,11572,797,10,0.0,150,100.0
2026-07-13 11:12:52,11573,797,11,0.0,150,100.0
2026-07-13 11:12:53,11574,797,12,0.0,150,100.0
2026-07-13 11:12:54,11575,797,13,0.0,150,100.0
2026-07-13 11:12:55,11576,797,14,0.0,150,100.0
2026-07-13 11:12:56,11577,798,0,0.0,150,100.0
2026-07-13 11:12:57,11578,798,1,0.0,150,100.0
2026-07-13 11:12:58,11579,798,2,0.0,150,100.0
2026-07-13 11:12:59,11580,798,3,0.0,150,100.0
2026-07-13 11:13:00,11581,798,4,0.0,150,100.0
2026-07-13 11:13:01,11582,798,5,0.0,150,100.0
2026-07-13 11:13:02,11583,798,6,0.0,150,100.0
2026-07-13 11:13:03,11584,798,7,0.0,150,100.0
2026-07-13 11:13:04,11585,798,8,0.0,150,100.0
2026-07-13 11:13:05,11586,798,9,0.0,150,100.0
2026-07-13 11:13:06,11587,798,10,0.0,150,100.0
2026-07-13 11:13:07,11588,798,11,0.0,150,100.0
2026-07-13 11:13:08,11589,798,12,0.0,150,100.0
2026-07-13 11:13:09,11590,799,0,0.0,150,100.0
2026-07-13 11:13:10,11591,799,1,0.0,150,100.0
2026-07-13 11:13:11,11592,799,2,0.0,150,100.0
2026-07-13 11:13:12,11593,799,3,0.0,150,100.0
2026-07-13 11:13:13,11594,799,4,0.0,150,100.0
2026-07-13 11:13:14,11595,799,5,0.0,150,100.0
2026-07-13 11:13:15,11596,799,6,0.0,150,100.0
2026-07-13 11:13:16,11597,799,7,0.0,150,100.0
2026-07-13 11:13:17,11598,799,8,0.0,150,100.0
2026-07-13 11:13:18,11599,799,9,0.0,150,100.0
2026-07-13 11:13:19,11600,799,10,0.0,150,100.0
2026-07-13 11:13:20,11601,799,11,0.0,150,100.0
2026-07-13 11:13:21,11602,799,12,0.0,150,100.0
2026-07-13 11:13:22,11603,799,13,0.0,150,100.0
2026-07-13 11:13:23,11604,800,0,0.0,150,100.0
2026-07-13 11:13:24,11605,800,1,0.0,150,100.0
2026-07-13 11:13:25,11606,800,2,0.0,150,100.0
2026-07-13 11:13:26,11607,800,3,0.0,150,100.0
2026-07-13 11:13:27,11608,800,4,0.0,150,100.0
2026-07-13 11:13:28,11609,800,5,0.0,150,100.0
2026-07-13 11:13:29,11610,800,6,0.0,150,100.0
2026-07-13 11:13:30,11611,800,7,0.0,150,100.0
2026-07-13 11:13:31,11612,800,8,0.0,150,100.0
2026-07-13 11:13:32,11613,800,9,0.0,150,100.0
2026-07-13 11:13:33,11614,800,10,0.0,150,100.0
2026-07-13 11:13:34,11615,800,11,0.0,150,100.0
2026-07-13 11:13:35,11616,800,12,70.43,150,100.0
2026-07-13 11:13:36,11617,801,0,100.0,150,100.0
2026-07-13 11:13:37,11618,801,1,100.0,150,100.0
2026-07-13 11:13:38,11619,801,2,17.65,150,100.0
2026-07-13 11:13:39,11620,801,3,0.0,150,100.0
2026-07-13 11:13:40,11621,801,4,0.0,150,100.0
2026-07-13 11:13:41,11622,801,5,0.0,150,100.0
2026-07-13 11:13:42,11623,801,6,0.0,150,100.0
2026-07-13 11:13:43,11624,801,7,0.0,150,100.0
2026-07-13 11:13:44,11625,801,8,0.0,150,100.0
2026-07-13 11:13:45,11626,801,9,0.0,150,100.0
2026-07-13 11:13:46,11627,801,10,0.0,150,100.0
2026-07-13 11:13:47,11628,801,11,0.0,150,100.0
2026-07-13 11:13:48,11629,801,12,22.31,150,100.0
2026-07-13 11:13:49,11630,801,13,100.0,150,100.0
2026-07-13 11:13:50,11631,802,0,100.0,150,100.0
2026-07-13 11:13:51,11632,802,1,100.0,150,100.0
2026-07-13 11:13:52,11633,802,2,67.59,150,100.0
2026-07-13 11:13:53,11634,802,3,0.0,150,100.0
2026-07-13 11:13:54,11635,802,4,0.0,150,100.0
2026-07-13 11:13:55,11636,802,5,0.0,150,100.0
2026-07-13 11:13:56,11637,802,6,0.0,150,100.0
2026-07-13 11:13:57,11638,802,7,0.0,150,100.0
2026-07-13 11:13:58,11639,802,8,0.0,150,100.0
2026-07-13 11:13:59,11640,802,9,0.0,150,100.0
2026-07-13 11:14:00,11641,802,10,0.0,150,100.0
2026-07-13 11:14:01,11642,802,11,0.0,150,100.0
2026-07-13 11:14:02,11643,802,12,0.0,150,100.0
2026-07-13 11:14:03,11644,802,13,0.0,150,100.0
2026-07-13 11:14:04,11645,802,14,0.0,150,100.0
2026-07-13 11:14:05,11646,803,0,0.0,150,100.0
2026-07-13 11:14:06,11647,803,1,0.0,150,100.0
2026-07-13 11:14:07,11648,803,2,0.0,150,100.0
2026-07-13 11:14:08,11649,803,3,0.0,150,100.0
2026-07-13 11:14:09,11650,803,4,0.0,150,100.0
2026-07-13 11:14:10,11651,803,5,0.0,150,100.0
2026-07-13 11:14:11,11652,803,6,0.0,150,100.0
2026-07-13 11:14:12,11653,803,7,0.0,150,100.0
2026-07-13 11:14:13,11654,803,8,0.0,150,100.0
2026-07-13 11:14:14,11655,803,9,0.0,150,100.0
2026-07-13 11:14:15,11656,803,10,0.0,150,100.0
2026-07-13 11:14:16,11657,803,11,0.0,150,100.0
2026-07-13 11:14:17,11658,803,12,0.0,150,100.0
2026-07-13 11:14:18,11659,803,13,0.0,150,100.0
2026-07-13 11:14:19,11660,803,14,0.0,150,100.0
2026-07-13 11:14:20,11661,804,0,0.0,150,100.0
2026-07-13 11:14:21,11662,804,1,0.0,150,100.0
2026-07-13 11:14:22,11663,804,2,0.0,150,100.0
2026-07-13 11:14:23,11664,804,3,0.0,150,100.0
2026-07-13 11:14:24,11665,804,4,0.0,150,100.0
2026-07-13 11:14:25,11666,804,5,0.0,150,100.0
2026-07-13 11:14:26,11667,804,6,0.0,150,100.0
2026-07-13 11:14:27,11668,804,7,0.0,150,100.0
2026-07-13 11:14:28,11669,804,8,0.0,150,100.0
2026-07-13 11:14:29,11670,804,9,0.0,150,100.0
2026-07-13 11:14:30,11671,804,10,0.0,150,100.0
2026-07-13 11:14:31,11672,804,11,0.0,150,100.0
2026-07-13 11:14:32,11673,804,12,0.0,150,100.0
2026-07-13 11:14:33,11674,804,13,0.0,150,100.0
2026-07-13 11:14:34,11675,805,0,0.0,150,100.0
2026-07-13 11:14:35,11676,805,1,0.0,150,100.0
2026-07-13 11:14:36,11677,805,2,0.0,150,100.0
2026-07-13 11:14:37,11678,805,3,0.0,150,100.0
2026-07-13 11:14:38,11679,805,4,0.0,150,100.0
2026-07-13 11:14:39,11680,805,5,0.0,150,100.0
2026-07-13 11:14:40,11681,805,6,0.0,150,100.0
2026-07-13 11:14:41,11682,805,7,0.0,150,100.0
2026-07-13 11:14:42,11683,805,8,0.0,150,100.0
2026-07-13 11:14:43,11684,805,9,0.0,150,100.0
2026-07-13 11:14:44,11685,805,10,0.0,150,100.0
2026-07-13 11:14:45,11686,805,11,0.0,150,100.0
2026-07-13 11:14:46,11687,805,12,15.6,150,100.0
2026-07-13 11:14:47,11688,805,13,0.0,150,100.0
2026-07-13 11:14:48,11689,805,14,0.0,150,100.0
2026-07-13 11:14:49,11690,806,0,0.0,150,100.0
2026-07-13 11:14:50,11691,806,1,0.0,150,100.0
2026-07-13 11:14:51,11692,806,2,0.0,150,100.0
2026-07-13 11:14:52,11693,806,3,0.0,150,100.0
2026-07-13 11:14:53,11694,806,4,0.0,150,100.0
2026-07-13 11:14:54,11695,806,5,0.0,150,100.0
2026-07-13 11:14:55,11696,806,6,0.0,150,100.0
2026-07-13 11:14:56,11697,806,7,2.41,150,100.0
2026-07-13 11:14:57,11698,806,8,0.0,150,100.0
2026-07-13 11:14:58,11699,806,9,0.0,150,100.0
2026-07-13 11:14:59,11700,806,10,0.0,150,100.0
2026-07-13 11:15:00,11701,806,11,8.62,150,100.0
2026-07-13 11:15:01,11702,806,12,39.5,150,100.0
2026-07-13 11:15:02,11703,806,13,0.0,150,100.0
2026-07-13 11:15:03,11704,806,14,0.0,150,100.0
2026-07-13 11:15:04,11705,807,0,0.0,150,100.0
2026-07-13 11:15:05,11706,807,1,0.0,150,100.0
2026-07-13 11:15:06,11707,807,2,0.0,150,100.0
2026-07-13 11:15:07,11708,807,3,0.0,150,100.0
2026-07-13 11:15:08,11709,807,4,0.0,150,100.0
2026-07-13 11:15:09,11710,807,5,0.0,150,100.0
2026-07-13 11:15:10,11711,807,6,0.0,150,100.0
2026-07-13 11:15:11,11712,807,7,0.0,150,100.0
2026-07-13 11:15:12,11713,807,8,0.0,150,100.0
2026-07-13 11:15:13,11714,807,9,0.0,150,100.0
2026-07-13 11:15:14,11715,807,10,0.0,150,100.0
2026-07-13 11:15:15,11716,807,11,0.0,150,100.0
2026-07-13 11:15:16,11717,807,12,20.94,150,100.0
2026-07-13 11:15:17,11718,807,13,0.0,150,100.0
2026-07-13 11:15:18,11719,808,0,0.0,150,100.0
2026-07-13 11:15:19,11720,808,1,0.0,150,100.0
2026-07-13 11:15:20,11721,808,2,0.0,150,100.0
2026-07-13 11:15:21,11722,808,3,0.0,150,100.0
2026-07-13 11:15:22,11723,808,4,0.0,150,100.0
2026-07-13 11:15:23,11724,808,5,0.0,150,100.0
2026-07-13 11:15:24,11725,808,6,0.0,150,100.0
2026-07-13 11:15:25,11726,808,7,0.0,150,100.0
2026-07-13 11:15:26,11727,808,8,0.0,150,100.0
2026-07-13 11:15:27,11728,808,9,0.0,150,100.0
2026-07-13 11:15:28,11729,808,10,0.0,150,100.0
2026-07-13 11:15:29,11730,808,11,0.0,150,100.0
2026-07-13 11:15:30,11731,808,12,0.0,150,100.0
2026-07-13 11:15:31,11732,808,13,0.0,150,100.0
2026-07-13 11:15:32,11733,809,0,0.0,150,100.0
2026-07-13 11:15:33,11734,809,1,0.0,150,100.0
2026-07-13 11:15:34,11735,809,2,0.0,150,100.0
2026-07-13 11:15:35,11736,809,3,0.0,150,100.0
2026-07-13 11:15:36,11737,809,4,0.0,150,100.0
2026-07-13 11:15:37,11738,809,5,0.0,150,100.0
2026-07-13 11:15:38,11739,809,6,0.0,150,100.0
2026-07-13 11:15:39,11740,809,7,0.0,150,100.0
2026-07-13 11:15:40,11741,809,8,0.0,150,100.0
2026-07-13 11:15:41,11742,809,9,0.0,150,100.0
2026-07-13 11:15:42,11743,809,10,45.7,150,100.0
2026-07-13 11:15:43,11744,809,11,100.0,150,100.0
2026-07-13 11:15:44,11745,809,12,100.0,150,100.0
2026-07-13 11:15:45,11746,809,13,0.0,150,100.0
2026-07-13 11:15:46,11747,809,14,0.0,150,100.0
2026-07-13 11:15:47,11748,810,0,0.0,150,100.0
2026-07-13 11:15:48,11749,810,1,0.0,150,100.0
2026-07-13 11:15:49,11750,810,2,0.0,150,100.0
2026-07-13 11:15:50,11751,810,3,0.0,150,100.0
2026-07-13 11:15:51,11752,810,4,0.0,150,100.0
2026-07-13 11:15:52,11753,810,5,0.0,150,100.0
2026-07-13 11:15:53,11754,810,6,0.0,150,100.0
2026-07-13 11:15:54,11755,810,7,0.0,150,100.0
2026-07-13 11:15:55,11756,810,8,0.0,150,100.0
2026-07-13 11:15:56,11757,810,9,0.0,150,100.0
2026-07-13 11:15:57,11758,810,10,0.0,150,100.0
2026-07-13 11:15:58,11759,810,11,0.0,150,100.0
2026-07-13 11:15:59,11760,810,12,0.0,150,100.0
2026-07-13 11:16:00,11761,810,13,0.0,150,100.0
2026-07-13 11:16:01,11762,811,0,0.0,150,100.0
2026-07-13 11:16:02,11763,811,1,0.0,150,100.0
2026-07-13 11:16:03,11764,811,2,0.0,150,100.0
2026-07-13 11:16:04,11765,811,3,0.0,150,100.0
2026-07-13 11:16:05,11766,811,4,0.0,150,100.0
2026-07-13 11:16:06,11767,811,5,0.0,150,100.0
2026-07-13 11:16:07,11768,811,6,0.0,150,100.0
2026-07-13 11:16:08,11769,811,7,0.0,150,100.0
2026-07-13 11:16:09,11770,811,8,0.0,150,100.0
2026-07-13 11:16:10,11771,811,9,0.0,150,100.0
2026-07-13 11:16:11,11772,811,10,0.0,150,100.0
2026-07-13 11:16:12,11773,811,11,0.0,150,100.0
2026-07-13 11:16:13,11774,811,12,0.0,150,100.0
2026-07-13 11:16:14,11775,811,13,0.0,150,100.0
2026-07-13 11:16:15,11776,812,0,0.0,150,100.0
2026-07-13 11:16:16,11777,812,1,0.0,150,100.0
2026-07-13 11:16:17,11778,812,2,0.0,150,100.0
2026-07-13 11:16:18,11779,812,3,0.0,150,100.0
2026-07-13 11:16:19,11780,812,4,0.0,150,100.0
2026-07-13 11:16:20,11781,812,5,0.0,150,100.0
2026-07-13 11:16:21,11782,812,6,0.0,150,100.0
2026-07-13 11:16:22,11783,812,7,0.0,150,100.0
2026-07-13 11:16:23,11784,812,8,0.0,150,100.0
2026-07-13 11:16:24,11785,812,9,0.0,150,100.0
2026-07-13 11:16:25,11786,812,10,0.0,150,100.0
2026-07-13 11:16:26,11787,812,11,0.0,150,100.0
2026-07-13 11:16:27,11788,813,0,0.0,150,100.0
2026-07-13 11:16:28,11789,813,1,0.0,150,100.0
2026-07-13 11:16:29,11790,813,2,0.0,150,100.0
2026-07-13 11:16:30,11791,813,3,0.0,150,100.0
2026-07-13 11:16:31,11792,813,4,0.0,150,100.0
2026-07-13 11:16:32,11793,813,5,0.0,150,100.0
2026-07-13 11:16:33,11794,813,6,0.0,150,100.0
2026-07-13 11:16:34,11795,813,7,0.0,150,100.0
2026-07-13 11:16:35,11796,813,8,0.0,150,100.0
2026-07-13 11:16:36,11797,813,9,0.0,150,100.0
2026-07-13 11:16:37,11798,813,10,0.0,150,100.0
2026-07-13 11:16:38,11799,813,11,0.0,150,100.0
2026-07-13 11:16:39,11800,814,0,0.0,150,100.0
2026-07-13 11:16:40,11801,814,1,0.0,150,100.0
2026-07-13 11:16:41,11802,814,2,0.0,150,100.0
2026-07-13 11:16:42,11803,814,3,0.0,150,100.0
2026-07-13 11:16:43,11804,814,4,0.0,150,100.0
2026-07-13 11:16:44,11805,814,5,0.0,150,100.0
2026-07-13 11:16:45,11806,814,6,0.0,150,100.0
2026-07-13 11:16:46,11807,814,7,0.0,150,100.0
2026-07-13 11:16:47,11808,814,8,0.0,150,100.0
2026-07-13 11:16:48,11809,814,9,0.0,150,100.0
2026-07-13 11:16:49,11810,814,10,0.0,150,100.0
2026-07-13 11:16:50,11811,814,11,0.0,150,100.0
2026-07-13 11:16:51,11812,814,12,0.0,150,100.0
2026-07-13 11:16:52,11813,814,13,0.0,150,100.0
2026-07-13 11:16:53,11814,815,0,0.0,150,100.0
2026-07-13 11:16:54,11815,815,1,0.0,150,100.0
2026-07-13 11:16:55,11816,815,2,0.0,150,100.0
2026-07-13 11:16:56,11817,815,3,0.0,150,100.0
2026-07-13 11:16:57,11818,815,4,0.0,150,100.0
2026-07-13 11:16:58,11819,815,5,0.0,150,100.0
2026-07-13 11:16:59,11820,815,6,0.0,150,100.0
2026-07-13 11:17:00,11821,815,7,0.0,150,100.0
2026-07-13 11:17:01,11822,815,8,0.0,150,100.0
2026-07-13 11:17:02,11823,815,9,0.0,150,100.0
2026-07-13 11:17:03,11824,815,10,0.0,150,100.0
2026-07-13 11:17:04,11825,815,11,0.0,150,100.0
2026-07-13 11:17:05,11826,815,12,0.0,150,100.0
2026-07-13 11:17:06,11827,815,13,0.0,150,100.0
2026-07-13 11:17:07,11828,816,0,0.0,150,100.0
2026-07-13 11:17:08,11829,816,1,0.0,150,100.0
2026-07-13 11:17:09,11830,816,2,0.0,150,100.0
2026-07-13 11:17:10,11831,816,3,0.0,150,100.0
2026-07-13 11:17:11,11832,816,4,0.0,150,100.0
2026-07-13 11:17:12,11833,816,5,0.0,150,100.0
2026-07-13 11:17:13,11834,816,6,0.0,150,100.0
2026-07-13 11:17:14,11835,816,7,0.0,150,100.0
2026-07-13 11:17:15,11836,816,8,0.0,150,100.0
2026-07-13 11:17:16,11837,816,9,0.0,150,100.0
2026-07-13 11:17:17,11838,816,10,0.0,150,100.0
2026-07-13 11:17:18,11839,816,11,0.0,150,100.0
2026-07-13 11:17:19,11840,817,0,0.0,150,100.0
2026-07-13 11:17:20,11841,817,1,0.0,150,100.0
2026-07-13 11:17:21,11842,817,2,0.0,150,100.0
2026-07-13 11:17:22,11843,817,3,0.0,150,100.0
2026-07-13 11:17:23,11844,817,4,0.0,150,100.0
2026-07-13 11:17:24,11845,817,5,0.0,150,100.0
2026-07-13 11:17:25,11846,817,6,0.0,150,100.0
2026-07-13 11:17:26,11847,817,7,0.0,150,100.0
2026-07-13 11:17:27,11848,817,8,0.0,150,100.0
2026-07-13 11:17:28,11849,817,9,0.0,150,100.0
2026-07-13 11:17:29,11850,817,10,0.0,150,100.0
2026-07-13 11:17:30,11851,817,11,0.0,150,100.0
2026-07-13 11:17:31,11852,817,12,0.0,150,100.0
2026-07-13 11:17:32,11853,817,13,0.0,150,100.0
2026-07-13 11:17:33,11854,817,14,0.0,150,100.0
2026-07-13 11:17:34,11855,817,15,0.0,150,100.0
2026-07-13 11:17:35,11856,818,0,0.0,150,100.0
2026-07-13 11:17:36,11857,818,1,0.0,150,100.0
2026-07-13 11:17:37,11858,818,2,0.0,150,100.0
2026-07-13 11:17:38,11859,818,3,0.0,150,100.0
2026-07-13 11:17:39,11860,818,4,0.0,150,100.0
2026-07-13 11:17:40,11861,818,5,0.0,150,100.0
2026-07-13 11:17:41,11862,818,6,0.0,150,100.0
2026-07-13 11:17:42,11863,818,7,0.0,150,100.0
2026-07-13 11:17:43,11864,818,8,0.0,150,100.0
2026-07-13 11:17:44,11865,818,9,0.0,150,100.0
2026-07-13 11:17:45,11866,818,10,0.0,150,100.0
2026-07-13 11:17:46,11867,818,11,0.0,150,100.0
2026-07-13 11:17:47,11868,818,12,0.0,150,100.0
2026-07-13 11:17:48,11869,818,13,0.0,150,100.0
2026-07-13 11:17:49,11870,818,14,0.0,150,100.0
2026-07-13 11:17:50,11871,819,0,0.0,150,100.0
2026-07-13 11:17:51,11872,819,1,0.0,150,100.0
2026-07-13 11:17:52,11873,819,2,0.0,150,100.0
2026-07-13 11:17:53,11874,819,3,0.0,150,100.0
2026-07-13 11:17:54,11875,819,4,0.0,150,100.0
2026-07-13 11:17:55,11876,819,5,0.0,150,100.0
2026-07-13 11:17:56,11877,819,6,0.0,150,100.0
2026-07-13 11:17:57,11878,819,7,0.0,150,100.0
2026-07-13 11:17:58,11879,819,8,0.0,150,100.0
2026-07-13 11:17:59,11880,819,9,0.0,150,100.0
2026-07-13 11:18:00,11881,819,10,0.0,150,100.0
2026-07-13 11:18:01,11882,819,11,0.0,150,100.0
2026-07-13 11:18:02,11883,819,12,0.0,150,100.0
2026-07-13 11:18:03,11884,819,13,6.07,150,100.0
2026-07-13 11:18:04,11885,820,0,21.72,150,100.0
2026-07-13 11:18:05,11886,820,1,20.92,150,100.0
2026-07-13 11:18:06,11887,820,2,0.0,150,100.0
2026-07-13 11:18:07,11888,820,3,0.0,150,100.0
2026-07-13 11:18:08,11889,820,4,0.0,150,100.0
2026-07-13 11:18:09,11890,820,5,0.0,150,100.0
2026-07-13 11:18:10,11891,820,6,0.0,150,100.0
2026-07-13 11:18:11,11892,820,7,0.0,150,100.0
2026-07-13 11:18:12,11893,820,8,0.0,150,100.0
2026-07-13 11:18:13,11894,820,9,0.0,150,100.0
2026-07-13 11:18:14,11895,820,10,0.0,150,100.0
2026-07-13 11:18:15,11896,820,11,0.0,150,100.0
2026-07-13 11:18:16,11897,820,12,11.95,150,100.0
2026-07-13 11:18:17,11898,820,13,41.39,150,100.0
2026-07-13 11:18:18,11899,820,14,79.47,150,100.0
2026-07-13 11:18:19,11900,821,0,95.65,150,100.0
2026-07-13 11:18:20,11901,821,1,72.98,150,100.0
2026-07-13 11:18:21,11902,821,2,0.0,150,100.0
2026-07-13 11:18:22,11903,821,3,0.0,150,100.0
2026-07-13 11:18:23,11904,821,4,0.0,150,100.0
2026-07-13 11:18:24,11905,821,5,0.0,150,100.0
2026-07-13 11:18:25,11906,821,6,0.0,150,100.0
2026-07-13 11:18:26,11907,821,7,0.0,150,100.0
2026-07-13 11:18:27,11908,821,8,0.0,150,100.0
2026-07-13 11:18:28,11909,821,9,25.51,150,100.0
2026-07-13 11:18:29,11910,821,10,63.89,150,100.0
2026-07-13 11:18:30,11911,821,11,0.0,150,100.0
2026-07-13 11:18:31,11912,821,12,43.64,150,100.0
2026-07-13 11:18:32,11913,821,13,85.86,150,100.0
2026-07-13 11:18:33,11914,821,14,99.84,150,100.0
2026-07-13 11:18:34,11915,822,0,82.02,150,100.0
2026-07-13 11:18:35,11916,822,1,0.0,150,100.0
2026-07-13 11:18:36,11917,822,2,0.0,150,100.0
2026-07-13 11:18:37,11918,822,3,8.11,150,100.0
2026-07-13 11:18:38,11919,822,4,13.93,150,100.0
2026-07-13 11:18:39,11920,822,5,41.09,150,100.0
2026-07-13 11:18:40,11921,822,6,48.66,150,100.0
2026-07-13 11:18:41,11922,822,7,100.0,150,100.0
2026-07-13 11:18:42,11923,822,8,82.46,150,100.0
2026-07-13 11:18:43,11924,822,9,100.0,150,100.0
2026-07-13 11:18:44,11925,822,10,54.32,150,100.0
2026-07-13 11:18:45,11926,822,11,94.53,150,100.0
2026-07-13 11:18:46,11927,822,12,100.0,150,100.0
2026-07-13 11:18:47,11928,823,0,100.0,150,100.0
2026-07-13 11:18:48,11929,823,1,100.0,150,100.0
2026-07-13 11:18:49,11930,823,2,0.0,150,100.0
2026-07-13 11:18:50,11931,823,3,0.0,150,100.0
2026-07-13 11:18:51,11932,823,4,42.34,150,100.0
2026-07-13 11:18:52,11933,823,5,54.1,150,100.0
2026-07-13 11:18:53,11934,823,6,0.0,150,100.0
2026-07-13 11:18:54,11935,823,7,12.93,150,100.0
2026-07-13 11:18:55,11936,823,8,45.17,150,100.0
2026-07-13 11:18:56,11937,823,9,0.0,150,100.0
2026-07-13 11:18:57,11938,823,10,0.0,150,100.0
2026-07-13 11:18:58,11939,823,11,0.0,150,100.0
2026-07-13 11:18:59,11940,823,12,0.0,150,100.0
2026-07-13 11:19:00,11941,823,13,0.0,150,100.0
2026-07-13 11:19:01,11942,823,14,0.0,150,100.0
2026-07-13 11:19:02,11943,824,0,0.0,150,100.0
2026-07-13 11:19:03,11944,824,1,0.0,150,100.0
2026-07-13 11:19:04,11945,824,2,0.0,150,100.0
2026-07-13 11:19:05,11946,824,3,0.0,150,100.0
2026-07-13 11:19:06,11947,824,4,0.0,150,100.0
2026-07-13 11:19:07,11948,824,5,0.0,150,100.0
2026-07-13 11:19:08,11949,824,6,0.0,150,100.0
2026-07-13 11:19:09,11950,824,7,0.0,150,100.0
2026-07-13 11:19:10,11951,824,8,0.0,150,100.0
2026-07-13 11:19:11,11952,824,9,0.0,150,100.0
2026-07-13 11:19:12,11953,824,10,0.0,150,100.0
2026-07-13 11:19:13,11954,824,11,0.0,150,100.0
2026-07-13 11:19:14,11955,824,12,0.0,150,100.0
2026-07-13 11:19:15,11956,824,13,0.0,150,100.0
2026-07-13 11:19:16,11957,824,14,0.0,150,100.0
2026-07-13 11:19:17,11958,825,0,0.0,150,100.0
2026-07-13 11:19:18,11959,825,1,0.0,150,100.0
2026-07-13 11:19:19,11960,825,2,0.0,150,100.0
2026-07-13 11:19:20,11961,825,3,0.0,150,100.0
2026-07-13 11:19:21,11962,825,4,0.0,150,100.0
2026-07-13 11:19:22,11963,825,5,0.0,150,100.0
2026-07-13 11:19:23,11964,825,6,0.0,150,100.0
2026-07-13 11:19:24,11965,825,7,0.0,150,100.0
2026-07-13 11:19:25,11966,825,8,0.0,150,100.0
2026-07-13 11:19:26,11967,825,9,0.0,150,100.0
2026-07-13 11:19:27,11968,825,10,0.0,150,100.0
2026-07-13 11:19:28,11969,825,11,0.0,150,100.0
2026-07-13 11:19:29,11970,825,12,0.0,150,100.0
2026-07-13 11:19:30,11971,825,13,0.0,150,100.0
2026-07-13 11:19:31,11972,825,14,0.0,150,100.0
2026-07-13 11:19:32,11973,826,0,0.0,150,100.0
2026-07-13 11:19:33,11974,826,1,0.0,150,100.0
2026-07-13 11:19:34,11975,826,2,0.0,150,100.0
2026-07-13 11:19:35,11976,826,3,0.0,150,100.0
2026-07-13 11:19:36,11977,826,4,0.0,150,100.0
2026-07-13 11:19:37,11978,826,5,0.0,150,100.0
2026-07-13 11:19:38,11979,826,6,0.0,150,100.0
2026-07-13 11:19:39,11980,826,7,0.0,150,100.0
2026-07-13 11:19:40,11981,826,8,0.0,150,100.0
2026-07-13 11:19:41,11982,826,9,0.0,150,100.0
2026-07-13 11:19:42,11983,826,10,0.0,150,100.0
2026-07-13 11:19:43,11984,826,11,0.0,150,100.0
2026-07-13 11:19:44,11985,826,12,0.0,150,100.0
2026-07-13 11:19:45,11986,826,13,0.0,150,100.0
2026-07-13 11:19:46,11987,827,0,0.0,150,100.0
2026-07-13 11:19:47,11988,827,1,0.0,150,100.0
2026-07-13 11:19:48,11989,827,2,0.0,150,100.0
2026-07-13 11:19:49,11990,827,3,0.0,150,100.0
2026-07-13 11:19:50,11991,827,4,0.0,150,100.0
2026-07-13 11:19:51,11992,827,5,0.0,150,100.0
2026-07-13 11:19:52,11993,827,6,0.0,150,100.0
2026-07-13 11:19:53,11994,827,7,0.0,150,100.0
2026-07-13 11:19:54,11995,827,8,0.0,150,100.0
2026-07-13 11:19:55,11996,827,9,0.0,150,100.0
2026-07-13 11:19:56,11997,827,10,0.0,150,100.0
2026-07-13 11:19:57,11998,827,11,0.0,150,100.0
2026-07-13 11:19:58,11999,827,12,0.0,150,100.0
2026-07-13 11:19:59,12000,827,13,0.0,150,100.0
2026-07-13 11:20:00,12001,828,0,0.0,150,100.0
2026-07-13 11:20:01,12002,828,1,0.0,150,100.0
2026-07-13 11:20:02,12003,828,2,0.0,150,100.0
2026-07-13 11:20:03,12004,828,3,0.0,150,100.0
2026-07-13 11:20:04,12005,828,4,0.0,150,100.0
2026-07-13 11:20:05,12006,828,5,0.0,150,100.0
2026-07-13 11:20:06,12007,828,6,0.0,150,100.0
2026-07-13 11:20:07,12008,828,7,0.0,150,100.0
2026-07-13 11:20:08,12009,828,8,0.0,150,100.0
2026-07-13 11:20:09,12010,828,9,0.0,150,100.0
2026-07-13 11:20:10,12011,828,10,0.0,150,100.0
2026-07-13 11:20:11,12012,828,11,0.0,150,100.0
2026-07-13 11:20:12,12013,828,12,0.0,150,100.0
2026-07-13 11:20:13,12014,829,0,0.0,150,100.0
2026-07-13 11:20:14,12015,829,1,0.0,150,100.0
2026-07-13 11:20:15,12016,829,2,0.0,150,100.0
2026-07-13 11:20:16,12017,829,3,0.0,150,100.0
2026-07-13 11:20:17,12018,829,4,0.0,150,100.0
2026-07-13 11:20:18,12019,829,5,0.0,150,100.0
2026-07-13 11:20:19,12020,829,6,0.0,150,100.0
2026-07-13 11:20:20,12021,829,7,0.0,150,100.0
2026-07-13 11:20:21,12022,829,8,0.0,150,100.0
2026-07-13 11:20:22,12023,829,9,0.0,150,100.0
2026-07-13 11:20:23,12024,829,10,0.0,150,100.0
2026-07-13 11:20:24,12025,829,11,0.0,150,100.0
2026-07-13 11:20:25,12026,829,12,0.0,150,100.0
2026-07-13 11:20:26,12027,829,13,0.0,150,100.0
2026-07-13 11:20:27,12028,829,14,0.0,150,100.0
2026-07-13 11:20:28,12029,830,0,0.0,150,100.0
2026-07-13 11:20:29,12030,830,1,0.0,150,100.0
2026-07-13 11:20:30,12031,830,2,0.0,150,100.0
2026-07-13 11:20:31,12032,830,3,0.0,150,100.0
2026-07-13 11:20:32,12033,830,4,0.0,150,100.0
2026-07-13 11:20:33,12034,830,5,0.0,150,100.0
2026-07-13 11:20:34,12035,830,6,0.0,150,100.0
2026-07-13 11:20:35,12036,830,7,0.0,150,100.0
2026-07-13 11:20:36,12037,830,8,0.0,150,100.0
2026-07-13 11:20:37,12038,830,9,0.0,150,100.0
2026-07-13 11:20:38,12039,830,10,0.0,150,100.0
2026-07-13 11:20:39,12040,830,11,0.0,150,100.0
2026-07-13 11:20:40,12041,830,12,0.0,150,100.0
2026-07-13 11:20:41,12042,830,13,0.0,150,100.0
2026-07-13 11:20:42,12043,831,0,0.0,150,100.0
2026-07-13 11:20:43,12044,831,1,0.0,150,100.0
2026-07-13 11:20:44,12045,831,2,0.0,150,100.0
2026-07-13 11:20:45,12046,831,3,0.0,150,100.0
2026-07-13 11:20:46,12047,831,4,0.0,150,100.0
2026-07-13 11:20:47,12048,831,5,0.0,150,100.0
2026-07-13 11:20:48,12049,831,6,0.0,150,100.0
2026-07-13 11:20:49,12050,831,7,0.0,150,100.0
2026-07-13 11:20:50,12051,831,8,0.0,150,100.0
2026-07-13 11:20:51,12052,831,9,0.0,150,100.0
2026-07-13 11:20:52,12053,831,10,0.0,150,100.0
2026-07-13 11:20:53,12054,831,11,0.0,150,100.0
2026-07-13 11:20:54,12055,831,12,0.0,150,100.0
2026-07-13 11:20:55,12056,831,13,0.0,150,100.0
2026-07-13 11:20:56,12057,831,14,0.0,150,100.0
2026-07-13 11:20:57,12058,832,0,0.0,150,100.0
2026-07-13 11:20:58,12059,832,1,0.0,150,100.0
2026-07-13 11:20:59,12060,832,2,0.0,150,100.0
2026-07-13 11:21:00,12061,832,3,0.0,150,100.0
2026-07-13 11:21:01,12062,832,4,0.0,150,100.0
2026-07-13 11:21:02,12063,832,5,0.0,150,100.0
2026-07-13 11:21:03,12064,832,6,0.0,150,100.0
2026-07-13 11:21:04,12065,832,7,0.0,150,100.0
2026-07-13 11:21:05,12066,832,8,0.0,150,100.0
2026-07-13 11:21:06,12067,832,9,0.0,150,100.0
2026-07-13 11:21:07,12068,832,10,0.0,150,100.0
2026-07-13 11:21:08,12069,832,11,0.0,150,100.0
2026-07-13 11:21:09,12070,832,12,0.0,150,100.0
2026-07-13 11:21:10,12071,832,13,0.0,150,100.0
2026-07-13 11:21:11,12072,832,14,0.0,150,100.0
2026-07-13 11:21:12,12073,832,15,0.0,150,100.0
2026-07-13 11:21:13,12074,832,16,0.0,150,100.0
2026-07-13 11:21:14,12075,833,0,0.0,150,100.0
2026-07-13 11:21:15,12076,833,1,0.0,150,100.0
2026-07-13 11:21:16,12077,833,2,0.0,150,100.0
2026-07-13 11:21:17,12078,833,3,0.0,150,100.0
2026-07-13 11:21:18,12079,833,4,0.0,150,100.0
2026-07-13 11:21:19,12080,833,5,0.0,150,100.0
2026-07-13 11:21:20,12081,833,6,0.0,150,100.0
2026-07-13 11:21:21,12082,833,7,0.0,150,100.0
2026-07-13 11:21:22,12083,833,8,0.0,150,100.0
2026-07-13 11:21:23,12084,833,9,0.0,150,100.0
2026-07-13 11:21:24,12085,833,10,0.0,150,100.0
2026-07-13 11:21:25,12086,833,11,0.0,150,100.0
2026-07-13 11:21:26,12087,833,12,0.0,150,100.0
2026-07-13 11:21:27,12088,833,13,0.0,150,100.0
2026-07-13 11:21:28,12089,834,0,0.0,150,100.0
2026-07-13 11:21:29,12090,834,1,0.0,150,100.0
2026-07-13 11:21:30,12091,834,2,0.0,150,100.0
2026-07-13 11:21:31,12092,834,3,0.0,150,100.0
2026-07-13 11:21:32,12093,834,4,0.0,150,100.0
2026-07-13 11:21:33,12094,834,5,0.0,150,100.0
2026-07-13 11:21:34,12095,834,6,0.0,150,100.0
2026-07-13 11:21:35,12096,834,7,0.0,150,100.0
2026-07-13 11:21:36,12097,834,8,0.0,150,100.0
2026-07-13 11:21:37,12098,834,9,0.0,150,100.0
2026-07-13 11:21:38,12099,834,10,0.0,150,100.0
2026-07-13 11:21:39,12100,834,11,0.0,150,100.0
2026-07-13 11:21:40,12101,834,12,0.0,150,100.0
2026-07-13 11:21:41,12102,834,13,0.0,150,100.0
2026-07-13 11:21:42,12103,835,0,0.0,150,100.0
2026-07-13 11:21:43,12104,835,1,0.0,150,100.0
2026-07-13 11:21:44,12105,835,2,0.0,150,100.0
2026-07-13 11:21:45,12106,835,3,0.0,150,100.0
2026-07-13 11:21:46,12107,835,4,0.0,150,100.0
2026-07-13 11:21:47,12108,835,5,0.0,150,100.0
2026-07-13 11:21:48,12109,835,6,0.0,150,100.0
2026-07-13 11:21:49,12110,835,7,0.0,150,100.0
2026-07-13 11:21:50,12111,835,8,0.0,150,100.0
2026-07-13 11:21:51,12112,835,9,0.0,150,100.0
2026-07-13 11:21:52,12113,835,10,0.0,150,100.0
2026-07-13 11:21:53,12114,835,11,0.0,150,100.0
2026-07-13 11:21:54,12115,836,0,0.0,150,100.0
2026-07-13 11:21:55,12116,836,1,0.0,150,100.0
2026-07-13 11:21:56,12117,836,2,0.0,150,100.0
2026-07-13 11:21:57,12118,836,3,0.0,150,100.0
2026-07-13 11:21:58,12119,836,4,0.0,150,100.0
2026-07-13 11:21:59,12120,836,5,0.0,150,100.0
2026-07-13 11:22:00,12121,836,6,0.0,150,100.0
2026-07-13 11:22:01,12122,836,7,0.0,150,100.0
2026-07-13 11:22:02,12123,836,8,0.0,150,100.0
2026-07-13 11:22:03,12124,836,9,0.0,150,100.0
2026-07-13 11:22:04,12125,836,10,0.0,150,100.0
2026-07-13 11:22:05,12126,836,11,0.0,150,100.0
2026-07-13 11:22:06,12127,836,12,0.0,150,100.0
2026-07-13 11:22:07,12128,837,0,0.0,150,100.0
2026-07-13 11:22:08,12129,837,1,0.0,150,100.0
2026-07-13 11:22:09,12130,837,2,0.0,150,100.0
2026-07-13 11:22:10,12131,837,3,0.0,150,100.0
2026-07-13 11:22:11,12132,837,4,0.0,150,100.0
2026-07-13 11:22:12,12133,837,5,0.0,150,100.0
2026-07-13 11:22:13,12134,837,6,0.0,150,100.0
2026-07-13 11:22:14,12135,837,7,0.0,150,100.0
2026-07-13 11:22:15,12136,837,8,0.0,150,100.0
2026-07-13 11:22:16,12137,837,9,0.0,150,100.0
2026-07-13 11:22:17,12138,837,10,0.0,150,100.0
2026-07-13 11:22:18,12139,837,11,0.0,150,100.0
2026-07-13 11:22:19,12140,837,12,0.0,150,100.0
2026-07-13 11:22:20,12141,837,13,0.0,150,100.0
2026-07-13 11:22:21,12142,837,14,0.0,150,100.0
2026-07-13 11:22:22,12143,837,15,0.0,150,100.0
2026-07-13 11:22:23,12144,838,0,0.0,150,100.0
2026-07-13 11:22:24,12145,838,1,0.0,150,100.0
2026-07-13 11:22:25,12146,838,2,0.0,150,100.0
2026-07-13 11:22:26,12147,838,3,0.0,150,100.0
2026-07-13 11:22:27,12148,838,4,0.0,150,100.0
2026-07-13 11:22:28,12149,838,5,0.0,150,100.0
2026-07-13 11:22:29,12150,838,6,0.0,150,100.0
2026-07-13 11:22:30,12151,838,7,0.0,150,100.0
2026-07-13 11:22:31,12152,838,8,0.0,150,100.0
2026-07-13 11:22:32,12153,838,9,0.0,150,100.0
2026-07-13 11:22:33,12154,838,10,0.0,150,100.0
2026-07-13 11:22:34,12155,838,11,100.0,150,100.0
2026-07-13 11:22:35,12156,838,12,0.0,150,100.0
2026-07-13 11:22:36,12157,839,0,0.0,150,100.0
2026-07-13 11:22:37,12158,839,1,0.0,150,100.0
2026-07-13 11:22:38,12159,839,2,0.0,150,100.0
2026-07-13 11:22:39,12160,839,3,0.0,150,100.0
2026-07-13 11:22:40,12161,839,4,0.0,150,100.0
2026-07-13 11:22:41,12162,839,5,0.0,150,100.0
2026-07-13 11:22:42,12163,839,6,0.0,150,100.0
2026-07-13 11:22:43,12164,839,7,0.0,150,100.0
2026-07-13 11:22:44,12165,839,8,0.0,150,100.0
2026-07-13 11:22:45,12166,839,9,0.0,150,100.0
2026-07-13 11:22:46,12167,839,10,0.0,150,100.0
2026-07-13 11:22:47,12168,839,11,0.0,150,100.0
2026-07-13 11:22:48,12169,839,12,0.0,150,100.0
2026-07-13 11:22:49,12170,839,13,0.0,150,100.0
2026-07-13 11:22:50,12171,840,0,0.0,150,100.0
2026-07-13 11:22:51,12172,840,1,0.0,150,100.0
2026-07-13 11:22:52,12173,840,2,0.0,150,100.0
2026-07-13 11:22:53,12174,840,3,0.0,150,100.0
2026-07-13 11:22:54,12175,840,4,0.0,150,100.0
2026-07-13 11:22:55,12176,840,5,0.0,150,100.0
2026-07-13 11:22:56,12177,840,6,0.0,150,100.0
2026-07-13 11:22:57,12178,840,7,0.0,150,100.0
2026-07-13 11:22:58,12179,840,8,0.0,150,100.0
2026-07-13 11:22:59,12180,840,9,0.0,150,100.0
2026-07-13 11:23:00,12181,840,10,0.0,150,100.0
2026-07-13 11:23:01,12182,840,11,0.0,150,100.0
2026-07-13 11:23:02,12183,840,12,0.0,150,100.0
2026-07-13 11:23:03,12184,840,13,0.0,150,100.0
2026-07-13 11:23:04,12185,840,14,0.0,150,100.0
2026-07-13 11:23:05,12186,840,15,0.0,150,100.0
2026-07-13 11:23:06,12187,841,0,0.0,150,100.0
2026-07-13 11:23:07,12188,841,1,0.0,150,100.0
2026-07-13 11:23:08,12189,841,2,0.0,150,100.0
2026-07-13 11:23:09,12190,841,3,0.0,150,100.0
2026-07-13 11:23:10,12191,841,4,0.0,150,100.0
2026-07-13 11:23:11,12192,841,5,0.0,150,100.0
2026-07-13 11:23:12,12193,841,6,0.0,150,100.0
2026-07-13 11:23:13,12194,841,7,0.0,150,100.0
2026-07-13 11:23:14,12195,841,8,0.0,150,100.0
2026-07-13 11:23:15,12196,841,9,0.0,150,100.0
2026-07-13 11:23:16,12197,841,10,0.0,150,100.0
2026-07-13 11:23:17,12198,841,11,0.0,150,100.0
2026-07-13 11:23:18,12199,841,12,0.0,150,100.0
2026-07-13 11:23:19,12200,841,13,0.0,150,100.0
2026-07-13 11:23:20,12201,841,14,0.0,150,100.0
2026-07-13 11:23:21,12202,842,0,0.0,150,100.0
2026-07-13 11:23:22,12203,842,1,0.0,150,100.0
2026-07-13 11:23:23,12204,842,2,0.0,150,100.0
2026-07-13 11:23:24,12205,842,3,0.0,150,100.0
2026-07-13 11:23:25,12206,842,4,0.0,150,100.0
2026-07-13 11:23:26,12207,842,5,0.0,150,100.0
2026-07-13 11:23:27,12208,842,6,0.0,150,100.0
2026-07-13 11:23:28,12209,842,7,0.0,150,100.0
2026-07-13 11:23:29,12210,842,8,0.0,150,100.0
2026-07-13 11:23:30,12211,842,9,0.0,150,100.0
2026-07-13 11:23:31,12212,842,10,0.0,150,100.0
2026-07-13 11:23:32,12213,842,11,0.0,150,100.0
2026-07-13 11:23:33,12214,842,12,0.0,150,100.0
2026-07-13 11:23:34,12215,842,13,0.0,150,100.0
2026-07-13 11:23:35,12216,842,14,0.0,150,100.0
2026-07-13 11:23:36,12217,843,0,0.0,150,100.0
2026-07-13 11:23:37,12218,843,1,0.0,150,100.0
2026-07-13 11:23:38,12219,843,2,0.0,150,100.0
2026-07-13 11:23:39,12220,843,3,0.0,150,100.0
2026-07-13 11:23:40,12221,843,4,0.0,150,100.0
2026-07-13 11:23:41,12222,843,5,0.0,150,100.0
2026-07-13 11:23:42,12223,843,6,0.0,150,100.0
2026-07-13 11:23:43,12224,843,7,0.0,150,100.0
2026-07-13 11:23:44,12225,843,8,0.0,150,100.0
2026-07-13 11:23:45,12226,843,9,0.0,150,100.0
2026-07-13 11:23:46,12227,843,10,62.39,150,100.0
2026-07-13 11:23:47,12228,843,11,100.0,150,100.0
2026-07-13 11:23:48,12229,843,12,0.0,150,100.0
2026-07-13 11:23:49,12230,843,13,0.0,150,100.0
2026-07-13 11:23:50,12231,844,0,0.0,150,100.0
2026-07-13 11:23:51,12232,844,1,0.0,150,100.0
2026-07-13 11:23:52,12233,844,2,0.0,150,100.0
2026-07-13 11:23:53,12234,844,3,0.0,150,100.0
2026-07-13 11:23:54,12235,844,4,0.0,150,100.0
2026-07-13 11:23:55,12236,844,5,0.0,150,100.0
2026-07-13 11:23:56,12237,844,6,0.0,150,100.0
2026-07-13 11:23:57,12238,844,7,0.0,150,100.0
2026-07-13 11:23:58,12239,844,8,0.0,150,100.0
2026-07-13 11:23:59,12240,844,9,0.0,150,100.0
2026-07-13 11:24:00,12241,844,10,51.25,150,100.0
2026-07-13 11:24:01,12242,844,11,100.0,150,100.0
2026-07-13 11:24:02,12243,844,12,0.0,150,100.0
2026-07-13 11:24:03,12244,844,13,0.0,150,100.0
2026-07-13 11:24:04,12245,844,14,0.0,150,100.0
2026-07-13 11:24:05,12246,844,15,0.0,150,100.0
2026-07-13 11:24:06,12247,845,0,0.0,150,100.0
2026-07-13 11:24:07,12248,845,1,0.0,150,100.0
2026-07-13 11:24:08,12249,845,2,0.0,150,100.0
2026-07-13 11:24:09,12250,845,3,0.0,150,100.0
2026-07-13 11:24:10,12251,845,4,0.0,150,100.0
2026-07-13 11:24:11,12252,845,5,0.0,150,100.0
2026-07-13 11:24:12,12253,845,6,0.0,150,100.0
2026-07-13 11:24:13,12254,845,7,0.0,150,100.0
2026-07-13 11:24:14,12255,845,8,0.0,150,100.0
2026-07-13 11:24:15,12256,845,9,4.5,150,100.0
2026-07-13 11:24:16,12257,845,10,0.0,150,100.0
2026-07-13 11:24:17,12258,845,11,0.0,150,100.0
2026-07-13 11:24:18,12259,845,12,0.0,150,100.0
2026-07-13 11:24:19,12260,845,13,0.0,150,100.0
2026-07-13 11:24:20,12261,845,14,0.0,150,100.0
2026-07-13 11:24:21,12262,845,15,0.0,150,100.0
2026-07-13 11:24:22,12263,846,0,0.0,150,100.0
2026-07-13 11:24:23,12264,846,1,0.0,150,100.0
2026-07-13 11:24:24,12265,846,2,0.0,150,100.0
2026-07-13 11:24:25,12266,846,3,0.0,150,100.0
2026-07-13 11:24:26,12267,846,4,0.0,150,100.0
2026-07-13 11:24:27,12268,846,5,0.0,150,100.0
2026-07-13 11:24:28,12269,846,6,0.0,150,100.0
2026-07-13 11:24:29,12270,846,7,0.0,150,100.0
2026-07-13 11:24:30,12271,846,8,0.0,150,100.0
2026-07-13 11:24:31,12272,846,9,0.0,150,100.0
2026-07-13 11:24:32,12273,846,10,0.0,150,100.0
2026-07-13 11:24:33,12274,846,11,0.0,150,100.0
2026-07-13 11:24:34,12275,846,12,0.0,150,100.0
2026-07-13 11:24:35,12276,847,0,0.0,150,100.0
2026-07-13 11:24:36,12277,847,1,0.0,150,100.0
2026-07-13 11:24:37,12278,847,2,0.0,150,100.0
2026-07-13 11:24:38,12279,847,3,0.0,150,100.0
2026-07-13 11:24:39,12280,847,4,0.0,150,100.0
2026-07-13 11:24:40,12281,847,5,0.0,150,100.0
2026-07-13 11:24:41,12282,847,6,0.0,150,100.0
2026-07-13 11:24:42,12283,847,7,0.0,150,100.0
2026-07-13 11:24:43,12284,847,8,0.0,150,100.0
2026-07-13 11:24:44,12285,847,9,0.0,150,100.0
2026-07-13 11:24:45,12286,847,10,0.0,150,100.0
2026-07-13 11:24:46,12287,847,11,0.0,150,100.0
2026-07-13 11:24:47,12288,847,12,0.0,150,100.0
2026-07-13 11:24:48,12289,847,13,0.0,150,100.0
2026-07-13 11:24:49,12290,848,0,0.0,150,100.0
2026-07-13 11:24:50,12291,848,1,0.0,150,100.0
2026-07-13 11:24:51,12292,848,2,0.0,150,100.0
2026-07-13 11:24:52,12293,848,3,0.0,150,100.0
2026-07-13 11:24:53,12294,848,4,0.0,150,100.0
2026-07-13 11:24:54,12295,848,5,0.0,150,100.0
2026-07-13 11:24:55,12296,848,6,0.0,150,100.0
2026-07-13 11:24:56,12297,848,7,0.0,150,100.0
2026-07-13 11:24:57,12298,848,8,0.0,150,100.0
2026-07-13 11:24:58,12299,848,9,0.0,150,100.0
2026-07-13 11:24:59,12300,848,10,0.0,150,100.0
2026-07-13 11:25:00,12301,848,11,0.0,150,100.0
2026-07-13 11:25:01,12302,848,12,0.0,150,100.0
2026-07-13 11:25:02,12303,848,13,0.0,150,100.0
2026-07-13 11:25:03,12304,849,0,0.0,150,100.0
2026-07-13 11:25:04,12305,849,1,0.0,150,100.0
2026-07-13 11:25:05,12306,849,2,0.0,150,100.0
2026-07-13 11:25:06,12307,849,3,0.0,150,100.0
2026-07-13 11:25:07,12308,849,4,0.0,150,100.0
2026-07-13 11:25:08,12309,849,5,0.0,150,100.0
2026-07-13 11:25:09,12310,849,6,0.0,150,100.0
2026-07-13 11:25:10,12311,849,7,100.0,150,100.0
2026-07-13 11:25:11,12312,849,8,0.0,150,100.0
2026-07-13 11:25:12,12313,849,9,0.0,150,100.0
2026-07-13 11:25:13,12314,849,10,0.0,150,100.0
2026-07-13 11:25:14,12315,849,11,36.25,150,100.0
2026-07-13 11:25:15,12316,849,12,37.8,150,100.0
2026-07-13 11:25:16,12317,849,13,0.0,150,100.0
2026-07-13 11:25:17,12318,849,14,0.0,150,100.0
2026-07-13 11:25:18,12319,850,0,0.0,150,100.0
2026-07-13 11:25:19,12320,850,1,0.0,150,100.0
2026-07-13 11:25:20,12321,850,2,0.0,150,100.0
2026-07-13 11:25:21,12322,850,3,0.0,150,100.0
2026-07-13 11:25:22,12323,850,4,0.0,150,100.0
2026-07-13 11:25:23,12324,850,5,0.0,150,100.0
2026-07-13 11:25:24,12325,850,6,0.0,150,100.0
2026-07-13 11:25:25,12326,850,7,0.0,150,100.0
2026-07-13 11:25:26,12327,850,8,0.0,150,100.0
2026-07-13 11:25:27,12328,850,9,0.0,150,100.0
2026-07-13 11:25:28,12329,850,10,0.0,150,100.0
2026-07-13 11:25:29,12330,850,11,0.0,150,100.0
2026-07-13 11:25:30,12331,850,12,0.0,150,100.0
2026-07-13 11:25:31,12332,851,0,0.0,150,100.0
2026-07-13 11:25:32,12333,851,1,0.0,150,100.0
2026-07-13 11:25:33,12334,851,2,0.0,150,100.0
2026-07-13 11:25:34,12335,851,3,0.0,150,100.0
2026-07-13 11:25:35,12336,851,4,0.0,150,100.0
2026-07-13 11:25:36,12337,851,5,0.0,150,100.0
2026-07-13 11:25:37,12338,851,6,0.0,150,100.0
2026-07-13 11:25:38,12339,851,7,0.0,150,100.0
2026-07-13 11:25:39,12340,851,8,0.0,150,100.0
2026-07-13 11:25:40,12341,851,9,0.0,150,100.0
2026-07-13 11:25:41,12342,851,10,0.0,150,100.0
2026-07-13 11:25:42,12343,851,11,0.0,150,100.0
2026-07-13 11:25:43,12344,851,12,0.0,150,100.0
2026-07-13 11:25:44,12345,851,13,0.0,150,100.0
2026-07-13 11:25:45,12346,851,14,0.0,150,100.0
2026-07-13 11:25:46,12347,852,0,0.0,150,100.0
2026-07-13 11:25:47,12348,852,1,0.0,150,100.0
2026-07-13 11:25:48,12349,852,2,0.0,150,100.0
2026-07-13 11:25:49,12350,852,3,0.0,150,100.0
2026-07-13 11:25:50,12351,852,4,0.0,150,100.0
2026-07-13 11:25:51,12352,852,5,0.0,150,100.0
2026-07-13 11:25:52,12353,852,6,0.0,150,100.0
2026-07-13 11:25:53,12354,852,7,0.0,150,100.0
2026-07-13 11:25:54,12355,852,8,0.0,150,100.0
2026-07-13 11:25:55,12356,852,9,0.0,150,100.0
2026-07-13 11:25:56,12357,852,10,0.0,150,100.0
2026-07-13 11:25:57,12358,852,11,0.0,150,100.0
2026-07-13 11:25:58,12359,852,12,0.0,150,100.0
2026-07-13 11:25:59,12360,852,13,0.0,150,100.0
2026-07-13 11:26:00,12361,852,14,0.0,150,100.0
2026-07-13 11:26:01,12362,853,0,0.0,150,100.0
2026-07-13 11:26:02,12363,853,1,0.0,150,100.0
2026-07-13 11:26:03,12364,853,2,0.0,150,100.0
2026-07-13 11:26:04,12365,853,3,0.0,150,100.0
2026-07-13 11:26:05,12366,853,4,0.0,150,100.0
2026-07-13 11:26:06,12367,853,5,0.0,150,100.0
2026-07-13 11:26:07,12368,853,6,0.0,150,100.0
2026-07-13 11:26:08,12369,853,7,0.0,150,100.0
2026-07-13 11:26:09,12370,853,8,0.0,150,100.0
2026-07-13 11:26:10,12371,853,9,0.0,150,100.0
2026-07-13 11:26:11,12372,853,10,0.0,150,100.0
2026-07-13 11:26:12,12373,853,11,0.0,150,100.0
2026-07-13 11:26:13,12374,853,12,0.0,150,100.0
2026-07-13 11:26:14,12375,853,13,0.0,150,100.0
2026-07-13 11:26:15,12376,853,14,0.0,150,100.0
2026-07-13 11:26:16,12377,853,15,0.0,150,100.0
2026-07-13 11:26:17,12378,854,0,0.0,150,100.0
2026-07-13 11:26:18,12379,854,1,0.0,150,100.0
2026-07-13 11:26:19,12380,854,2,0.0,150,100.0
2026-07-13 11:26:20,12381,854,3,0.0,150,100.0
2026-07-13 11:26:21,12382,854,4,0.0,150,100.0
2026-07-13 11:26:22,12383,854,5,0.0,150,100.0
2026-07-13 11:26:23,12384,854,6,0.0,150,100.0
2026-07-13 11:26:24,12385,854,7,0.0,150,100.0
2026-07-13 11:26:25,12386,854,8,0.0,150,100.0
2026-07-13 11:26:26,12387,854,9,0.0,150,100.0
2026-07-13 11:26:27,12388,854,10,0.0,150,100.0
2026-07-13 11:26:28,12389,854,11,0.0,150,100.0
2026-07-13 11:26:29,12390,854,12,0.0,150,100.0
2026-07-13 11:26:30,12391,854,13,0.0,150,100.0
2026-07-13 11:26:31,12392,854,14,0.0,150,100.0
2026-07-13 11:26:32,12393,855,0,0.0,150,100.0
2026-07-13 11:26:33,12394,855,1,0.0,150,100.0
2026-07-13 11:26:34,12395,855,2,0.0,150,100.0
2026-07-13 11:26:35,12396,855,3,0.0,150,100.0
2026-07-13 11:26:36,12397,855,4,0.0,150,100.0
2026-07-13 11:26:37,12398,855,5,0.0,150,100.0
2026-07-13 11:26:38,12399,855,6,0.0,150,100.0
2026-07-13 11:26:39,12400,855,7,0.0,150,100.0
2026-07-13 11:26:40,12401,855,8,0.0,150,100.0
2026-07-13 11:26:41,12402,855,9,0.0,150,100.0
2026-07-13 11:26:42,12403,855,10,0.0,150,100.0
2026-07-13 11:26:43,12404,855,11,0.0,150,100.0
2026-07-13 11:26:44,12405,855,12,0.0,150,100.0
2026-07-13 11:26:45,12406,856,0,0.0,150,100.0
2026-07-13 11:26:46,12407,856,1,0.0,150,100.0
2026-07-13 11:26:47,12408,856,2,0.0,150,100.0
2026-07-13 11:26:48,12409,856,3,0.0,150,100.0
2026-07-13 11:26:49,12410,856,4,0.0,150,100.0
2026-07-13 11:26:50,12411,856,5,0.0,150,100.0
2026-07-13 11:26:51,12412,856,6,0.0,150,100.0
2026-07-13 11:26:52,12413,856,7,0.0,150,100.0
2026-07-13 11:26:53,12414,856,8,0.0,150,100.0
2026-07-13 11:26:54,12415,856,9,0.0,150,100.0
2026-07-13 11:26:55,12416,856,10,0.0,150,100.0
2026-07-13 11:26:56,12417,856,11,0.0,150,100.0
2026-07-13 11:26:57,12418,856,12,0.0,150,100.0
2026-07-13 11:26:58,12419,856,13,0.0,150,100.0
2026-07-13 11:26:59,12420,856,14,0.0,150,100.0
2026-07-13 11:27:00,12421,856,15,0.0,150,100.0
2026-07-13 11:27:01,12422,857,0,0.0,150,100.0
2026-07-13 11:27:02,12423,857,1,0.0,150,100.0
2026-07-13 11:27:03,12424,857,2,0.0,150,100.0
2026-07-13 11:27:04,12425,857,3,0.0,150,100.0
2026-07-13 11:27:05,12426,857,4,0.0,150,100.0
2026-07-13 11:27:06,12427,857,5,0.0,150,100.0
2026-07-13 11:27:07,12428,857,6,0.0,150,100.0
2026-07-13 11:27:08,12429,857,7,0.0,150,100.0
2026-07-13 11:27:09,12430,857,8,0.0,150,100.0
2026-07-13 11:27:10,12431,857,9,0.0,150,100.0
2026-07-13 11:27:11,12432,857,10,0.0,150,100.0
2026-07-13 11:27:12,12433,857,11,0.0,150,100.0
2026-07-13 11:27:13,12434,857,12,0.0,150,100.0
2026-07-13 11:27:14,12435,857,13,0.0,150,100.0
2026-07-13 11:27:15,12436,858,0,0.0,150,100.0
2026-07-13 11:27:16,12437,858,1,0.0,150,100.0
2026-07-13 11:27:17,12438,858,2,0.0,150,100.0
2026-07-13 11:27:18,12439,858,3,0.0,150,100.0
2026-07-13 11:27:19,12440,858,4,0.0,150,100.0
2026-07-13 11:27:20,12441,858,5,0.0,150,100.0
2026-07-13 11:27:21,12442,858,6,0.0,150,100.0
2026-07-13 11:27:22,12443,858,7,0.0,150,100.0
2026-07-13 11:27:23,12444,858,8,0.0,150,100.0
2026-07-13 11:27:24,12445,858,9,0.0,150,100.0
2026-07-13 11:27:25,12446,858,10,0.0,150,100.0
2026-07-13 11:27:26,12447,858,11,0.0,150,100.0
2026-07-13 11:27:27,12448,858,12,0.0,150,100.0
2026-07-13 11:27:28,12449,858,13,0.0,150,100.0
2026-07-13 11:27:29,12450,858,14,0.0,150,100.0
2026-07-13 11:27:30,12451,859,0,0.0,150,100.0
2026-07-13 11:27:31,12452,859,1,0.0,150,100.0
2026-07-13 11:27:32,12453,859,2,0.0,150,100.0
2026-07-13 11:27:33,12454,859,3,0.0,150,100.0
2026-07-13 11:27:34,12455,859,4,0.0,150,100.0
2026-07-13 11:27:35,12456,859,5,0.0,150,100.0
2026-07-13 11:27:36,12457,859,6,0.0,150,100.0
2026-07-13 11:27:37,12458,859,7,0.0,150,100.0
2026-07-13 11:27:38,12459,859,8,0.0,150,100.0
2026-07-13 11:27:39,12460,859,9,0.0,150,100.0
2026-07-13 11:27:40,12461,859,10,0.0,150,100.0
2026-07-13 11:27:41,12462,859,11,0.0,150,100.0
2026-07-13 11:27:42,12463,859,12,0.0,150,100.0
2026-07-13 11:27:43,12464,859,13,0.0,150,100.0
2026-07-13 11:27:44,12465,859,14,0.0,150,100.0
2026-07-13 11:27:45,12466,860,0,0.0,150,100.0
2026-07-13 11:27:46,12467,860,1,0.0,150,100.0
2026-07-13 11:27:47,12468,860,2,0.0,150,100.0
2026-07-13 11:27:48,12469,860,3,0.0,150,100.0
2026-07-13 11:27:49,12470,860,4,0.0,150,100.0
2026-07-13 11:27:50,12471,860,5,0.0,150,100.0
2026-07-13 11:27:51,12472,860,6,0.0,150,100.0
2026-07-13 11:27:52,12473,860,7,0.0,150,100.0
2026-07-13 11:27:53,12474,860,8,0.0,150,100.0
2026-07-13 11:27:54,12475,860,9,0.0,150,100.0
2026-07-13 11:27:55,12476,860,10,0.0,150,100.0
2026-07-13 11:27:56,12477,860,11,0.0,150,100.0
2026-07-13 11:27:57,12478,860,12,0.0,150,100.0
2026-07-13 11:27:58,12479,860,13,0.0,150,100.0
2026-07-13 11:27:59,12480,861,0,0.0,150,100.0
2026-07-13 11:28:00,12481,861,1,0.0,150,100.0
2026-07-13 11:28:01,12482,861,2,0.0,150,100.0
2026-07-13 11:28:02,12483,861,3,0.0,150,100.0
2026-07-13 11:28:03,12484,861,4,0.0,150,100.0
2026-07-13 11:28:04,12485,861,5,0.0,150,100.0
2026-07-13 11:28:05,12486,861,6,0.0,150,100.0
2026-07-13 11:28:06,12487,861,7,0.0,150,100.0
2026-07-13 11:28:07,12488,861,8,0.0,150,100.0
2026-07-13 11:28:08,12489,861,9,0.0,150,100.0
2026-07-13 11:28:09,12490,861,10,0.0,150,100.0
2026-07-13 11:28:10,12491,861,11,0.0,150,100.0
2026-07-13 11:28:11,12492,861,12,0.0,150,100.0
2026-07-13 11:28:12,12493,861,13,0.0,150,100.0
2026-07-13 11:28:13,12494,861,14,0.0,150,100.0
2026-07-13 11:28:14,12495,862,0,0.0,150,100.0
2026-07-13 11:28:15,12496,862,1,0.0,150,100.0
2026-07-13 11:28:16,12497,862,2,0.0,150,100.0
2026-07-13 11:28:17,12498,862,3,0.0,150,100.0
2026-07-13 11:28:18,12499,862,4,0.0,150,100.0
2026-07-13 11:28:19,12500,862,5,0.0,150,100.0
2026-07-13 11:28:20,12501,862,6,0.0,150,100.0
2026-07-13 11:28:21,12502,862,7,0.0,150,100.0
2026-07-13 11:28:22,12503,862,8,0.0,150,100.0
2026-07-13 11:28:23,12504,862,9,0.0,150,100.0
2026-07-13 11:28:24,12505,862,10,0.0,150,100.0
2026-07-13 11:28:25,12506,862,11,0.0,150,100.0
2026-07-13 11:28:26,12507,862,12,0.0,150,100.0
2026-07-13 11:28:27,12508,863,0,0.0,150,100.0
2026-07-13 11:28:28,12509,863,1,0.0,150,100.0
2026-07-13 11:28:29,12510,863,2,0.0,150,100.0
2026-07-13 11:28:30,12511,863,3,0.0,150,100.0
2026-07-13 11:28:31,12512,863,4,0.0,150,100.0
2026-07-13 11:28:32,12513,863,5,0.0,150,100.0
2026-07-13 11:28:33,12514,863,6,0.0,150,100.0
2026-07-13 11:28:34,12515,863,7,0.0,150,100.0
2026-07-13 11:28:35,12516,863,8,0.0,150,100.0
2026-07-13 11:28:36,12517,863,9,0.0,150,100.0
2026-07-13 11:28:37,12518,863,10,0.0,150,100.0
2026-07-13 11:28:38,12519,863,11,0.0,150,100.0
2026-07-13 11:28:39,12520,863,12,0.0,150,100.0
2026-07-13 11:28:40,12521,863,13,0.0,150,100.0
2026-07-13 11:28:41,12522,863,14,0.0,150,100.0
2026-07-13 11:28:42,12523,864,0,0.0,150,100.0
2026-07-13 11:28:43,12524,864,1,0.0,150,100.0
2026-07-13 11:28:44,12525,864,2,0.0,150,100.0
2026-07-13 11:28:45,12526,864,3,0.0,150,100.0
2026-07-13 11:28:46,12527,864,4,0.0,150,100.0
2026-07-13 11:28:47,12528,864,5,0.0,150,100.0
2026-07-13 11:28:48,12529,864,6,0.0,150,100.0
2026-07-13 11:28:49,12530,864,7,0.0,150,100.0
2026-07-13 11:28:50,12531,864,8,0.0,150,100.0
2026-07-13 11:28:51,12532,864,9,0.0,150,100.0
2026-07-13 11:28:52,12533,864,10,0.0,150,100.0
2026-07-13 11:28:53,12534,864,11,0.0,150,100.0
2026-07-13 11:28:54,12535,864,12,0.0,150,100.0
2026-07-13 11:28:55,12536,865,0,0.0,150,100.0
2026-07-13 11:28:56,12537,865,1,0.0,150,100.0
2026-07-13 11:28:57,12538,865,2,0.0,150,100.0
2026-07-13 11:28:58,12539,865,3,0.0,150,100.0
2026-07-13 11:28:59,12540,865,4,0.0,150,100.0
2026-07-13 11:29:00,12541,865,5,0.0,150,100.0
2026-07-13 11:29:01,12542,865,6,0.0,150,100.0
2026-07-13 11:29:02,12543,865,7,0.0,150,100.0
2026-07-13 11:29:03,12544,865,8,0.0,150,100.0
2026-07-13 11:29:04,12545,865,9,0.0,150,100.0
2026-07-13 11:29:05,12546,865,10,0.0,150,100.0
2026-07-13 11:29:06,12547,865,11,0.0,150,100.0
2026-07-13 11:29:07,12548,865,12,0.0,150,100.0
2026-07-13 11:29:08,12549,865,13,0.0,150,100.0
2026-07-13 11:29:09,12550,865,14,0.0,150,100.0
2026-07-13 11:29:10,12551,866,0,0.0,150,100.0
2026-07-13 11:29:11,12552,866,1,0.0,150,100.0
2026-07-13 11:29:12,12553,866,2,0.0,150,100.0
2026-07-13 11:29:13,12554,866,3,0.0,150,100.0
2026-07-13 11:29:14,12555,866,4,0.0,150,100.0
2026-07-13 11:29:15,12556,866,5,0.0,150,100.0
2026-07-13 11:29:16,12557,866,6,0.0,150,100.0
2026-07-13 11:29:17,12558,866,7,0.0,150,100.0
2026-07-13 11:29:18,12559,866,8,0.0,150,100.0
2026-07-13 11:29:19,12560,866,9,0.0,150,100.0
2026-07-13 11:29:20,12561,866,10,0.0,150,100.0
2026-07-13 11:29:21,12562,866,11,0.0,150,100.0
2026-07-13 11:29:22,12563,867,0,0.0,150,100.0
2026-07-13 11:29:23,12564,867,1,0.0,150,100.0
2026-07-13 11:29:24,12565,867,2,0.0,150,100.0
2026-07-13 11:29:25,12566,867,3,0.0,150,100.0
2026-07-13 11:29:26,12567,867,4,0.0,150,100.0
2026-07-13 11:29:27,12568,867,5,0.0,150,100.0
2026-07-13 11:29:28,12569,867,6,0.0,150,100.0
2026-07-13 11:29:29,12570,867,7,0.0,150,100.0
2026-07-13 11:29:30,12571,867,8,0.0,150,100.0
2026-07-13 11:29:31,12572,867,9,0.0,150,100.0
2026-07-13 11:29:32,12573,867,10,0.0,150,100.0
2026-07-13 11:29:33,12574,867,11,0.0,150,100.0
2026-07-13 11:29:34,12575,867,12,0.0,150,100.0
2026-07-13 11:29:35,12576,867,13,0.0,150,100.0
2026-07-13 11:29:36,12577,867,14,0.0,150,100.0
2026-07-13 11:29:37,12578,868,0,0.0,150,100.0
2026-07-13 11:29:38,12579,868,1,0.0,150,100.0
2026-07-13 11:29:39,12580,868,2,0.0,150,100.0
2026-07-13 11:29:40,12581,868,3,0.0,150,100.0
2026-07-13 11:29:41,12582,868,4,0.0,150,100.0
2026-07-13 11:29:42,12583,868,5,0.0,150,100.0
2026-07-13 11:29:43,12584,868,6,0.0,150,100.0
2026-07-13 11:29:44,12585,868,7,0.0,150,100.0
2026-07-13 11:29:45,12586,868,8,0.0,150,100.0
2026-07-13 11:29:46,12587,868,9,0.0,150,100.0
2026-07-13 11:29:47,12588,868,10,0.0,150,100.0
2026-07-13 11:29:48,12589,868,11,0.0,150,100.0
2026-07-13 11:29:49,12590,869,0,0.0,150,100.0
2026-07-13 11:29:50,12591,869,1,0.0,150,100.0
2026-07-13 11:29:51,12592,869,2,0.0,150,100.0
2026-07-13 11:29:52,12593,869,3,0.0,150,100.0
2026-07-13 11:29:53,12594,869,4,0.0,150,100.0
2026-07-13 11:29:54,12595,869,5,0.0,150,100.0
2026-07-13 11:29:55,12596,869,6,0.0,150,100.0
2026-07-13 11:29:56,12597,869,7,0.0,150,100.0
2026-07-13 11:29:57,12598,869,8,0.0,150,100.0
2026-07-13 11:29:58,12599,869,9,0.0,150,100.0
2026-07-13 11:29:59,12600,869,10,0.0,150,100.0
2026-07-13 11:30:00,12601,869,11,0.0,150,100.0
2026-07-13 11:30:01,12602,869,12,0.0,150,100.0
2026-07-13 11:30:02,12603,869,13,0.0,150,100.0
2026-07-13 11:30:03,12604,869,14,0.0,150,100.0
2026-07-13 11:30:04,12605,870,0,27.09,150,100.0
2026-07-13 11:30:05,12606,870,1,0.0,150,100.0
2026-07-13 11:30:06,12607,870,2,0.0,150,100.0
2026-07-13 11:30:07,12608,870,3,0.0,150,100.0
2026-07-13 11:30:08,12609,870,4,0.0,150,100.0
2026-07-13 11:30:09,12610,870,5,0.0,150,100.0
2026-07-13 11:30:10,12611,870,6,0.0,150,100.0
2026-07-13 11:30:11,12612,870,7,0.0,150,100.0
2026-07-13 11:30:12,12613,870,8,0.0,150,100.0
2026-07-13 11:30:13,12614,870,9,0.0,150,100.0
2026-07-13 11:30:14,12615,870,10,0.0,150,100.0
2026-07-13 11:30:15,12616,870,11,7.28,150,100.0
2026-07-13 11:30:16,12617,870,12,33.84,150,100.0
2026-07-13 11:30:17,12618,870,13,71.51,150,100.0
2026-07-13 11:30:18,12619,870,14,100.0,150,100.0
2026-07-13 11:30:19,12620,870,15,100.0,150,100.0
2026-07-13 11:30:20,12621,871,0,69.46,150,100.0
2026-07-13 11:30:21,12622,871,1,0.0,150,100.0
2026-07-13 11:30:22,12623,871,2,0.0,150,100.0
2026-07-13 11:30:23,12624,871,3,0.0,150,100.0
2026-07-13 11:30:24,12625,871,4,0.0,150,100.0
2026-07-13 11:30:25,12626,871,5,0.0,150,100.0
2026-07-13 11:30:26,12627,871,6,0.0,150,100.0
2026-07-13 11:30:27,12628,871,7,0.0,150,100.0
2026-07-13 11:30:28,12629,871,8,0.0,150,100.0
2026-07-13 11:30:29,12630,871,9,0.0,150,100.0
2026-07-13 11:30:30,12631,871,10,0.0,150,100.0
2026-07-13 11:30:31,12632,871,11,0.0,150,100.0
2026-07-13 11:30:32,12633,871,12,0.0,150,100.0
2026-07-13 11:30:33,12634,871,13,0.0,150,100.0
2026-07-13 11:30:34,12635,871,14,0.0,150,100.0
2026-07-13 11:30:35,12636,872,0,0.0,150,100.0
2026-07-13 11:30:36,12637,872,1,0.0,150,100.0
2026-07-13 11:30:37,12638,872,2,0.0,150,100.0
2026-07-13 11:30:38,12639,872,3,0.0,150,100.0
2026-07-13 11:30:39,12640,872,4,7.35,150,100.0
2026-07-13 11:30:40,12641,872,5,45.5,150,100.0
2026-07-13 11:30:41,12642,872,6,0.0,150,100.0
2026-07-13 11:30:42,12643,872,7,0.0,150,100.0
2026-07-13 11:30:43,12644,872,8,0.0,150,100.0
2026-07-13 11:30:44,12645,872,9,0.0,150,100.0
2026-07-13 11:30:45,12646,872,10,0.0,150,100.0
2026-07-13 11:30:46,12647,872,11,25.96,150,100.0
2026-07-13 11:30:47,12648,872,12,100.0,150,100.0
2026-07-13 11:30:48,12649,872,13,57.73,150,100.0
2026-07-13 11:30:49,12650,872,14,0.0,150,100.0
2026-07-13 11:30:50,12651,873,0,0.0,150,100.0
2026-07-13 11:30:51,12652,873,1,5.23,150,100.0
2026-07-13 11:30:52,12653,873,2,0.0,150,100.0
2026-07-13 11:30:53,12654,873,3,8.34,150,100.0
2026-07-13 11:30:54,12655,873,4,0.0,150,100.0
2026-07-13 11:30:55,12656,873,5,0.0,150,100.0
2026-07-13 11:30:56,12657,873,6,0.0,150,100.0
2026-07-13 11:30:57,12658,873,7,0.0,150,100.0
2026-07-13 11:30:58,12659,873,8,0.0,150,100.0
2026-07-13 11:30:59,12660,873,9,0.0,150,100.0
2026-07-13 11:31:00,12661,873,10,0.0,150,100.0
2026-07-13 11:31:01,12662,873,11,53.17,150,100.0
2026-07-13 11:31:02,12663,873,12,90.66,150,100.0
2026-07-13 11:31:03,12664,874,0,0.0,150,100.0
2026-07-13 11:31:04,12665,874,1,0.0,150,100.0
2026-07-13 11:31:05,12666,874,2,0.0,150,100.0
2026-07-13 11:31:06,12667,874,3,52.1,150,100.0
2026-07-13 11:31:07,12668,874,4,60.07,150,100.0
2026-07-13 11:31:08,12669,874,5,77.72,150,100.0
2026-07-13 11:31:09,12670,874,6,0.0,150,100.0
2026-07-13 11:31:10,12671,874,7,0.0,150,100.0
2026-07-13 11:31:11,12672,874,8,0.0,150,100.0
2026-07-13 11:31:12,12673,874,9,0.0,150,100.0
2026-07-13 11:31:13,12674,874,10,0.0,150,100.0
2026-07-13 11:31:14,12675,874,11,0.0,150,100.0
2026-07-13 11:31:15,12676,874,12,0.0,150,100.0
2026-07-13 11:31:16,12677,875,0,0.0,150,100.0
2026-07-13 11:31:17,12678,875,1,0.0,150,100.0
2026-07-13 11:31:18,12679,875,2,0.0,150,100.0
2026-07-13 11:31:19,12680,875,3,0.0,150,100.0
2026-07-13 11:31:20,12681,875,4,0.0,150,100.0
2026-07-13 11:31:21,12682,875,5,0.0,150,100.0
2026-07-13 11:31:22,12683,875,6,0.0,150,100.0
2026-07-13 11:31:23,12684,875,7,0.0,150,100.0
2026-07-13 11:31:24,12685,875,8,0.0,150,100.0
2026-07-13 11:31:25,12686,875,9,0.0,150,100.0
2026-07-13 11:31:26,12687,875,10,0.0,150,100.0
2026-07-13 11:31:27,12688,875,11,0.0,150,100.0
2026-07-13 11:31:28,12689,875,12,0.0,150,100.0
2026-07-13 11:31:29,12690,875,13,59.23,150,100.0
2026-07-13 11:31:30,12691,876,0,97.66,150,100.0
2026-07-13 11:31:31,12692,876,1,0.0,150,100.0
2026-07-13 11:31:32,12693,876,2,0.0,150,100.0
2026-07-13 11:31:33,12694,876,3,0.0,150,100.0
2026-07-13 11:31:34,12695,876,4,37.01,150,100.0
2026-07-13 11:31:35,12696,876,5,23.27,150,100.0
2026-07-13 11:31:36,12697,876,6,28.55,150,100.0
2026-07-13 11:31:37,12698,876,7,0.0,150,100.0
2026-07-13 11:31:38,12699,876,8,0.0,150,100.0
2026-07-13 11:31:39,12700,876,9,0.0,150,100.0
2026-07-13 11:31:40,12701,876,10,0.0,150,100.0
2026-07-13 11:31:41,12702,876,11,0.0,150,100.0
2026-07-13 11:31:42,12703,876,12,0.0,150,100.0
2026-07-13 11:31:43,12704,876,13,0.0,150,100.0
2026-07-13 11:31:44,12705,876,14,0.0,150,100.0
2026-07-13 11:31:45,12706,876,15,0.0,150,100.0
2026-07-13 11:31:46,12707,877,0,0.0,150,100.0
2026-07-13 11:31:47,12708,877,1,0.0,150,100.0
2026-07-13 11:31:48,12709,877,2,0.0,150,100.0
2026-07-13 11:31:49,12710,877,3,0.0,150,100.0
2026-07-13 11:31:50,12711,877,4,0.0,150,100.0
2026-07-13 11:31:51,12712,877,5,0.0,150,100.0
2026-07-13 11:31:52,12713,877,6,0.0,150,100.0
2026-07-13 11:31:53,12714,877,7,0.0,150,100.0
2026-07-13 11:31:54,12715,877,8,0.0,150,100.0
2026-07-13 11:31:55,12716,877,9,0.0,150,100.0
2026-07-13 11:31:56,12717,877,10,0.0,150,100.0
2026-07-13 11:31:57,12718,877,11,55.18,150,100.0
2026-07-13 11:31:58,12719,877,12,0.0,150,100.0
2026-07-13 11:31:59,12720,877,13,0.0,150,100.0
2026-07-13 11:32:00,12721,877,14,0.0,150,100.0
2026-07-13 11:32:01,12722,877,15,91.08,150,100.0
2026-07-13 11:32:02,12723,877,16,34.34,150,100.0
2026-07-13 11:32:03,12724,878,0,0.0,150,100.0
2026-07-13 11:32:04,12725,878,1,0.0,150,100.0
2026-07-13 11:32:05,12726,878,2,0.0,150,100.0
2026-07-13 11:32:06,12727,878,3,0.0,150,100.0
2026-07-13 11:32:07,12728,878,4,0.0,150,100.0
2026-07-13 11:32:08,12729,878,5,0.0,150,100.0
2026-07-13 11:32:09,12730,878,6,0.0,150,100.0
2026-07-13 11:32:10,12731,878,7,0.0,150,100.0
2026-07-13 11:32:11,12732,878,8,0.0,150,100.0
2026-07-13 11:32:12,12733,878,9,0.0,150,100.0
2026-07-13 11:32:13,12734,878,10,0.0,150,100.0
2026-07-13 11:32:14,12735,878,11,0.0,150,100.0
2026-07-13 11:32:15,12736,878,12,0.0,150,100.0
2026-07-13 11:32:16,12737,878,13,0.0,150,100.0
2026-07-13 11:32:17,12738,878,14,0.0,150,100.0
2026-07-13 11:32:18,12739,878,15,0.0,150,100.0
2026-07-13 11:32:19,12740,879,0,0.0,150,100.0
2026-07-13 11:32:20,12741,879,1,0.0,150,100.0
2026-07-13 11:32:21,12742,879,2,0.0,150,100.0
2026-07-13 11:32:22,12743,879,3,0.0,150,100.0
2026-07-13 11:32:23,12744,879,4,0.0,150,100.0
2026-07-13 11:32:24,12745,879,5,0.0,150,100.0
2026-07-13 11:32:25,12746,879,6,0.0,150,100.0
2026-07-13 11:32:26,12747,879,7,0.0,150,100.0
2026-07-13 11:32:27,12748,879,8,0.0,150,100.0
2026-07-13 11:32:28,12749,879,9,0.0,150,100.0
2026-07-13 11:32:29,12750,879,10,0.0,150,100.0
2026-07-13 11:32:30,12751,879,11,0.0,150,100.0
2026-07-13 11:32:31,12752,879,12,0.0,150,100.0
2026-07-13 11:32:32,12753,879,13,0.0,150,100.0
2026-07-13 11:32:33,12754,879,14,19.26,150,100.0
2026-07-13 11:32:34,12755,880,0,0.0,150,100.0
2026-07-13 11:32:35,12756,880,1,0.0,150,100.0
2026-07-13 11:32:36,12757,880,2,0.0,150,100.0
2026-07-13 11:32:37,12758,880,3,0.0,150,100.0
2026-07-13 11:32:38,12759,880,4,0.0,150,100.0
2026-07-13 11:32:39,12760,880,5,0.0,150,100.0
2026-07-13 11:32:40,12761,880,6,0.0,150,100.0
2026-07-13 11:32:41,12762,880,7,0.0,150,100.0
2026-07-13 11:32:42,12763,880,8,0.0,150,100.0
2026-07-13 11:32:43,12764,880,9,0.0,150,100.0
2026-07-13 11:32:44,12765,880,10,0.0,150,100.0
2026-07-13 11:32:45,12766,880,11,0.0,150,100.0
2026-07-13 11:32:46,12767,881,0,0.0,150,100.0
2026-07-13 11:32:47,12768,881,1,0.0,150,100.0
2026-07-13 11:32:48,12769,881,2,0.0,150,100.0
2026-07-13 11:32:49,12770,881,3,0.0,150,100.0
2026-07-13 11:32:50,12771,881,4,0.0,150,100.0
2026-07-13 11:32:51,12772,881,5,0.0,150,100.0
2026-07-13 11:32:52,12773,881,6,0.0,150,100.0
2026-07-13 11:32:53,12774,881,7,0.0,150,100.0
2026-07-13 11:32:54,12775,881,8,0.0,150,100.0
2026-07-13 11:32:55,12776,881,9,0.0,150,100.0
2026-07-13 11:32:56,12777,881,10,0.0,150,100.0
2026-07-13 11:32:57,12778,881,11,0.0,150,100.0
2026-07-13 11:32:58,12779,881,12,0.0,150,100.0
2026-07-13 11:32:59,12780,881,13,0.0,150,100.0
2026-07-13 11:33:00,12781,882,0,0.0,150,100.0
2026-07-13 11:33:01,12782,882,1,0.0,150,100.0
2026-07-13 11:33:02,12783,882,2,0.0,150,100.0
2026-07-13 11:33:03,12784,882,3,0.0,150,100.0
2026-07-13 11:33:04,12785,882,4,0.0,150,100.0
2026-07-13 11:33:05,12786,882,5,0.0,150,100.0
2026-07-13 11:33:06,12787,882,6,0.0,150,100.0
2026-07-13 11:33:07,12788,882,7,0.0,150,100.0
2026-07-13 11:33:08,12789,882,8,0.0,150,100.0
2026-07-13 11:33:09,12790,882,9,0.0,150,100.0
2026-07-13 11:33:10,12791,882,10,0.0,150,100.0
2026-07-13 11:33:11,12792,882,11,0.0,150,100.0
2026-07-13 11:33:12,12793,882,12,0.0,150,100.0
2026-07-13 11:33:13,12794,882,13,0.0,150,100.0
2026-07-13 11:33:14,12795,883,0,0.0,150,100.0
2026-07-13 11:33:15,12796,883,1,0.0,150,100.0
2026-07-13 11:33:16,12797,883,2,0.0,150,100.0
2026-07-13 11:33:17,12798,883,3,0.0,150,100.0
2026-07-13 11:33:18,12799,883,4,0.0,150,100.0
2026-07-13 11:33:19,12800,883,5,0.0,150,100.0
2026-07-13 11:33:20,12801,883,6,0.0,150,100.0
2026-07-13 11:33:21,12802,883,7,0.0,150,100.0
2026-07-13 11:33:22,12803,883,8,0.0,150,100.0
2026-07-13 11:33:23,12804,883,9,0.0,150,100.0
2026-07-13 11:33:24,12805,883,10,0.0,150,100.0
2026-07-13 11:33:25,12806,883,11,0.0,150,100.0
2026-07-13 11:33:26,12807,884,0,0.0,150,100.0
2026-07-13 11:33:27,12808,884,1,0.0,150,100.0
2026-07-13 11:33:28,12809,884,2,0.0,150,100.0
2026-07-13 11:33:29,12810,884,3,0.0,150,100.0
2026-07-13 11:33:30,12811,884,4,0.0,150,100.0
2026-07-13 11:33:31,12812,884,5,0.0,150,100.0
2026-07-13 11:33:32,12813,884,6,0.0,150,100.0
2026-07-13 11:33:33,12814,884,7,0.0,150,100.0
2026-07-13 11:33:34,12815,884,8,0.0,150,100.0
2026-07-13 11:33:35,12816,884,9,0.0,150,100.0
2026-07-13 11:33:36,12817,884,10,0.0,150,100.0
2026-07-13 11:33:37,12818,884,11,0.0,150,100.0
2026-07-13 11:33:38,12819,884,12,0.0,150,100.0
2026-07-13 11:33:39,12820,884,13,0.0,150,100.0
2026-07-13 11:33:40,12821,884,14,0.0,150,100.0
2026-07-13 11:33:41,12822,884,15,0.0,150,100.0
2026-07-13 11:33:42,12823,884,16,0.0,150,100.0
2026-07-13 11:33:43,12824,885,0,0.0,150,100.0
2026-07-13 11:33:44,12825,885,1,0.0,150,100.0
2026-07-13 11:33:45,12826,885,2,0.0,150,100.0
2026-07-13 11:33:46,12827,885,3,0.0,150,100.0
2026-07-13 11:33:47,12828,885,4,0.0,150,100.0
2026-07-13 11:33:48,12829,885,5,0.0,150,100.0
2026-07-13 11:33:49,12830,885,6,0.0,150,100.0
2026-07-13 11:33:50,12831,885,7,0.0,150,100.0
2026-07-13 11:33:51,12832,885,8,0.0,150,100.0
2026-07-13 11:33:52,12833,885,9,0.0,150,100.0
2026-07-13 11:33:53,12834,885,10,0.0,150,100.0
2026-07-13 11:33:54,12835,885,11,0.0,150,100.0
2026-07-13 11:33:55,12836,885,12,0.0,150,100.0
2026-07-13 11:33:56,12837,885,13,0.0,150,100.0
2026-07-13 11:33:57,12838,886,0,0.0,150,100.0
2026-07-13 11:33:58,12839,886,1,0.0,150,100.0
2026-07-13 11:33:59,12840,886,2,0.0,150,100.0
2026-07-13 11:34:00,12841,886,3,0.0,150,100.0
2026-07-13 11:34:01,12842,886,4,0.0,150,100.0
2026-07-13 11:34:02,12843,886,5,0.0,150,100.0
2026-07-13 11:34:03,12844,886,6,0.0,150,100.0
2026-07-13 11:34:04,12845,886,7,0.0,150,100.0
2026-07-13 11:34:05,12846,886,8,0.0,150,100.0
2026-07-13 11:34:06,12847,886,9,0.0,150,100.0
2026-07-13 11:34:07,12848,886,10,0.0,150,100.0
2026-07-13 11:34:08,12849,886,11,0.0,150,100.0
2026-07-13 11:34:09,12850,886,12,0.0,150,100.0
2026-07-13 11:34:10,12851,886,13,0.0,150,100.0
2026-07-13 11:34:11,12852,887,0,0.0,150,100.0
2026-07-13 11:34:12,12853,887,1,0.0,150,100.0
2026-07-13 11:34:13,12854,887,2,0.0,150,100.0
2026-07-13 11:34:14,12855,887,3,0.0,150,100.0
2026-07-13 11:34:15,12856,887,4,0.0,150,100.0
2026-07-13 11:34:16,12857,887,5,0.0,150,100.0
2026-07-13 11:34:17,12858,887,6,0.0,150,100.0
2026-07-13 11:34:18,12859,887,7,0.0,150,100.0
2026-07-13 11:34:19,12860,887,8,0.0,150,100.0
2026-07-13 11:34:20,12861,887,9,0.0,150,100.0
2026-07-13 11:34:21,12862,887,10,0.0,150,100.0
2026-07-13 11:34:22,12863,887,11,0.0,150,100.0
2026-07-13 11:34:23,12864,887,12,0.0,150,100.0
2026-07-13 11:34:24,12865,887,13,0.0,150,100.0
2026-07-13 11:34:25,12866,887,14,0.0,150,100.0
2026-07-13 11:34:26,12867,888,0,0.0,150,100.0
2026-07-13 11:34:27,12868,888,1,0.0,150,100.0
2026-07-13 11:34:28,12869,888,2,0.0,150,100.0
2026-07-13 11:34:29,12870,888,3,0.0,150,100.0
2026-07-13 11:34:30,12871,888,4,0.0,150,100.0
2026-07-13 11:34:31,12872,888,5,0.0,150,100.0
2026-07-13 11:34:32,12873,888,6,0.0,150,100.0
2026-07-13 11:34:33,12874,888,7,0.0,150,100.0
2026-07-13 11:34:34,12875,888,8,0.0,150,100.0
2026-07-13 11:34:35,12876,888,9,0.0,150,100.0
2026-07-13 11:34:36,12877,888,10,0.0,150,100.0
2026-07-13 11:34:37,12878,888,11,0.0,150,100.0
2026-07-13 11:34:38,12879,888,12,0.0,150,100.0
2026-07-13 11:34:39,12880,888,13,0.0,150,100.0
2026-07-13 11:34:40,12881,889,0,0.0,150,100.0
2026-07-13 11:34:41,12882,889,1,8.5,150,100.0
2026-07-13 11:34:42,12883,889,2,6.6,150,100.0
2026-07-13 11:34:43,12884,889,3,0.0,150,100.0
2026-07-13 11:34:44,12885,889,4,0.0,150,100.0
2026-07-13 11:34:45,12886,889,5,0.0,150,100.0
2026-07-13 11:34:46,12887,889,6,0.0,150,100.0
2026-07-13 11:34:47,12888,889,7,0.0,150,100.0
2026-07-13 11:34:48,12889,889,8,0.0,150,100.0
2026-07-13 11:34:49,12890,889,9,0.0,150,100.0
2026-07-13 11:34:50,12891,889,10,0.0,150,100.0
2026-07-13 11:34:51,12892,889,11,0.0,150,100.0
2026-07-13 11:34:52,12893,889,12,58.72,150,100.0
2026-07-13 11:34:53,12894,889,13,100.0,150,100.0
2026-07-13 11:34:54,12895,890,0,100.0,150,100.0
2026-07-13 11:34:55,12896,890,1,0.0,150,100.0
2026-07-13 11:34:56,12897,890,2,0.0,150,100.0
2026-07-13 11:34:57,12898,890,3,0.0,150,100.0
2026-07-13 11:34:58,12899,890,4,81.58,150,100.0
2026-07-13 11:34:59,12900,890,5,76.5,150,100.0
2026-07-13 11:35:00,12901,890,6,36.27,150,100.0
2026-07-13 11:35:01,12902,890,7,0.0,150,100.0
2026-07-13 11:35:02,12903,890,8,31.8,150,100.0
2026-07-13 11:35:03,12904,890,9,0.0,150,100.0
2026-07-13 11:35:04,12905,890,10,0.0,150,100.0
2026-07-13 11:35:05,12906,890,11,0.0,150,100.0
2026-07-13 11:35:06,12907,890,12,52.5,150,100.0
2026-07-13 11:35:07,12908,890,13,100.0,150,100.0
2026-07-13 11:35:08,12909,890,14,100.0,150,100.0
2026-07-13 11:35:09,12910,890,15,0.0,150,100.0
2026-07-13 11:35:10,12911,891,0,0.0,150,100.0
2026-07-13 11:35:11,12912,891,1,0.0,150,100.0
2026-07-13 11:35:12,12913,891,2,0.0,150,100.0
2026-07-13 11:35:13,12914,891,3,0.0,150,100.0
2026-07-13 11:35:14,12915,891,4,0.0,150,100.0
2026-07-13 11:35:15,12916,891,5,0.0,150,100.0
2026-07-13 11:35:16,12917,891,6,0.0,150,100.0
2026-07-13 11:35:17,12918,891,7,0.0,150,100.0
2026-07-13 11:35:18,12919,891,8,0.0,150,100.0
2026-07-13 11:35:19,12920,891,9,0.0,150,100.0
2026-07-13 11:35:20,12921,891,10,0.0,150,100.0
2026-07-13 11:35:21,12922,891,11,0.0,150,100.0
2026-07-13 11:35:22,12923,891,12,0.0,150,100.0
2026-07-13 11:35:23,12924,891,13,0.0,150,100.0
2026-07-13 11:35:24,12925,891,14,0.0,150,100.0
2026-07-13 11:35:25,12926,891,15,0.0,150,100.0
2026-07-13 11:35:26,12927,892,0,0.0,150,100.0
2026-07-13 11:35:27,12928,892,1,0.0,150,100.0
2026-07-13 11:35:28,12929,892,2,0.0,150,100.0
2026-07-13 11:35:29,12930,892,3,0.0,150,100.0
2026-07-13 11:35:30,12931,892,4,0.0,150,100.0
2026-07-13 11:35:31,12932,892,5,0.0,150,100.0
2026-07-13 11:35:32,12933,892,6,0.0,150,100.0
2026-07-13 11:35:33,12934,892,7,0.0,150,100.0
2026-07-13 11:35:34,12935,892,8,0.0,150,100.0
2026-07-13 11:35:35,12936,892,9,0.0,150,100.0
2026-07-13 11:35:36,12937,892,10,0.0,150,100.0
2026-07-13 11:35:37,12938,892,11,0.0,150,100.0
2026-07-13 11:35:38,12939,892,12,0.0,150,100.0
2026-07-13 11:35:39,12940,892,13,0.0,150,100.0
2026-07-13 11:35:40,12941,893,0,0.0,150,100.0
2026-07-13 11:35:41,12942,893,1,0.0,150,100.0
2026-07-13 11:35:42,12943,893,2,0.0,150,100.0
2026-07-13 11:35:43,12944,893,3,0.0,150,100.0
2026-07-13 11:35:44,12945,893,4,0.0,150,100.0
2026-07-13 11:35:45,12946,893,5,0.0,150,100.0
2026-07-13 11:35:46,12947,893,6,0.0,150,100.0
2026-07-13 11:35:47,12948,893,7,0.0,150,100.0
2026-07-13 11:35:48,12949,893,8,0.0,150,100.0
2026-07-13 11:35:49,12950,893,9,0.0,150,100.0
2026-07-13 11:35:50,12951,893,10,0.0,150,100.0
2026-07-13 11:35:51,12952,893,11,0.0,150,100.0
2026-07-13 11:35:52,12953,893,12,0.0,150,100.0
2026-07-13 11:35:53,12954,893,13,0.0,150,100.0
2026-07-13 11:35:54,12955,893,14,0.0,150,100.0
2026-07-13 11:35:55,12956,893,15,0.0,150,100.0
2026-07-13 11:35:56,12957,894,0,0.0,150,100.0
2026-07-13 11:35:57,12958,894,1,0.0,150,100.0
2026-07-13 11:35:58,12959,894,2,0.0,150,100.0
2026-07-13 11:35:59,12960,894,3,0.0,150,100.0
2026-07-13 11:36:00,12961,894,4,0.0,150,100.0
2026-07-13 11:36:01,12962,894,5,0.0,150,100.0
2026-07-13 11:36:02,12963,894,6,0.0,150,100.0
2026-07-13 11:36:03,12964,894,7,0.0,150,100.0
2026-07-13 11:36:04,12965,894,8,0.0,150,100.0
2026-07-13 11:36:05,12966,894,9,0.0,150,100.0
2026-07-13 11:36:06,12967,894,10,0.0,150,100.0
2026-07-13 11:36:07,12968,894,11,0.0,150,100.0
2026-07-13 11:36:08,12969,894,12,0.0,150,100.0
2026-07-13 11:36:09,12970,894,13,0.0,150,100.0
2026-07-13 11:36:10,12971,895,0,0.0,150,100.0
2026-07-13 11:36:11,12972,895,1,0.0,150,100.0
2026-07-13 11:36:12,12973,895,2,0.0,150,100.0
2026-07-13 11:36:13,12974,895,3,0.0,150,100.0
2026-07-13 11:36:14,12975,895,4,0.0,150,100.0
2026-07-13 11:36:15,12976,895,5,0.0,150,100.0
2026-07-13 11:36:16,12977,895,6,0.0,150,100.0
2026-07-13 11:36:17,12978,895,7,0.0,150,100.0
2026-07-13 11:36:18,12979,895,8,0.0,150,100.0
2026-07-13 11:36:19,12980,895,9,0.0,150,100.0
2026-07-13 11:36:20,12981,895,10,0.0,150,100.0
2026-07-13 11:36:21,12982,895,11,0.0,150,100.0
2026-07-13 11:36:22,12983,895,12,0.0,150,100.0
2026-07-13 11:36:23,12984,895,13,0.0,150,100.0
2026-07-13 11:36:24,12985,896,0,0.0,150,100.0
2026-07-13 11:36:25,12986,896,1,0.0,150,100.0
2026-07-13 11:36:26,12987,896,2,0.0,150,100.0
2026-07-13 11:36:27,12988,896,3,0.0,150,100.0
2026-07-13 11:36:28,12989,896,4,0.0,150,100.0
2026-07-13 11:36:29,12990,896,5,0.0,150,100.0
2026-07-13 11:36:30,12991,896,6,0.0,150,100.0
2026-07-13 11:36:31,12992,896,7,0.0,150,100.0
2026-07-13 11:36:32,12993,896,8,0.0,150,100.0
2026-07-13 11:36:33,12994,896,9,0.0,150,100.0
2026-07-13 11:36:34,12995,896,10,0.0,150,100.0
2026-07-13 11:36:35,12996,896,11,0.0,150,100.0
2026-07-13 11:36:36,12997,896,12,0.0,150,100.0
2026-07-13 11:36:37,12998,896,13,0.0,150,100.0
2026-07-13 11:36:38,12999,896,14,0.0,150,100.0
2026-07-13 11:36:39,13000,896,15,0.0,150,100.0
2026-07-13 11:36:40,13001,896,16,0.0,150,100.0
2026-07-13 11:36:41,13002,897,0,0.0,150,100.0
2026-07-13 11:36:42,13003,897,1,0.0,150,100.0
2026-07-13 11:36:43,13004,897,2,0.0,150,100.0
2026-07-13 11:36:44,13005,897,3,0.0,150,100.0
2026-07-13 11:36:45,13006,897,4,0.0,150,100.0
2026-07-13 11:36:46,13007,897,5,0.0,150,100.0
2026-07-13 11:36:47,13008,897,6,0.0,150,100.0
2026-07-13 11:36:48,13009,897,7,0.0,150,100.0
2026-07-13 11:36:49,13010,897,8,0.0,150,100.0
2026-07-13 11:36:50,13011,897,9,0.0,150,100.0
2026-07-13 11:36:51,13012,897,10,0.0,150,100.0
2026-07-13 11:36:52,13013,897,11,0.0,150,100.0
2026-07-13 11:36:53,13014,897,12,0.0,150,100.0
2026-07-13 11:36:54,13015,897,13,0.0,150,100.0
2026-07-13 11:36:55,13016,897,14,0.0,150,100.0
2026-07-13 11:36:56,13017,897,15,0.0,150,100.0
2026-07-13 11:36:57,13018,898,0,0.0,150,100.0
2026-07-13 11:36:58,13019,898,1,0.0,150,100.0
2026-07-13 11:36:59,13020,898,2,0.0,150,100.0
2026-07-13 11:37:00,13021,898,3,0.0,150,100.0
2026-07-13 11:37:01,13022,898,4,0.0,150,100.0
2026-07-13 11:37:02,13023,898,5,0.0,150,100.0
2026-07-13 11:37:03,13024,898,6,0.0,150,100.0
2026-07-13 11:37:04,13025,898,7,0.0,150,100.0
2026-07-13 11:37:05,13026,898,8,0.0,150,100.0
2026-07-13 11:37:06,13027,898,9,0.0,150,100.0
2026-07-13 11:37:07,13028,898,10,0.0,150,100.0
2026-07-13 11:37:08,13029,898,11,0.0,150,100.0
2026-07-13 11:37:09,13030,898,12,0.0,150,100.0
2026-07-13 11:37:10,13031,899,0,0.0,150,100.0
2026-07-13 11:37:11,13032,899,1,0.0,150,100.0
2026-07-13 11:37:12,13033,899,2,0.0,150,100.0
2026-07-13 11:37:13,13034,899,3,0.0,150,100.0
2026-07-13 11:37:14,13035,899,4,0.0,150,100.0
2026-07-13 11:37:15,13036,899,5,0.0,150,100.0
2026-07-13 11:37:16,13037,899,6,0.0,150,100.0
2026-07-13 11:37:17,13038,899,7,0.0,150,100.0
2026-07-13 11:37:18,13039,899,8,0.0,150,100.0
2026-07-13 11:37:19,13040,899,9,0.0,150,100.0
2026-07-13 11:37:20,13041,899,10,0.0,150,100.0
2026-07-13 11:37:21,13042,899,11,0.0,150,100.0
2026-07-13 11:37:22,13043,899,12,0.0,150,100.0
2026-07-13 11:37:23,13044,899,13,10.84,150,100.0
2026-07-13 11:37:24,13045,899,14,0.0,150,100.0
2026-07-13 11:37:25,13046,899,15,0.0,150,100.0
2026-07-13 11:37:26,13047,900,0,0.0,150,100.0
2026-07-13 11:37:27,13048,900,1,0.0,150,100.0
2026-07-13 11:37:28,13049,900,2,0.0,150,100.0
2026-07-13 11:37:29,13050,900,3,0.0,150,100.0
2026-07-13 11:37:30,13051,900,4,0.0,150,100.0
2026-07-13 11:37:31,13052,900,5,0.0,150,100.0
2026-07-13 11:37:32,13053,900,6,0.0,150,100.0
2026-07-13 11:37:33,13054,900,7,0.0,150,100.0
2026-07-13 11:37:34,13055,900,8,0.0,150,100.0
2026-07-13 11:37:35,13056,900,9,0.0,150,100.0
2026-07-13 11:37:36,13057,900,10,0.0,150,100.0
2026-07-13 11:37:37,13058,900,11,0.0,150,100.0
2026-07-13 11:37:38,13059,900,12,0.0,150,100.0
2026-07-13 11:37:39,13060,900,13,0.0,150,100.0
2026-07-13 11:37:40,13061,900,14,0.0,150,100.0
2026-07-13 11:37:41,13062,901,0,0.0,150,100.0
2026-07-13 11:37:42,13063,901,1,0.0,150,100.0
2026-07-13 11:37:43,13064,901,2,0.0,150,100.0
2026-07-13 11:37:44,13065,901,3,0.0,150,100.0
2026-07-13 11:37:45,13066,901,4,0.0,150,100.0
2026-07-13 11:37:46,13067,901,5,0.0,150,100.0
2026-07-13 11:37:47,13068,901,6,0.0,150,100.0
2026-07-13 11:37:48,13069,901,7,0.0,150,100.0
2026-07-13 11:37:49,13070,901,8,0.0,150,100.0
2026-07-13 11:37:50,13071,901,9,0.0,150,100.0
2026-07-13 11:37:51,13072,901,10,0.0,150,100.0
2026-07-13 11:37:52,13073,901,11,0.0,150,100.0
2026-07-13 11:37:53,13074,901,12,0.0,150,100.0
2026-07-13 11:37:54,13075,902,0,0.0,150,100.0
2026-07-13 11:37:55,13076,902,1,0.0,150,100.0
2026-07-13 11:37:56,13077,902,2,0.0,150,100.0
2026-07-13 11:37:57,13078,902,3,0.0,150,100.0
2026-07-13 11:37:58,13079,902,4,0.0,150,100.0
2026-07-13 11:37:59,13080,902,5,0.0,150,100.0
2026-07-13 11:38:00,13081,902,6,0.0,150,100.0
2026-07-13 11:38:01,13082,902,7,0.0,150,100.0
2026-07-13 11:38:02,13083,902,8,0.0,150,100.0
2026-07-13 11:38:03,13084,902,9,0.0,150,100.0
2026-07-13 11:38:04,13085,902,10,0.0,150,100.0
2026-07-13 11:38:05,13086,902,11,0.0,150,100.0
2026-07-13 11:38:06,13087,902,12,0.0,150,100.0
2026-07-13 11:38:07,13088,903,0,0.0,150,100.0
2026-07-13 11:38:08,13089,903,1,0.0,150,100.0
2026-07-13 11:38:09,13090,903,2,0.0,150,100.0
2026-07-13 11:38:10,13091,903,3,0.0,150,100.0
2026-07-13 11:38:11,13092,903,4,0.0,150,100.0
2026-07-13 11:38:12,13093,903,5,0.0,150,100.0
2026-07-13 11:38:13,13094,903,6,0.0,150,100.0
2026-07-13 11:38:14,13095,903,7,0.0,150,100.0
2026-07-13 11:38:15,13096,903,8,0.0,150,100.0
2026-07-13 11:38:16,13097,903,9,0.0,150,100.0
2026-07-13 11:38:17,13098,903,10,0.0,150,100.0
2026-07-13 11:38:18,13099,903,11,0.0,150,100.0
2026-07-13 11:38:19,13100,903,12,0.0,150,100.0
2026-07-13 11:38:20,13101,904,0,0.0,150,100.0
2026-07-13 11:38:21,13102,904,1,0.0,150,100.0
2026-07-13 11:38:22,13103,904,2,0.0,150,100.0
2026-07-13 11:38:23,13104,904,3,0.0,150,100.0
2026-07-13 11:38:24,13105,904,4,0.0,150,100.0
2026-07-13 11:38:25,13106,904,5,0.0,150,100.0
2026-07-13 11:38:26,13107,904,6,0.0,150,100.0
2026-07-13 11:38:27,13108,904,7,0.0,150,100.0
2026-07-13 11:38:28,13109,904,8,0.0,150,100.0
2026-07-13 11:38:29,13110,904,9,0.0,150,100.0
2026-07-13 11:38:30,13111,904,10,0.0,150,100.0
2026-07-13 11:38:31,13112,904,11,33.06,150,100.0
2026-07-13 11:38:32,13113,904,12,0.0,150,100.0
2026-07-13 11:38:33,13114,905,0,0.0,150,100.0
2026-07-13 11:38:34,13115,905,1,0.0,150,100.0
2026-07-13 11:38:35,13116,905,2,0.0,150,100.0
2026-07-13 11:38:36,13117,905,3,0.0,150,100.0
2026-07-13 11:38:37,13118,905,4,0.0,150,100.0
2026-07-13 11:38:38,13119,905,5,0.0,150,100.0
2026-07-13 11:38:39,13120,905,6,0.0,150,100.0
2026-07-13 11:38:40,13121,905,7,0.0,150,100.0
2026-07-13 11:38:41,13122,905,8,0.0,150,100.0
2026-07-13 11:38:42,13123,905,9,0.0,150,100.0
2026-07-13 11:38:43,13124,905,10,0.0,150,100.0
2026-07-13 11:38:44,13125,905,11,0.0,150,100.0
2026-07-13 11:38:45,13126,905,12,0.0,150,100.0
2026-07-13 11:38:46,13127,906,0,0.0,150,100.0
2026-07-13 11:38:47,13128,906,1,0.0,150,100.0
2026-07-13 11:38:48,13129,906,2,0.0,150,100.0
2026-07-13 11:38:49,13130,906,3,0.0,150,100.0
2026-07-13 11:38:50,13131,906,4,0.0,150,100.0
2026-07-13 11:38:51,13132,906,5,0.0,150,100.0
2026-07-13 11:38:52,13133,906,6,0.0,150,100.0
2026-07-13 11:38:53,13134,906,7,12.83,150,100.0
2026-07-13 11:38:54,13135,906,8,0.0,150,100.0
2026-07-13 11:38:55,13136,906,9,0.0,150,100.0
2026-07-13 11:38:56,13137,906,10,0.0,150,100.0
2026-07-13 11:38:57,13138,906,11,0.0,150,100.0
2026-07-13 11:38:58,13139,906,12,0.0,150,100.0
2026-07-13 11:38:59,13140,906,13,0.0,150,100.0
2026-07-13 11:39:00,13141,907,0,0.0,150,100.0
2026-07-13 11:39:01,13142,907,1,0.0,150,100.0
2026-07-13 11:39:02,13143,907,2,0.0,150,100.0
2026-07-13 11:39:03,13144,907,3,0.0,150,100.0
2026-07-13 11:39:04,13145,907,4,0.0,150,100.0
2026-07-13 11:39:05,13146,907,5,0.0,150,100.0
2026-07-13 11:39:06,13147,907,6,0.0,150,100.0
2026-07-13 11:39:07,13148,907,7,0.0,150,100.0
2026-07-13 11:39:08,13149,907,8,0.0,150,100.0
2026-07-13 11:39:09,13150,907,9,0.0,150,100.0
2026-07-13 11:39:10,13151,907,10,0.0,150,100.0
2026-07-13 11:39:11,13152,907,11,0.0,150,100.0
2026-07-13 11:39:12,13153,907,12,0.0,150,100.0
2026-07-13 11:39:13,13154,907,13,0.0,150,100.0
2026-07-13 11:39:14,13155,907,14,0.0,150,100.0
2026-07-13 11:39:15,13156,908,0,0.0,150,100.0
2026-07-13 11:39:16,13157,908,1,0.0,150,100.0
2026-07-13 11:39:17,13158,908,2,0.0,150,100.0
2026-07-13 11:39:18,13159,908,3,0.0,150,100.0
2026-07-13 11:39:19,13160,908,4,0.0,150,100.0
2026-07-13 11:39:20,13161,908,5,0.0,150,100.0
2026-07-13 11:39:21,13162,908,6,0.0,150,100.0
2026-07-13 11:39:22,13163,908,7,0.0,150,100.0
2026-07-13 11:39:23,13164,908,8,0.0,150,100.0
2026-07-13 11:39:24,13165,908,9,0.0,150,100.0
2026-07-13 11:39:25,13166,908,10,0.0,150,100.0
2026-07-13 11:39:26,13167,908,11,0.0,150,100.0
2026-07-13 11:39:27,13168,908,12,0.0,150,100.0
2026-07-13 11:39:28,13169,908,13,0.0,150,100.0
2026-07-13 11:39:29,13170,909,0,0.0,150,100.0
2026-07-13 11:39:30,13171,909,1,0.0,150,100.0
2026-07-13 11:39:31,13172,909,2,0.0,150,100.0
2026-07-13 11:39:32,13173,909,3,0.0,150,100.0
2026-07-13 11:39:33,13174,909,4,0.0,150,100.0
2026-07-13 11:39:34,13175,909,5,0.0,150,100.0
2026-07-13 11:39:35,13176,909,6,0.0,150,100.0
2026-07-13 11:39:36,13177,909,7,0.0,150,100.0
2026-07-13 11:39:37,13178,909,8,0.0,150,100.0
2026-07-13 11:39:38,13179,909,9,0.0,150,100.0
2026-07-13 11:39:39,13180,909,10,0.0,150,100.0
2026-07-13 11:39:40,13181,909,11,0.0,150,100.0
2026-07-13 11:39:41,13182,909,12,0.0,150,100.0
2026-07-13 11:39:42,13183,909,13,0.0,150,100.0
2026-07-13 11:39:43,13184,909,14,0.0,150,100.0
2026-07-13 11:39:44,13185,910,0,0.0,150,100.0
2026-07-13 11:39:45,13186,910,1,0.0,150,100.0
2026-07-13 11:39:46,13187,910,2,0.0,150,100.0
2026-07-13 11:39:47,13188,910,3,0.0,150,100.0
2026-07-13 11:39:48,13189,910,4,0.0,150,100.0
2026-07-13 11:39:49,13190,910,5,0.0,150,100.0
2026-07-13 11:39:50,13191,910,6,0.0,150,100.0
2026-07-13 11:39:51,13192,910,7,0.0,150,100.0
2026-07-13 11:39:52,13193,910,8,0.0,150,100.0
2026-07-13 11:39:53,13194,910,9,0.0,150,100.0
2026-07-13 11:39:54,13195,910,10,14.53,150,100.0
2026-07-13 11:39:55,13196,910,11,0.0,150,100.0
2026-07-13 11:39:56,13197,910,12,0.0,150,100.0
2026-07-13 11:39:57,13198,910,13,15.9,150,100.0
2026-07-13 11:39:58,13199,910,14,53.35,150,100.0
2026-07-13 11:39:59,13200,910,15,69.79,150,100.0
2026-07-13 11:40:00,13201,911,0,50.56,150,100.0
2026-07-13 11:40:01,13202,911,1,0.0,150,100.0
2026-07-13 11:40:02,13203,911,2,0.0,150,100.0
2026-07-13 11:40:03,13204,911,3,0.0,150,100.0
2026-07-13 11:40:04,13205,911,4,0.0,150,100.0
2026-07-13 11:40:05,13206,911,5,0.0,150,100.0
2026-07-13 11:40:06,13207,911,6,0.0,150,100.0
2026-07-13 11:40:07,13208,911,7,0.0,150,100.0
2026-07-13 11:40:08,13209,911,8,21.3,150,100.0
2026-07-13 11:40:09,13210,911,9,82.26,150,100.0
2026-07-13 11:40:10,13211,911,10,20.75,150,100.0
2026-07-13 11:40:11,13212,911,11,69.8,150,100.0
2026-07-13 11:40:12,13213,911,12,87.61,150,100.0
2026-07-13 11:40:13,13214,911,13,94.52,150,100.0
2026-07-13 11:40:14,13215,911,14,74.56,150,100.0
2026-07-13 11:40:15,13216,912,0,0.0,150,100.0
2026-07-13 11:40:16,13217,912,1,0.0,150,100.0
2026-07-13 11:40:17,13218,912,2,27.53,150,100.0
2026-07-13 11:40:18,13219,912,3,51.89,150,100.0
2026-07-13 11:40:19,13220,912,4,80.61,150,100.0
2026-07-13 11:40:20,13221,912,5,100.0,150,100.0
2026-07-13 11:40:21,13222,912,6,82.84,150,100.0
2026-07-13 11:40:22,13223,912,7,80.32,150,100.0
2026-07-13 11:40:23,13224,912,8,0.0,150,100.0
2026-07-13 11:40:24,13225,912,9,0.0,150,100.0
2026-07-13 11:40:25,13226,912,10,22.23,150,100.0
2026-07-13 11:40:26,13227,912,11,100.0,150,100.0
2026-07-13 11:40:27,13228,912,12,100.0,150,100.0
2026-07-13 11:40:28,13229,912,13,100.0,150,100.0
2026-07-13 11:40:29,13230,913,0,0.0,150,100.0
2026-07-13 11:40:30,13231,913,1,0.0,150,100.0
2026-07-13 11:40:31,13232,913,2,100.0,150,100.0
2026-07-13 11:40:32,13233,913,3,100.0,150,100.0
2026-07-13 11:40:33,13234,913,4,100.0,150,100.0
2026-07-13 11:40:34,13235,913,5,19.86,150,100.0
2026-07-13 11:40:35,13236,913,6,21.27,150,100.0
2026-07-13 11:40:36,13237,913,7,0.0,150,100.0
2026-07-13 11:40:37,13238,913,8,0.0,150,100.0
2026-07-13 11:40:38,13239,913,9,0.0,150,100.0
2026-07-13 11:40:39,13240,913,10,0.0,150,100.0
2026-07-13 11:40:40,13241,913,11,42.06,150,100.0
2026-07-13 11:40:41,13242,913,12,98.55,150,100.0
2026-07-13 11:40:42,13243,913,13,40.3,150,100.0
2026-07-13 11:40:43,13244,913,14,0.0,150,100.0
2026-07-13 11:40:44,13245,913,15,100.0,150,100.0
2026-07-13 11:40:45,13246,914,0,74.05,150,100.0
2026-07-13 11:40:46,13247,914,1,0.0,150,100.0
2026-07-13 11:40:47,13248,914,2,0.0,150,100.0
2026-07-13 11:40:48,13249,914,3,91.97,150,100.0
2026-07-13 11:40:49,13250,914,4,0.0,150,100.0
2026-07-13 11:40:50,13251,914,5,0.0,150,100.0
2026-07-13 11:40:51,13252,914,6,0.0,150,100.0
2026-07-13 11:40:52,13253,914,7,0.0,150,100.0
2026-07-13 11:40:53,13254,914,8,0.0,150,100.0
2026-07-13 11:40:54,13255,914,9,0.0,150,100.0
2026-07-13 11:40:55,13256,914,10,0.0,150,100.0
2026-07-13 11:40:56,13257,914,11,0.0,150,100.0
2026-07-13 11:40:57,13258,914,12,0.0,150,100.0
2026-07-13 11:40:58,13259,914,13,0.0,150,100.0
2026-07-13 11:40:59,13260,914,14,0.0,150,100.0
2026-07-13 11:41:00,13261,914,15,0.0,150,100.0
2026-07-13 11:41:01,13262,915,0,0.0,150,100.0
2026-07-13 11:41:02,13263,915,1,0.0,150,100.0
2026-07-13 11:41:03,13264,915,2,0.0,150,100.0
2026-07-13 11:41:04,13265,915,3,0.0,150,100.0
2026-07-13 11:41:05,13266,915,4,0.0,150,100.0
2026-07-13 11:41:06,13267,915,5,0.0,150,100.0
2026-07-13 11:41:07,13268,915,6,0.0,150,100.0
2026-07-13 11:41:08,13269,915,7,0.0,150,100.0
2026-07-13 11:41:09,13270,915,8,0.0,150,100.0
2026-07-13 11:41:10,13271,915,9,0.0,150,100.0
2026-07-13 11:41:11,13272,915,10,0.0,150,100.0
2026-07-13 11:41:12,13273,915,11,0.0,150,100.0
2026-07-13 11:41:13,13274,915,12,0.0,150,100.0
2026-07-13 11:41:14,13275,915,13,0.0,150,100.0
2026-07-13 11:41:15,13276,915,14,0.0,150,100.0
2026-07-13 11:41:16,13277,916,0,0.0,150,100.0
2026-07-13 11:41:17,13278,916,1,0.0,150,100.0
2026-07-13 11:41:18,13279,916,2,0.0,150,100.0
2026-07-13 11:41:19,13280,916,3,0.0,150,100.0
2026-07-13 11:41:20,13281,916,4,0.0,150,100.0
2026-07-13 11:41:21,13282,916,5,0.0,150,100.0
2026-07-13 11:41:22,13283,916,6,0.0,150,100.0
2026-07-13 11:41:23,13284,916,7,0.0,150,100.0
2026-07-13 11:41:24,13285,916,8,0.0,150,100.0
2026-07-13 11:41:25,13286,916,9,0.0,150,100.0
2026-07-13 11:41:26,13287,916,10,0.0,150,100.0
2026-07-13 11:41:27,13288,916,11,0.0,150,100.0
2026-07-13 11:41:28,13289,916,12,0.0,150,100.0
2026-07-13 11:41:29,13290,917,0,0.0,150,100.0
2026-07-13 11:41:30,13291,917,1,0.0,150,100.0
2026-07-13 11:41:31,13292,917,2,0.0,150,100.0
2026-07-13 11:41:32,13293,917,3,0.0,150,100.0
2026-07-13 11:41:33,13294,917,4,0.0,150,100.0
2026-07-13 11:41:34,13295,917,5,0.0,150,100.0
2026-07-13 11:41:35,13296,917,6,0.0,150,100.0
2026-07-13 11:41:36,13297,917,7,0.0,150,100.0
2026-07-13 11:41:37,13298,917,8,0.0,150,100.0
2026-07-13 11:41:38,13299,917,9,0.0,150,100.0
2026-07-13 11:41:39,13300,917,10,0.0,150,100.0
2026-07-13 11:41:40,13301,917,11,0.0,150,100.0
2026-07-13 11:41:41,13302,917,12,0.0,150,100.0
2026-07-13 11:41:42,13303,918,0,0.0,150,100.0
2026-07-13 11:41:43,13304,918,1,0.0,150,100.0
2026-07-13 11:41:44,13305,918,2,0.0,150,100.0
2026-07-13 11:41:45,13306,918,3,0.0,150,100.0
2026-07-13 11:41:46,13307,918,4,0.0,150,100.0
2026-07-13 11:41:47,13308,918,5,0.0,150,100.0
2026-07-13 11:41:48,13309,918,6,0.0,150,100.0
2026-07-13 11:41:49,13310,918,7,0.0,150,100.0
2026-07-13 11:41:50,13311,918,8,0.0,150,100.0
2026-07-13 11:41:51,13312,918,9,0.0,150,100.0
2026-07-13 11:41:52,13313,918,10,0.0,150,100.0
2026-07-13 11:41:53,13314,918,11,0.0,150,100.0
2026-07-13 11:41:54,13315,918,12,0.0,150,100.0
2026-07-13 11:41:55,13316,918,13,0.0,150,100.0
2026-07-13 11:41:56,13317,918,14,0.0,150,100.0
2026-07-13 11:41:57,13318,919,0,0.0,150,100.0
2026-07-13 11:41:58,13319,919,1,0.0,150,100.0
2026-07-13 11:41:59,13320,919,2,0.0,150,100.0
2026-07-13 11:42:00,13321,919,3,0.0,150,100.0
2026-07-13 11:42:01,13322,919,4,0.0,150,100.0
2026-07-13 11:42:02,13323,919,5,0.0,150,100.0
2026-07-13 11:42:03,13324,919,6,0.0,150,100.0
2026-07-13 11:42:04,13325,919,7,0.0,150,100.0
2026-07-13 11:42:05,13326,919,8,0.0,150,100.0
2026-07-13 11:42:06,13327,919,9,0.0,150,100.0
2026-07-13 11:42:07,13328,919,10,0.0,150,100.0
2026-07-13 11:42:08,13329,919,11,0.0,150,100.0
2026-07-13 11:42:09,13330,919,12,0.0,150,100.0
2026-07-13 11:42:10,13331,919,13,0.0,150,100.0
2026-07-13 11:42:11,13332,920,0,0.0,150,100.0
2026-07-13 11:42:12,13333,920,1,0.0,150,100.0
2026-07-13 11:42:13,13334,920,2,0.0,150,100.0
2026-07-13 11:42:14,13335,920,3,0.0,150,100.0
2026-07-13 11:42:15,13336,920,4,0.0,150,100.0
2026-07-13 11:42:16,13337,920,5,0.0,150,100.0
2026-07-13 11:42:17,13338,920,6,0.0,150,100.0
2026-07-13 11:42:18,13339,920,7,0.0,150,100.0
2026-07-13 11:42:19,13340,920,8,0.0,150,100.0
2026-07-13 11:42:20,13341,920,9,0.0,150,100.0
2026-07-13 11:42:21,13342,920,10,0.0,150,100.0
2026-07-13 11:42:22,13343,920,11,0.0,150,100.0
2026-07-13 11:42:23,13344,920,12,0.0,150,100.0
2026-07-13 11:42:24,13345,920,13,0.0,150,100.0
2026-07-13 11:42:25,13346,920,14,0.0,150,100.0
2026-07-13 11:42:26,13347,921,0,0.0,150,100.0
2026-07-13 11:42:27,13348,921,1,0.0,150,100.0
2026-07-13 11:42:28,13349,921,2,0.0,150,100.0
2026-07-13 11:42:29,13350,921,3,0.0,150,100.0
2026-07-13 11:42:30,13351,921,4,0.0,150,100.0
2026-07-13 11:42:31,13352,921,5,0.0,150,100.0
2026-07-13 11:42:32,13353,921,6,0.0,150,100.0
2026-07-13 11:42:33,13354,921,7,0.0,150,100.0
2026-07-13 11:42:34,13355,921,8,0.0,150,100.0
2026-07-13 11:42:35,13356,921,9,0.0,150,100.0
2026-07-13 11:42:36,13357,921,10,0.0,150,100.0
2026-07-13 11:42:37,13358,921,11,0.0,150,100.0
2026-07-13 11:42:38,13359,921,12,0.0,150,100.0
2026-07-13 11:42:39,13360,921,13,0.0,150,100.0
2026-07-13 11:42:40,13361,922,0,0.0,150,100.0
2026-07-13 11:42:41,13362,922,1,0.0,150,100.0
2026-07-13 11:42:42,13363,922,2,0.0,150,100.0
2026-07-13 11:42:43,13364,922,3,0.0,150,100.0
2026-07-13 11:42:44,13365,922,4,0.0,150,100.0
2026-07-13 11:42:45,13366,922,5,0.0,150,100.0
2026-07-13 11:42:46,13367,922,6,0.0,150,100.0
2026-07-13 11:42:47,13368,922,7,0.0,150,100.0
2026-07-13 11:42:48,13369,922,8,0.0,150,100.0
2026-07-13 11:42:49,13370,922,9,0.0,150,100.0
2026-07-13 11:42:50,13371,922,10,0.0,150,100.0
2026-07-13 11:42:51,13372,922,11,0.0,150,100.0
2026-07-13 11:42:52,13373,922,12,0.0,150,100.0
2026-07-13 11:42:53,13374,922,13,0.0,150,100.0
2026-07-13 11:42:54,13375,922,14,0.0,150,100.0
2026-07-13 11:42:55,13376,922,15,0.0,150,100.0
2026-07-13 11:42:56,13377,923,0,0.0,150,100.0
2026-07-13 11:42:57,13378,923,1,0.0,150,100.0
2026-07-13 11:42:58,13379,923,2,0.0,150,100.0
2026-07-13 11:42:59,13380,923,3,0.0,150,100.0
2026-07-13 11:43:00,13381,923,4,0.0,150,100.0
2026-07-13 11:43:01,13382,923,5,0.0,150,100.0
2026-07-13 11:43:02,13383,923,6,0.0,150,100.0
2026-07-13 11:43:03,13384,923,7,0.0,150,100.0
2026-07-13 11:43:04,13385,923,8,0.0,150,100.0
2026-07-13 11:43:05,13386,923,9,0.0,150,100.0
2026-07-13 11:43:06,13387,923,10,0.0,150,100.0
2026-07-13 11:43:07,13388,923,11,0.0,150,100.0
2026-07-13 11:43:08,13389,923,12,0.0,150,100.0
2026-07-13 11:43:09,13390,924,0,0.0,150,100.0
2026-07-13 11:43:10,13391,924,1,0.0,150,100.0
2026-07-13 11:43:11,13392,924,2,0.0,150,100.0
2026-07-13 11:43:12,13393,924,3,0.0,150,100.0
2026-07-13 11:43:13,13394,924,4,0.0,150,100.0
2026-07-13 11:43:14,13395,924,5,0.0,150,100.0
2026-07-13 11:43:15,13396,924,6,0.0,150,100.0
2026-07-13 11:43:16,13397,924,7,0.0,150,100.0
2026-07-13 11:43:17,13398,924,8,0.0,150,100.0
2026-07-13 11:43:18,13399,924,9,0.0,150,100.0
2026-07-13 11:43:19,13400,924,10,0.0,150,100.0
2026-07-13 11:43:20,13401,924,11,0.0,150,100.0
2026-07-13 11:43:21,13402,924,12,0.0,150,100.0
2026-07-13 11:43:22,13403,924,13,0.0,150,100.0
2026-07-13 11:43:23,13404,924,14,0.0,150,100.0
2026-07-13 11:43:24,13405,925,0,0.0,150,100.0
2026-07-13 11:43:25,13406,925,1,0.0,150,100.0
2026-07-13 11:43:26,13407,925,2,0.0,150,100.0
2026-07-13 11:43:27,13408,925,3,0.0,150,100.0
2026-07-13 11:43:28,13409,925,4,0.0,150,100.0
2026-07-13 11:43:29,13410,925,5,0.0,150,100.0
2026-07-13 11:43:30,13411,925,6,0.0,150,100.0
2026-07-13 11:43:31,13412,925,7,0.0,150,100.0
2026-07-13 11:43:32,13413,925,8,0.0,150,100.0
2026-07-13 11:43:33,13414,925,9,0.0,150,100.0
2026-07-13 11:43:34,13415,925,10,0.0,150,100.0
2026-07-13 11:43:35,13416,925,11,0.0,150,100.0
2026-07-13 11:43:36,13417,925,12,14.84,150,100.0
2026-07-13 11:43:37,13418,925,13,0.0,150,100.0
2026-07-13 11:43:38,13419,925,14,0.0,150,100.0
2026-07-13 11:43:39,13420,926,0,0.0,150,100.0
2026-07-13 11:43:40,13421,926,1,0.0,150,100.0
2026-07-13 11:43:41,13422,926,2,0.0,150,100.0
2026-07-13 11:43:42,13423,926,3,0.0,150,100.0
2026-07-13 11:43:43,13424,926,4,0.0,150,100.0
2026-07-13 11:43:44,13425,926,5,0.0,150,100.0
2026-07-13 11:43:45,13426,926,6,0.0,150,100.0
2026-07-13 11:43:46,13427,926,7,0.0,150,100.0
2026-07-13 11:43:47,13428,926,8,0.0,150,100.0
2026-07-13 11:43:48,13429,926,9,0.0,150,100.0
2026-07-13 11:43:49,13430,926,10,0.0,150,100.0
2026-07-13 11:43:50,13431,926,11,0.0,150,100.0
2026-07-13 11:43:51,13432,926,12,0.0,150,100.0
2026-07-13 11:43:52,13433,926,13,0.0,150,100.0
2026-07-13 11:43:53,13434,926,14,0.0,150,100.0
2026-07-13 11:43:54,13435,926,15,0.0,150,100.0
2026-07-13 11:43:55,13436,927,0,0.0,150,100.0
2026-07-13 11:43:56,13437,927,1,0.0,150,100.0
2026-07-13 11:43:57,13438,927,2,0.0,150,100.0
2026-07-13 11:43:58,13439,927,3,0.0,150,100.0
2026-07-13 11:43:59,13440,927,4,0.0,150,100.0
2026-07-13 11:44:00,13441,927,5,0.0,150,100.0
2026-07-13 11:44:01,13442,927,6,0.0,150,100.0
2026-07-13 11:44:02,13443,927,7,0.0,150,100.0
2026-07-13 11:44:03,13444,927,8,0.0,150,100.0
2026-07-13 11:44:04,13445,927,9,0.0,150,100.0
2026-07-13 11:44:05,13446,927,10,0.0,150,100.0
2026-07-13 11:44:06,13447,927,11,0.0,150,100.0
2026-07-13 11:44:07,13448,927,12,0.0,150,100.0
2026-07-13 11:44:08,13449,928,0,0.0,150,100.0
2026-07-13 11:44:09,13450,928,1,0.0,150,100.0
2026-07-13 11:44:10,13451,928,2,0.0,150,100.0
2026-07-13 11:44:11,13452,928,3,0.0,150,100.0
2026-07-13 11:44:12,13453,928,4,0.0,150,100.0
2026-07-13 11:44:13,13454,928,5,0.0,150,100.0
2026-07-13 11:44:14,13455,928,6,0.0,150,100.0
2026-07-13 11:44:15,13456,928,7,0.0,150,100.0
2026-07-13 11:44:16,13457,928,8,0.0,150,100.0
2026-07-13 11:44:17,13458,928,9,0.0,150,100.0
2026-07-13 11:44:18,13459,928,10,0.0,150,100.0
2026-07-13 11:44:19,13460,928,11,0.0,150,100.0
2026-07-13 11:44:20,13461,928,12,0.0,150,100.0
2026-07-13 11:44:21,13462,928,13,0.0,150,100.0
2026-07-13 11:44:22,13463,929,0,0.0,150,100.0
2026-07-13 11:44:23,13464,929,1,0.0,150,100.0
2026-07-13 11:44:24,13465,929,2,0.0,150,100.0
2026-07-13 11:44:25,13466,929,3,0.0,150,100.0
2026-07-13 11:44:26,13467,929,4,0.0,150,100.0
2026-07-13 11:44:27,13468,929,5,0.0,150,100.0
2026-07-13 11:44:28,13469,929,6,0.0,150,100.0
2026-07-13 11:44:29,13470,929,7,0.0,150,100.0
2026-07-13 11:44:30,13471,929,8,0.0,150,100.0
2026-07-13 11:44:31,13472,929,9,0.0,150,100.0
2026-07-13 11:44:32,13473,929,10,0.0,150,100.0
2026-07-13 11:44:33,13474,929,11,0.0,150,100.0
2026-07-13 11:44:34,13475,929,12,0.0,150,100.0
2026-07-13 11:44:35,13476,929,13,0.0,150,100.0
2026-07-13 11:44:36,13477,929,14,0.0,150,100.0
2026-07-13 11:44:37,13478,930,0,0.0,150,100.0
2026-07-13 11:44:38,13479,930,1,0.0,150,100.0
2026-07-13 11:44:39,13480,930,2,0.0,150,100.0
2026-07-13 11:44:40,13481,930,3,0.0,150,100.0
2026-07-13 11:44:41,13482,930,4,0.0,150,100.0
2026-07-13 11:44:42,13483,930,5,0.0,150,100.0
2026-07-13 11:44:43,13484,930,6,0.0,150,100.0
2026-07-13 11:44:44,13485,930,7,0.0,150,100.0
2026-07-13 11:44:45,13486,930,8,0.0,150,100.0
2026-07-13 11:44:46,13487,930,9,0.0,150,100.0
2026-07-13 11:44:47,13488,930,10,0.0,150,100.0
2026-07-13 11:44:48,13489,930,11,0.0,150,100.0
2026-07-13 11:44:49,13490,930,12,0.0,150,100.0
2026-07-13 11:44:50,13491,930,13,0.0,150,100.0
2026-07-13 11:44:51,13492,930,14,0.0,150,100.0
2026-07-13 11:44:52,13493,930,15,0.0,150,100.0
2026-07-13 11:44:53,13494,931,0,0.0,150,100.0
2026-07-13 11:44:54,13495,931,1,0.0,150,100.0
2026-07-13 11:44:55,13496,931,2,0.0,150,100.0
2026-07-13 11:44:56,13497,931,3,0.0,150,100.0
2026-07-13 11:44:57,13498,931,4,0.0,150,100.0
2026-07-13 11:44:58,13499,931,5,0.0,150,100.0
2026-07-13 11:44:59,13500,931,6,0.0,150,100.0
2026-07-13 11:45:00,13501,931,7,0.0,150,100.0
2026-07-13 11:45:01,13502,931,8,0.0,150,100.0
2026-07-13 11:45:02,13503,931,9,0.0,150,100.0
2026-07-13 11:45:03,13504,931,10,0.0,150,100.0
2026-07-13 11:45:04,13505,931,11,0.0,150,100.0
2026-07-13 11:45:05,13506,931,12,0.0,150,100.0
2026-07-13 11:45:06,13507,931,13,0.0,150,100.0
2026-07-13 11:45:07,13508,932,0,0.0,150,100.0
2026-07-13 11:45:08,13509,932,1,0.0,150,100.0
2026-07-13 11:45:09,13510,932,2,0.0,150,100.0
2026-07-13 11:45:10,13511,932,3,0.0,150,100.0
2026-07-13 11:45:11,13512,932,4,0.0,150,100.0
2026-07-13 11:45:12,13513,932,5,0.0,150,100.0
2026-07-13 11:45:13,13514,932,6,0.0,150,100.0
2026-07-13 11:45:14,13515,932,7,0.0,150,100.0
2026-07-13 11:45:15,13516,932,8,0.0,150,100.0
2026-07-13 11:45:16,13517,932,9,0.0,150,100.0
2026-07-13 11:45:17,13518,932,10,0.0,150,100.0
2026-07-13 11:45:18,13519,932,11,0.0,150,100.0
2026-07-13 11:45:19,13520,932,12,0.0,150,100.0
2026-07-13 11:45:20,13521,932,13,0.0,150,100.0
2026-07-13 11:45:21,13522,932,14,0.0,150,100.0
2026-07-13 11:45:22,13523,933,0,0.0,150,100.0
2026-07-13 11:45:23,13524,933,1,0.0,150,100.0
2026-07-13 11:45:24,13525,933,2,0.0,150,100.0
2026-07-13 11:45:25,13526,933,3,0.0,150,100.0
2026-07-13 11:45:26,13527,933,4,0.0,150,100.0
2026-07-13 11:45:27,13528,933,5,0.0,150,100.0
2026-07-13 11:45:28,13529,933,6,0.0,150,100.0
2026-07-13 11:45:29,13530,933,7,0.0,150,100.0
2026-07-13 11:45:30,13531,933,8,0.0,150,100.0
2026-07-13 11:45:31,13532,933,9,0.0,150,100.0
2026-07-13 11:45:32,13533,933,10,0.0,150,100.0
2026-07-13 11:45:33,13534,933,11,0.0,150,100.0
2026-07-13 11:45:34,13535,933,12,0.0,150,100.0
2026-07-13 11:45:35,13536,933,13,0.0,150,100.0
2026-07-13 11:45:36,13537,934,0,0.0,150,100.0
2026-07-13 11:45:37,13538,934,1,0.0,150,100.0
2026-07-13 11:45:38,13539,934,2,0.0,150,100.0
2026-07-13 11:45:39,13540,934,3,0.0,150,100.0
2026-07-13 11:45:40,13541,934,4,0.0,150,100.0
2026-07-13 11:45:41,13542,934,5,0.0,150,100.0
2026-07-13 11:45:42,13543,934,6,0.0,150,100.0
2026-07-13 11:45:43,13544,934,7,0.0,150,100.0
2026-07-13 11:45:44,13545,934,8,0.0,150,100.0
2026-07-13 11:45:45,13546,934,9,0.0,150,100.0
2026-07-13 11:45:46,13547,934,10,0.0,150,100.0
2026-07-13 11:45:47,13548,934,11,0.0,150,100.0
2026-07-13 11:45:48,13549,934,12,0.0,150,100.0
2026-07-13 11:45:49,13550,934,13,0.0,150,100.0
2026-07-13 11:45:50,13551,935,0,0.0,150,100.0
2026-07-13 11:45:51,13552,935,1,0.0,150,100.0
2026-07-13 11:45:52,13553,935,2,0.0,150,100.0
2026-07-13 11:45:53,13554,935,3,0.0,150,100.0
2026-07-13 11:45:54,13555,935,4,0.0,150,100.0
2026-07-13 11:45:55,13556,935,5,0.0,150,100.0
2026-07-13 11:45:56,13557,935,6,0.0,150,100.0
2026-07-13 11:45:57,13558,935,7,0.0,150,100.0
2026-07-13 11:45:58,13559,935,8,0.0,150,100.0
2026-07-13 11:45:59,13560,935,9,0.0,150,100.0
2026-07-13 11:46:00,13561,935,10,0.0,150,100.0
2026-07-13 11:46:01,13562,935,11,0.0,150,100.0
2026-07-13 11:46:02,13563,935,12,0.0,150,100.0
2026-07-13 11:46:03,13564,936,0,0.0,150,100.0
2026-07-13 11:46:04,13565,936,1,0.0,150,100.0
2026-07-13 11:46:05,13566,936,2,0.0,150,100.0
2026-07-13 11:46:06,13567,936,3,0.0,150,100.0
2026-07-13 11:46:07,13568,936,4,0.0,150,100.0
2026-07-13 11:46:08,13569,936,5,0.0,150,100.0
2026-07-13 11:46:09,13570,936,6,0.0,150,100.0
2026-07-13 11:46:10,13571,936,7,0.0,150,100.0
2026-07-13 11:46:11,13572,936,8,0.0,150,100.0
2026-07-13 11:46:12,13573,936,9,0.0,150,100.0
2026-07-13 11:46:13,13574,936,10,0.0,150,100.0
2026-07-13 11:46:14,13575,936,11,0.0,150,100.0
2026-07-13 11:46:15,13576,936,12,0.0,150,100.0
2026-07-13 11:46:16,13577,936,13,0.0,150,100.0
2026-07-13 11:46:17,13578,936,14,0.0,150,100.0
2026-07-13 11:46:18,13579,937,0,0.0,150,100.0
2026-07-13 11:46:19,13580,937,1,0.0,150,100.0
2026-07-13 11:46:20,13581,937,2,0.0,150,100.0
2026-07-13 11:46:21,13582,937,3,0.0,150,100.0
2026-07-13 11:46:22,13583,937,4,0.0,150,100.0
2026-07-13 11:46:23,13584,937,5,0.0,150,100.0
2026-07-13 11:46:24,13585,937,6,0.0,150,100.0
2026-07-13 11:46:25,13586,937,7,0.0,150,100.0
2026-07-13 11:46:26,13587,937,8,0.0,150,100.0
2026-07-13 11:46:27,13588,937,9,0.0,150,100.0
2026-07-13 11:46:28,13589,937,10,0.0,150,100.0
2026-07-13 11:46:29,13590,937,11,0.0,150,100.0
2026-07-13 11:46:30,13591,937,12,0.0,150,100.0
2026-07-13 11:46:31,13592,937,13,0.0,150,100.0
2026-07-13 11:46:32,13593,938,0,0.0,150,100.0
2026-07-13 11:46:33,13594,938,1,0.0,150,100.0
2026-07-13 11:46:34,13595,938,2,0.0,150,100.0
2026-07-13 11:46:35,13596,938,3,0.0,150,100.0
2026-07-13 11:46:36,13597,938,4,0.0,150,100.0
2026-07-13 11:46:37,13598,938,5,0.0,150,100.0
2026-07-13 11:46:38,13599,938,6,0.0,150,100.0
2026-07-13 11:46:39,13600,938,7,0.0,150,100.0
2026-07-13 11:46:40,13601,938,8,0.0,150,100.0
2026-07-13 11:46:41,13602,938,9,0.0,150,100.0
2026-07-13 11:46:42,13603,938,10,0.0,150,100.0
2026-07-13 11:46:43,13604,938,11,0.0,150,100.0
2026-07-13 11:46:44,13605,938,12,0.0,150,100.0
2026-07-13 11:46:45,13606,938,13,0.0,150,100.0
2026-07-13 11:46:46,13607,938,14,0.0,150,100.0
2026-07-13 11:46:47,13608,939,0,0.0,150,100.0
2026-07-13 11:46:48,13609,939,1,0.0,150,100.0
2026-07-13 11:46:49,13610,939,2,0.0,150,100.0
2026-07-13 11:46:50,13611,939,3,0.0,150,100.0
2026-07-13 11:46:51,13612,939,4,0.0,150,100.0
2026-07-13 11:46:52,13613,939,5,0.0,150,100.0
2026-07-13 11:46:53,13614,939,6,0.0,150,100.0
2026-07-13 11:46:54,13615,939,7,0.0,150,100.0
2026-07-13 11:46:55,13616,939,8,0.0,150,100.0
2026-07-13 11:46:56,13617,939,9,0.0,150,100.0
2026-07-13 11:46:57,13618,939,10,0.0,150,100.0
2026-07-13 11:46:58,13619,939,11,0.0,150,100.0
2026-07-13 11:46:59,13620,939,12,0.0,150,100.0
2026-07-13 11:47:00,13621,939,13,0.0,150,100.0
2026-07-13 11:47:01,13622,939,14,0.0,150,100.0
2026-07-13 11:47:02,13623,939,15,0.0,150,100.0
2026-07-13 11:47:03,13624,940,0,0.0,150,100.0
2026-07-13 11:47:04,13625,940,1,0.0,150,100.0
2026-07-13 11:47:05,13626,940,2,0.0,150,100.0
2026-07-13 11:47:06,13627,940,3,0.0,150,100.0
2026-07-13 11:47:07,13628,940,4,0.0,150,100.0
2026-07-13 11:47:08,13629,940,5,0.0,150,100.0
2026-07-13 11:47:09,13630,940,6,0.0,150,100.0
2026-07-13 11:47:10,13631,940,7,0.0,150,100.0
2026-07-13 11:47:11,13632,940,8,0.0,150,100.0
2026-07-13 11:47:12,13633,940,9,0.0,150,100.0
2026-07-13 11:47:13,13634,940,10,0.0,150,100.0
2026-07-13 11:47:14,13635,940,11,0.0,150,100.0
2026-07-13 11:47:15,13636,940,12,0.0,150,100.0
2026-07-13 11:47:16,13637,940,13,0.0,150,100.0
2026-07-13 11:47:17,13638,940,14,0.0,150,100.0
2026-07-13 11:47:18,13639,940,15,0.0,150,100.0
2026-07-13 11:47:19,13640,940,16,0.0,150,100.0
2026-07-13 11:47:20,13641,941,0,0.0,150,100.0
2026-07-13 11:47:21,13642,941,1,0.0,150,100.0
2026-07-13 11:47:22,13643,941,2,0.0,150,100.0
2026-07-13 11:47:23,13644,941,3,0.0,150,100.0
2026-07-13 11:47:24,13645,941,4,0.0,150,100.0
2026-07-13 11:47:25,13646,941,5,0.0,150,100.0
2026-07-13 11:47:26,13647,941,6,0.0,150,100.0
2026-07-13 11:47:27,13648,941,7,0.0,150,100.0
2026-07-13 11:47:28,13649,941,8,0.0,150,100.0
2026-07-13 11:47:29,13650,941,9,0.0,150,100.0
2026-07-13 11:47:30,13651,941,10,0.0,150,100.0
2026-07-13 11:47:31,13652,941,11,0.0,150,100.0
2026-07-13 11:47:32,13653,941,12,0.0,150,100.0
2026-07-13 11:47:33,13654,941,13,0.0,150,100.0
2026-07-13 11:47:34,13655,941,14,0.0,150,100.0
2026-07-13 11:47:35,13656,941,15,0.0,150,100.0
2026-07-13 11:47:36,13657,942,0,0.0,150,100.0
2026-07-13 11:47:37,13658,942,1,0.0,150,100.0
2026-07-13 11:47:38,13659,942,2,0.0,150,100.0
2026-07-13 11:47:39,13660,942,3,0.0,150,100.0
2026-07-13 11:47:40,13661,942,4,0.0,150,100.0
2026-07-13 11:47:41,13662,942,5,0.0,150,100.0
2026-07-13 11:47:42,13663,942,6,0.0,150,100.0
2026-07-13 11:47:43,13664,942,7,0.0,150,100.0
2026-07-13 11:47:44,13665,942,8,0.0,150,100.0
2026-07-13 11:47:45,13666,942,9,0.0,150,100.0
2026-07-13 11:47:46,13667,942,10,0.0,150,100.0
2026-07-13 11:47:47,13668,942,11,0.0,150,100.0
2026-07-13 11:47:48,13669,942,12,0.0,150,100.0
2026-07-13 11:47:49,13670,942,13,0.0,150,100.0
2026-07-13 11:47:50,13671,942,14,0.0,150,100.0
2026-07-13 11:47:51,13672,942,15,0.0,150,100.0
2026-07-13 11:47:52,13673,943,0,0.0,150,100.0
2026-07-13 11:47:53,13674,943,1,0.0,150,100.0
2026-07-13 11:47:54,13675,943,2,0.0,150,100.0
2026-07-13 11:47:55,13676,943,3,0.0,150,100.0
2026-07-13 11:47:56,13677,943,4,0.0,150,100.0
2026-07-13 11:47:57,13678,943,5,0.0,150,100.0
2026-07-13 11:47:58,13679,943,6,0.0,150,100.0
2026-07-13 11:47:59,13680,943,7,0.0,150,100.0
2026-07-13 11:48:00,13681,943,8,0.0,150,100.0
2026-07-13 11:48:01,13682,943,9,0.0,150,100.0
2026-07-13 11:48:02,13683,943,10,0.0,150,100.0
2026-07-13 11:48:03,13684,943,11,0.0,150,100.0
2026-07-13 11:48:04,13685,943,12,0.0,150,100.0
2026-07-13 11:48:05,13686,943,13,0.0,150,100.0
2026-07-13 11:48:06,13687,943,14,0.0,150,100.0
2026-07-13 11:48:07,13688,944,0,0.0,150,100.0
2026-07-13 11:48:08,13689,944,1,0.0,150,100.0
2026-07-13 11:48:09,13690,944,2,0.0,150,100.0
2026-07-13 11:48:10,13691,944,3,0.0,150,100.0
2026-07-13 11:48:11,13692,944,4,0.0,150,100.0
2026-07-13 11:48:12,13693,944,5,0.0,150,100.0
2026-07-13 11:48:13,13694,944,6,0.0,150,100.0
2026-07-13 11:48:14,13695,944,7,0.0,150,100.0
2026-07-13 11:48:15,13696,944,8,0.0,150,100.0
2026-07-13 11:48:16,13697,944,9,0.0,150,100.0
2026-07-13 11:48:17,13698,944,10,0.0,150,100.0
2026-07-13 11:48:18,13699,944,11,0.0,150,100.0
2026-07-13 11:48:19,13700,944,12,0.0,150,100.0
2026-07-13 11:48:20,13701,944,13,0.0,150,100.0
2026-07-13 11:48:21,13702,944,14,0.0,150,100.0
2026-07-13 11:48:22,13703,944,15,0.0,150,100.0
2026-07-13 11:48:23,13704,944,16,0.0,150,100.0
2026-07-13 11:48:24,13705,945,0,0.0,150,100.0
2026-07-13 11:48:25,13706,945,1,0.0,150,100.0
2026-07-13 11:48:26,13707,945,2,0.0,150,100.0
2026-07-13 11:48:27,13708,945,3,0.0,150,100.0
2026-07-13 11:48:28,13709,945,4,0.0,150,100.0
2026-07-13 11:48:29,13710,945,5,0.0,150,100.0
2026-07-13 11:48:30,13711,945,6,0.0,150,100.0
2026-07-13 11:48:31,13712,945,7,0.0,150,100.0
2026-07-13 11:48:32,13713,945,8,0.0,150,100.0
2026-07-13 11:48:33,13714,945,9,0.0,150,100.0
2026-07-13 11:48:34,13715,945,10,0.0,150,100.0
2026-07-13 11:48:35,13716,945,11,0.0,150,100.0
2026-07-13 11:48:36,13717,945,12,0.0,150,100.0
2026-07-13 11:48:37,13718,945,13,0.0,150,100.0
2026-07-13 11:48:38,13719,946,0,0.0,150,100.0
2026-07-13 11:48:39,13720,946,1,0.0,150,100.0
2026-07-13 11:48:40,13721,946,2,0.0,150,100.0
2026-07-13 11:48:41,13722,946,3,0.0,150,100.0
2026-07-13 11:48:42,13723,946,4,0.0,150,100.0
2026-07-13 11:48:43,13724,946,5,0.0,150,100.0
2026-07-13 11:48:44,13725,946,6,0.0,150,100.0
2026-07-13 11:48:45,13726,946,7,0.0,150,100.0
2026-07-13 11:48:46,13727,946,8,0.0,150,100.0
2026-07-13 11:48:47,13728,946,9,0.0,150,100.0
2026-07-13 11:48:48,13729,946,10,0.0,150,100.0
2026-07-13 11:48:49,13730,946,11,0.0,150,100.0
2026-07-13 11:48:50,13731,946,12,0.0,150,100.0
2026-07-13 11:48:51,13732,946,13,0.0,150,100.0
2026-07-13 11:48:52,13733,946,14,0.0,150,100.0
2026-07-13 11:48:53,13734,947,0,0.0,150,100.0
2026-07-13 11:48:54,13735,947,1,0.0,150,100.0
2026-07-13 11:48:55,13736,947,2,51.87,150,100.0
2026-07-13 11:48:56,13737,947,3,0.0,150,100.0
2026-07-13 11:48:57,13738,947,4,0.0,150,100.0
2026-07-13 11:48:58,13739,947,5,0.0,150,100.0
2026-07-13 11:48:59,13740,947,6,4.75,150,100.0
2026-07-13 11:49:00,13741,947,7,47.59,150,100.0
2026-07-13 11:49:01,13742,947,8,0.0,150,100.0
2026-07-13 11:49:02,13743,947,9,0.0,150,100.0
2026-07-13 11:49:03,13744,947,10,0.0,150,100.0
2026-07-13 11:49:04,13745,947,11,0.0,150,100.0
2026-07-13 11:49:05,13746,947,12,0.0,150,100.0
2026-07-13 11:49:06,13747,947,13,9.96,150,100.0
2026-07-13 11:49:07,13748,947,14,0.0,150,100.0
2026-07-13 11:49:08,13749,947,15,0.0,150,100.0
2026-07-13 11:49:09,13750,947,16,0.0,150,100.0
2026-07-13 11:49:10,13751,948,0,49.59,150,100.0
2026-07-13 11:49:11,13752,948,1,69.0,150,100.0
2026-07-13 11:49:12,13753,948,2,28.04,150,100.0
2026-07-13 11:49:13,13754,948,3,0.0,150,100.0
2026-07-13 11:49:14,13755,948,4,0.0,150,100.0
2026-07-13 11:49:15,13756,948,5,100.0,150,100.0
2026-07-13 11:49:16,13757,948,6,100.0,150,100.0
2026-07-13 11:49:17,13758,948,7,28.4,150,100.0
2026-07-13 11:49:18,13759,948,8,5.16,150,100.0
2026-07-13 11:49:19,13760,948,9,0.0,150,100.0
2026-07-13 11:49:20,13761,948,10,0.67,150,100.0
2026-07-13 11:49:21,13762,948,11,7.78,150,100.0
2026-07-13 11:49:22,13763,948,12,3.91,150,100.0
2026-07-13 11:49:23,13764,949,0,0.0,150,100.0
2026-07-13 11:49:24,13765,949,1,0.0,150,100.0
2026-07-13 11:49:25,13766,949,2,0.0,150,100.0
2026-07-13 11:49:26,13767,949,3,0.0,150,100.0
2026-07-13 11:49:27,13768,949,4,0.0,150,100.0
2026-07-13 11:49:28,13769,949,5,19.5,150,100.0
2026-07-13 11:49:29,13770,949,6,0.0,150,100.0
2026-07-13 11:49:30,13771,949,7,0.0,150,100.0
2026-07-13 11:49:31,13772,949,8,100.0,150,100.0
2026-07-13 11:49:32,13773,949,9,100.0,150,100.0
2026-07-13 11:49:33,13774,949,10,63.33,150,100.0
2026-07-13 11:49:34,13775,949,11,40.15,150,100.0
2026-07-13 11:49:35,13776,949,12,43.19,150,100.0
2026-07-13 11:49:36,13777,949,13,53.06,150,100.0
2026-07-13 11:49:37,13778,950,0,34.71,150,100.0
2026-07-13 11:49:38,13779,950,1,23.47,150,100.0
2026-07-13 11:49:39,13780,950,2,0.0,150,100.0
2026-07-13 11:49:40,13781,950,3,0.0,150,100.0
2026-07-13 11:49:41,13782,950,4,0.0,150,100.0
2026-07-13 11:49:42,13783,950,5,0.0,150,100.0
2026-07-13 11:49:43,13784,950,6,0.0,150,100.0
2026-07-13 11:49:44,13785,950,7,0.0,150,100.0
2026-07-13 11:49:45,13786,950,8,0.0,150,100.0
2026-07-13 11:49:46,13787,950,9,0.0,150,100.0
2026-07-13 11:49:47,13788,950,10,0.0,150,100.0
2026-07-13 11:49:48,13789,950,11,0.0,150,100.0
2026-07-13 11:49:49,13790,950,12,100.0,150,100.0
2026-07-13 11:49:50,13791,950,13,53.31,150,100.0
2026-07-13 11:49:51,13792,950,14,36.38,150,100.0
2026-07-13 11:49:52,13793,951,0,0.0,150,100.0
2026-07-13 11:49:53,13794,951,1,0.0,150,100.0
2026-07-13 11:49:54,13795,951,2,0.0,150,100.0
2026-07-13 11:49:55,13796,951,3,0.0,150,100.0
2026-07-13 11:49:56,13797,951,4,0.0,150,100.0
2026-07-13 11:49:57,13798,951,5,0.0,150,100.0
2026-07-13 11:49:58,13799,951,6,0.0,150,100.0
2026-07-13 11:49:59,13800,951,7,0.0,150,100.0
2026-07-13 11:50:00,13801,951,8,0.0,150,100.0
2026-07-13 11:50:01,13802,951,9,0.0,150,100.0
2026-07-13 11:50:02,13803,951,10,0.0,150,100.0
2026-07-13 11:50:03,13804,951,11,0.0,150,100.0
2026-07-13 11:50:04,13805,951,12,0.0,150,100.0
2026-07-13 11:50:05,13806,951,13,81.54,150,100.0
2026-07-13 11:50:06,13807,951,14,31.1,150,100.0
2026-07-13 11:50:07,13808,952,0,3.01,150,100.0
2026-07-13 11:50:08,13809,952,1,0.0,150,100.0
2026-07-13 11:50:09,13810,952,2,0.0,150,100.0
2026-07-13 11:50:10,13811,952,3,0.0,150,100.0
2026-07-13 11:50:11,13812,952,4,0.0,150,100.0
2026-07-13 11:50:12,13813,952,5,0.0,150,100.0
2026-07-13 11:50:13,13814,952,6,0.0,150,100.0
2026-07-13 11:50:14,13815,952,7,0.0,150,100.0
2026-07-13 11:50:15,13816,952,8,0.0,150,100.0
2026-07-13 11:50:16,13817,952,9,0.0,150,100.0
2026-07-13 11:50:17,13818,952,10,0.0,150,100.0
2026-07-13 11:50:18,13819,952,11,0.0,150,100.0
2026-07-13 11:50:19,13820,952,12,0.0,150,100.0
2026-07-13 11:50:20,13821,952,13,0.0,150,100.0
2026-07-13 11:50:21,13822,952,14,22.18,150,100.0
2026-07-13 11:50:22,13823,952,15,29.42,150,100.0
2026-07-13 11:50:23,13824,953,0,17.52,150,100.0
2026-07-13 11:50:24,13825,953,1,0.0,150,100.0
2026-07-13 11:50:25,13826,953,2,0.0,150,100.0
2026-07-13 11:50:26,13827,953,3,0.0,150,100.0
2026-07-13 11:50:27,13828,953,4,0.0,150,100.0
2026-07-13 11:50:28,13829,953,5,0.0,150,100.0
2026-07-13 11:50:29,13830,953,6,0.0,150,100.0
2026-07-13 11:50:30,13831,953,7,0.0,150,100.0
2026-07-13 11:50:31,13832,953,8,0.0,150,100.0
2026-07-13 11:50:32,13833,953,9,0.0,150,100.0
2026-07-13 11:50:33,13834,953,10,0.0,150,100.0
2026-07-13 11:50:34,13835,953,11,0.0,150,100.0
2026-07-13 11:50:35,13836,953,12,0.0,150,100.0
2026-07-13 11:50:36,13837,953,13,0.0,150,100.0
2026-07-13 11:50:37,13838,953,14,0.0,150,100.0
2026-07-13 11:50:38,13839,954,0,0.0,150,100.0
2026-07-13 11:50:39,13840,954,1,0.0,150,100.0
2026-07-13 11:50:40,13841,954,2,0.0,150,100.0
2026-07-13 11:50:41,13842,954,3,0.0,150,100.0
2026-07-13 11:50:42,13843,954,4,0.0,150,100.0
2026-07-13 11:50:43,13844,954,5,0.0,150,100.0
2026-07-13 11:50:44,13845,954,6,0.0,150,100.0
2026-07-13 11:50:45,13846,954,7,0.0,150,100.0
2026-07-13 11:50:46,13847,954,8,0.0,150,100.0
2026-07-13 11:50:47,13848,954,9,0.0,150,100.0
2026-07-13 11:50:48,13849,954,10,0.0,150,100.0
2026-07-13 11:50:49,13850,954,11,0.0,150,100.0
2026-07-13 11:50:50,13851,954,12,0.0,150,100.0
2026-07-13 11:50:51,13852,954,13,0.0,150,100.0
2026-07-13 11:50:52,13853,954,14,0.0,150,100.0
2026-07-13 11:50:53,13854,954,15,0.0,150,100.0
2026-07-13 11:50:54,13855,955,0,0.0,150,100.0
2026-07-13 11:50:55,13856,955,1,0.0,150,100.0
2026-07-13 11:50:56,13857,955,2,0.0,150,100.0
2026-07-13 11:50:57,13858,955,3,0.0,150,100.0
2026-07-13 11:50:58,13859,955,4,0.0,150,100.0
2026-07-13 11:50:59,13860,955,5,0.0,150,100.0
2026-07-13 11:51:00,13861,955,6,0.0,150,100.0
2026-07-13 11:51:01,13862,955,7,0.0,150,100.0
2026-07-13 11:51:02,13863,955,8,0.0,150,100.0
2026-07-13 11:51:03,13864,955,9,0.0,150,100.0
2026-07-13 11:51:04,13865,955,10,0.0,150,100.0
2026-07-13 11:51:05,13866,955,11,0.0,150,100.0
2026-07-13 11:51:06,13867,955,12,0.0,150,100.0
2026-07-13 11:51:07,13868,955,13,0.0,150,100.0
2026-07-13 11:51:08,13869,955,14,0.0,150,100.0
2026-07-13 11:51:09,13870,956,0,0.0,150,100.0
2026-07-13 11:51:10,13871,956,1,0.0,150,100.0
2026-07-13 11:51:11,13872,956,2,0.0,150,100.0
2026-07-13 11:51:12,13873,956,3,0.0,150,100.0
2026-07-13 11:51:13,13874,956,4,48.28,150,100.0
2026-07-13 11:51:14,13875,956,5,0.0,150,100.0
2026-07-13 11:51:15,13876,956,6,0.0,150,100.0
2026-07-13 11:51:16,13877,956,7,0.0,150,100.0
2026-07-13 11:51:17,13878,956,8,0.0,150,100.0
2026-07-13 11:51:18,13879,956,9,0.0,150,100.0
2026-07-13 11:51:19,13880,956,10,0.0,150,100.0
2026-07-13 11:51:20,13881,956,11,0.0,150,100.0
2026-07-13 11:51:21,13882,956,12,0.0,150,100.0
2026-07-13 11:51:22,13883,956,13,0.0,150,100.0
2026-07-13 11:51:23,13884,956,14,0.0,150,100.0
2026-07-13 11:51:24,13885,957,0,0.0,150,100.0
2026-07-13 11:51:25,13886,957,1,0.0,150,100.0
2026-07-13 11:51:26,13887,957,2,0.0,150,100.0
2026-07-13 11:51:27,13888,957,3,0.0,150,100.0
2026-07-13 11:51:28,13889,957,4,0.0,150,100.0
2026-07-13 11:51:29,13890,957,5,0.0,150,100.0
2026-07-13 11:51:30,13891,957,6,0.0,150,100.0
2026-07-13 11:51:31,13892,957,7,0.0,150,100.0
2026-07-13 11:51:32,13893,957,8,0.0,150,100.0
2026-07-13 11:51:33,13894,957,9,0.0,150,100.0
2026-07-13 11:51:34,13895,957,10,0.0,150,100.0
2026-07-13 11:51:35,13896,957,11,0.0,150,100.0
2026-07-13 11:51:36,13897,957,12,0.0,150,100.0
2026-07-13 11:51:37,13898,958,0,0.0,150,100.0
2026-07-13 11:51:38,13899,958,1,0.0,150,100.0
2026-07-13 11:51:39,13900,958,2,0.0,150,100.0
2026-07-13 11:51:40,13901,958,3,0.0,150,100.0
2026-07-13 11:51:41,13902,958,4,0.0,150,100.0
2026-07-13 11:51:42,13903,958,5,0.0,150,100.0
2026-07-13 11:51:43,13904,958,6,0.0,150,100.0
2026-07-13 11:51:44,13905,958,7,0.0,150,100.0
2026-07-13 11:51:45,13906,958,8,0.0,150,100.0
2026-07-13 11:51:46,13907,958,9,0.0,150,100.0
2026-07-13 11:51:47,13908,958,10,0.0,150,100.0
2026-07-13 11:51:48,13909,958,11,0.0,150,100.0
2026-07-13 11:51:49,13910,958,12,0.0,150,100.0
2026-07-13 11:51:50,13911,958,13,0.0,150,100.0
2026-07-13 11:51:51,13912,958,14,0.0,150,100.0
2026-07-13 11:51:52,13913,959,0,0.0,150,100.0
2026-07-13 11:51:53,13914,959,1,0.0,150,100.0
2026-07-13 11:51:54,13915,959,2,0.0,150,100.0
2026-07-13 11:51:55,13916,959,3,0.0,150,100.0
2026-07-13 11:51:56,13917,959,4,0.0,150,100.0
2026-07-13 11:51:57,13918,959,5,0.0,150,100.0
2026-07-13 11:51:58,13919,959,6,0.0,150,100.0
2026-07-13 11:51:59,13920,959,7,0.0,150,100.0
2026-07-13 11:52:00,13921,959,8,0.0,150,100.0
2026-07-13 11:52:01,13922,959,9,0.0,150,100.0
2026-07-13 11:52:02,13923,959,10,0.0,150,100.0
2026-07-13 11:52:03,13924,959,11,0.0,150,100.0
2026-07-13 11:52:04,13925,959,12,0.0,150,100.0
2026-07-13 11:52:05,13926,959,13,0.0,150,100.0
2026-07-13 11:52:06,13927,959,14,0.0,150,100.0
2026-07-13 11:52:07,13928,959,15,0.0,150,100.0
2026-07-13 11:52:08,13929,960,0,0.0,150,100.0
2026-07-13 11:52:09,13930,960,1,0.0,150,100.0
2026-07-13 11:52:10,13931,960,2,0.0,150,100.0
2026-07-13 11:52:11,13932,960,3,0.0,150,100.0
2026-07-13 11:52:12,13933,960,4,0.0,150,100.0
2026-07-13 11:52:13,13934,960,5,0.0,150,100.0
2026-07-13 11:52:14,13935,960,6,0.0,150,100.0
2026-07-13 11:52:15,13936,960,7,0.0,150,100.0
2026-07-13 11:52:16,13937,960,8,0.0,150,100.0
2026-07-13 11:52:17,13938,960,9,8.99,150,100.0
2026-07-13 11:52:18,13939,960,10,0.0,150,100.0
2026-07-13 11:52:19,13940,960,11,0.0,150,100.0
2026-07-13 11:52:20,13941,960,12,0.0,150,100.0
2026-07-13 11:52:21,13942,961,0,0.0,150,100.0
2026-07-13 11:52:22,13943,961,1,0.0,150,100.0
2026-07-13 11:52:23,13944,961,2,0.0,150,100.0
2026-07-13 11:52:24,13945,961,3,0.0,150,100.0
2026-07-13 11:52:25,13946,961,4,0.0,150,100.0
2026-07-13 11:52:26,13947,961,5,0.0,150,100.0
2026-07-13 11:52:27,13948,961,6,0.0,150,100.0
2026-07-13 11:52:28,13949,961,7,0.0,150,100.0
2026-07-13 11:52:29,13950,961,8,0.0,150,100.0
2026-07-13 11:52:30,13951,961,9,0.0,150,100.0
2026-07-13 11:52:31,13952,961,10,0.0,150,100.0
2026-07-13 11:52:32,13953,961,11,0.0,150,100.0
2026-07-13 11:52:33,13954,961,12,0.0,150,100.0
2026-07-13 11:52:34,13955,961,13,0.0,150,100.0
2026-07-13 11:52:35,13956,962,0,0.0,150,100.0
2026-07-13 11:52:36,13957,962,1,0.0,150,100.0
2026-07-13 11:52:37,13958,962,2,0.0,150,100.0
2026-07-13 11:52:38,13959,962,3,0.0,150,100.0
2026-07-13 11:52:39,13960,962,4,0.0,150,100.0
2026-07-13 11:52:40,13961,962,5,0.0,150,100.0
2026-07-13 11:52:41,13962,962,6,0.0,150,100.0
2026-07-13 11:52:42,13963,962,7,0.0,150,100.0
2026-07-13 11:52:43,13964,962,8,0.0,150,100.0
2026-07-13 11:52:44,13965,962,9,0.0,150,100.0
2026-07-13 11:52:45,13966,962,10,0.0,150,100.0
2026-07-13 11:52:46,13967,962,11,0.0,150,100.0
2026-07-13 11:52:47,13968,962,12,0.0,150,100.0
2026-07-13 11:52:48,13969,962,13,0.0,150,100.0
2026-07-13 11:52:49,13970,962,14,0.0,150,100.0
2026-07-13 11:52:50,13971,963,0,0.0,150,100.0
2026-07-13 11:52:51,13972,963,1,0.0,150,100.0
2026-07-13 11:52:52,13973,963,2,0.0,150,100.0
2026-07-13 11:52:53,13974,963,3,0.0,150,100.0
2026-07-13 11:52:54,13975,963,4,0.0,150,100.0
2026-07-13 11:52:55,13976,963,5,0.0,150,100.0
2026-07-13 11:52:56,13977,963,6,0.0,150,100.0
2026-07-13 11:52:57,13978,963,7,0.0,150,100.0
2026-07-13 11:52:58,13979,963,8,0.0,150,100.0
2026-07-13 11:52:59,13980,963,9,0.0,150,100.0
2026-07-13 11:53:00,13981,963,10,0.0,150,100.0
2026-07-13 11:53:01,13982,963,11,0.0,150,100.0
2026-07-13 11:53:02,13983,963,12,0.0,150,100.0
2026-07-13 11:53:03,13984,964,0,0.0,150,100.0
2026-07-13 11:53:04,13985,964,1,0.0,150,100.0
2026-07-13 11:53:05,13986,964,2,0.0,150,100.0
2026-07-13 11:53:06,13987,964,3,0.0,150,100.0
2026-07-13 11:53:07,13988,964,4,0.0,150,100.0
2026-07-13 11:53:08,13989,964,5,0.0,150,100.0
2026-07-13 11:53:09,13990,964,6,0.0,150,100.0
2026-07-13 11:53:10,13991,964,7,0.0,150,100.0
2026-07-13 11:53:11,13992,964,8,0.0,150,100.0
2026-07-13 11:53:12,13993,964,9,0.0,150,100.0
2026-07-13 11:53:13,13994,964,10,0.0,150,100.0
2026-07-13 11:53:14,13995,964,11,0.0,150,100.0
2026-07-13 11:53:15,13996,964,12,0.0,150,100.0
2026-07-13 11:53:16,13997,964,13,0.0,150,100.0
2026-07-13 11:53:17,13998,965,0,0.0,150,100.0
2026-07-13 11:53:18,13999,965,1,0.0,150,100.0
2026-07-13 11:53:19,14000,965,2,0.0,150,100.0
2026-07-13 11:53:20,14001,965,3,0.0,150,100.0
2026-07-13 11:53:21,14002,965,4,0.0,150,100.0
2026-07-13 11:53:22,14003,965,5,0.0,150,100.0
2026-07-13 11:53:23,14004,965,6,0.0,150,100.0
2026-07-13 11:53:24,14005,965,7,0.0,150,100.0
2026-07-13 11:53:25,14006,965,8,0.0,150,100.0
2026-07-13 11:53:26,14007,965,9,0.0,150,100.0
2026-07-13 11:53:27,14008,965,10,0.0,150,100.0
2026-07-13 11:53:28,14009,965,11,0.0,150,100.0
2026-07-13 11:53:29,14010,965,12,0.0,150,100.0
2026-07-13 11:53:30,14011,965,13,0.0,150,100.0
2026-07-13 11:53:31,14012,965,14,0.0,150,100.0
2026-07-13 11:53:32,14013,966,0,0.0,150,100.0
2026-07-13 11:53:33,14014,966,1,0.0,150,100.0
2026-07-13 11:53:34,14015,966,2,0.0,150,100.0
2026-07-13 11:53:35,14016,966,3,0.0,150,100.0
2026-07-13 11:53:36,14017,966,4,0.0,150,100.0
2026-07-13 11:53:37,14018,966,5,0.0,150,100.0
2026-07-13 11:53:38,14019,966,6,0.0,150,100.0
2026-07-13 11:53:39,14020,966,7,0.0,150,100.0
2026-07-13 11:53:40,14021,966,8,0.0,150,100.0
2026-07-13 11:53:41,14022,966,9,0.0,150,100.0
2026-07-13 11:53:42,14023,966,10,0.0,150,100.0
2026-07-13 11:53:43,14024,966,11,0.0,150,100.0
2026-07-13 11:53:44,14025,966,12,0.0,150,100.0
2026-07-13 11:53:45,14026,966,13,0.0,150,100.0
2026-07-13 11:53:46,14027,966,14,0.0,150,100.0
2026-07-13 11:53:47,14028,966,15,0.0,150,100.0
2026-07-13 11:53:48,14029,967,0,0.0,150,100.0
2026-07-13 11:53:49,14030,967,1,0.0,150,100.0
2026-07-13 11:53:50,14031,967,2,0.0,150,100.0
2026-07-13 11:53:51,14032,967,3,0.0,150,100.0
2026-07-13 11:53:52,14033,967,4,0.0,150,100.0
2026-07-13 11:53:53,14034,967,5,0.0,150,100.0
2026-07-13 11:53:54,14035,967,6,0.0,150,100.0
2026-07-13 11:53:55,14036,967,7,0.0,150,100.0
2026-07-13 11:53:56,14037,967,8,0.0,150,100.0
2026-07-13 11:53:57,14038,967,9,0.0,150,100.0
2026-07-13 11:53:58,14039,967,10,0.0,150,100.0
2026-07-13 11:53:59,14040,967,11,0.0,150,100.0
2026-07-13 11:54:00,14041,967,12,0.0,150,100.0
2026-07-13 11:54:01,14042,967,13,0.0,150,100.0
2026-07-13 11:54:02,14043,968,0,0.0,150,100.0
2026-07-13 11:54:03,14044,968,1,0.0,150,100.0
2026-07-13 11:54:04,14045,968,2,0.0,150,100.0
2026-07-13 11:54:05,14046,968,3,0.0,150,100.0
2026-07-13 11:54:06,14047,968,4,0.0,150,100.0
2026-07-13 11:54:07,14048,968,5,0.0,150,100.0
2026-07-13 11:54:08,14049,968,6,0.0,150,100.0
2026-07-13 11:54:09,14050,968,7,0.0,150,100.0
2026-07-13 11:54:10,14051,968,8,0.0,150,100.0
2026-07-13 11:54:11,14052,968,9,0.0,150,100.0
2026-07-13 11:54:12,14053,968,10,0.0,150,100.0
2026-07-13 11:54:13,14054,968,11,0.0,150,100.0
2026-07-13 11:54:14,14055,968,12,0.0,150,100.0
2026-07-13 11:54:15,14056,968,13,0.0,150,100.0
2026-07-13 11:54:16,14057,969,0,0.0,150,100.0
2026-07-13 11:54:17,14058,969,1,0.0,150,100.0
2026-07-13 11:54:18,14059,969,2,0.0,150,100.0
2026-07-13 11:54:19,14060,969,3,0.0,150,100.0
2026-07-13 11:54:20,14061,969,4,0.0,150,100.0
2026-07-13 11:54:21,14062,969,5,0.0,150,100.0
2026-07-13 11:54:22,14063,969,6,0.0,150,100.0
2026-07-13 11:54:23,14064,969,7,0.0,150,100.0
2026-07-13 11:54:24,14065,969,8,0.0,150,100.0
2026-07-13 11:54:25,14066,969,9,0.0,150,100.0
2026-07-13 11:54:26,14067,969,10,0.0,150,100.0
2026-07-13 11:54:27,14068,969,11,0.0,150,100.0
2026-07-13 11:54:28,14069,969,12,0.0,150,100.0
2026-07-13 11:54:29,14070,969,13,0.0,150,100.0
2026-07-13 11:54:30,14071,970,0,0.0,150,100.0
2026-07-13 11:54:31,14072,970,1,0.0,150,100.0
2026-07-13 11:54:32,14073,970,2,0.0,150,100.0
2026-07-13 11:54:33,14074,970,3,0.0,150,100.0
2026-07-13 11:54:34,14075,970,4,0.0,150,100.0
2026-07-13 11:54:35,14076,970,5,0.0,150,100.0
2026-07-13 11:54:36,14077,970,6,0.0,150,100.0
2026-07-13 11:54:37,14078,970,7,0.0,150,100.0
2026-07-13 11:54:38,14079,970,8,0.0,150,100.0
2026-07-13 11:54:39,14080,970,9,0.0,150,100.0
2026-07-13 11:54:40,14081,970,10,0.0,150,100.0
2026-07-13 11:54:41,14082,970,11,0.0,150,100.0
2026-07-13 11:54:42,14083,970,12,0.0,150,100.0
2026-07-13 11:54:43,14084,970,13,0.0,150,100.0
2026-07-13 11:54:44,14085,970,14,0.0,150,100.0
2026-07-13 11:54:45,14086,970,15,0.0,150,100.0
2026-07-13 11:54:46,14087,971,0,0.0,150,100.0
2026-07-13 11:54:47,14088,971,1,0.0,150,100.0
2026-07-13 11:54:48,14089,971,2,0.0,150,100.0
2026-07-13 11:54:49,14090,971,3,0.0,150,100.0
2026-07-13 11:54:50,14091,971,4,0.0,150,100.0
2026-07-13 11:54:51,14092,971,5,0.0,150,100.0
2026-07-13 11:54:52,14093,971,6,0.0,150,100.0
2026-07-13 11:54:53,14094,971,7,0.0,150,100.0
2026-07-13 11:54:54,14095,971,8,0.0,150,100.0
2026-07-13 11:54:55,14096,971,9,0.0,150,100.0
2026-07-13 11:54:56,14097,971,10,0.0,150,100.0
2026-07-13 11:54:57,14098,971,11,0.0,150,100.0
2026-07-13 11:54:58,14099,971,12,0.0,150,100.0
2026-07-13 11:54:59,14100,972,0,0.0,150,100.0
2026-07-13 11:55:00,14101,972,1,0.0,150,100.0
2026-07-13 11:55:01,14102,972,2,0.0,150,100.0
2026-07-13 11:55:02,14103,972,3,0.0,150,100.0
2026-07-13 11:55:03,14104,972,4,0.0,150,100.0
2026-07-13 11:55:04,14105,972,5,0.0,150,100.0
2026-07-13 11:55:05,14106,972,6,0.0,150,100.0
2026-07-13 11:55:06,14107,972,7,0.0,150,100.0
2026-07-13 11:55:07,14108,972,8,0.0,150,100.0
2026-07-13 11:55:08,14109,972,9,0.0,150,100.0
2026-07-13 11:55:09,14110,972,10,0.0,150,100.0
2026-07-13 11:55:10,14111,972,11,0.0,150,100.0
2026-07-13 11:55:11,14112,972,12,0.0,150,100.0
2026-07-13 11:55:12,14113,972,13,0.0,150,100.0
2026-07-13 11:55:13,14114,972,14,0.0,150,100.0
2026-07-13 11:55:14,14115,973,0,0.0,150,100.0
2026-07-13 11:55:15,14116,973,1,0.0,150,100.0
2026-07-13 11:55:16,14117,973,2,0.0,150,100.0
2026-07-13 11:55:17,14118,973,3,0.0,150,100.0
2026-07-13 11:55:18,14119,973,4,0.0,150,100.0
2026-07-13 11:55:19,14120,973,5,0.0,150,100.0
2026-07-13 11:55:20,14121,973,6,0.0,150,100.0
2026-07-13 11:55:21,14122,973,7,0.0,150,100.0
2026-07-13 11:55:22,14123,973,8,0.0,150,100.0
2026-07-13 11:55:23,14124,973,9,0.0,150,100.0
2026-07-13 11:55:24,14125,973,10,0.0,150,100.0
2026-07-13 11:55:25,14126,973,11,0.0,150,100.0
2026-07-13 11:55:26,14127,973,12,0.0,150,100.0
2026-07-13 11:55:27,14128,973,13,0.0,150,100.0
2026-07-13 11:55:28,14129,973,14,0.0,150,100.0
2026-07-13 11:55:29,14130,974,0,0.0,150,100.0
2026-07-13 11:55:30,14131,974,1,0.0,150,100.0
2026-07-13 11:55:31,14132,974,2,0.0,150,100.0
2026-07-13 11:55:32,14133,974,3,0.0,150,100.0
2026-07-13 11:55:33,14134,974,4,0.0,150,100.0
2026-07-13 11:55:34,14135,974,5,0.0,150,100.0
2026-07-13 11:55:35,14136,974,6,0.0,150,100.0
2026-07-13 11:55:36,14137,974,7,0.0,150,100.0
2026-07-13 11:55:37,14138,974,8,0.0,150,100.0
2026-07-13 11:55:38,14139,974,9,0.0,150,100.0
2026-07-13 11:55:39,14140,974,10,0.0,150,100.0
2026-07-13 11:55:40,14141,974,11,0.0,150,100.0
2026-07-13 11:55:41,14142,974,12,0.0,150,100.0
2026-07-13 11:55:42,14143,975,0,0.0,150,100.0
2026-07-13 11:55:43,14144,975,1,0.0,150,100.0
2026-07-13 11:55:44,14145,975,2,0.0,150,100.0
2026-07-13 11:55:45,14146,975,3,0.0,150,100.0
2026-07-13 11:55:46,14147,975,4,0.0,150,100.0
2026-07-13 11:55:47,14148,975,5,0.0,150,100.0
2026-07-13 11:55:48,14149,975,6,0.0,150,100.0
2026-07-13 11:55:49,14150,975,7,0.0,150,100.0
2026-07-13 11:55:50,14151,975,8,0.0,150,100.0
2026-07-13 11:55:51,14152,975,9,0.0,150,100.0
2026-07-13 11:55:52,14153,975,10,0.0,150,100.0
2026-07-13 11:55:53,14154,975,11,0.0,150,100.0
2026-07-13 11:55:54,14155,975,12,0.0,150,100.0
2026-07-13 11:55:55,14156,975,13,0.0,150,100.0
2026-07-13 11:55:56,14157,976,0,0.0,150,100.0
2026-07-13 11:55:57,14158,976,1,0.0,150,100.0
2026-07-13 11:55:58,14159,976,2,0.0,150,100.0
2026-07-13 11:55:59,14160,976,3,0.0,150,100.0
2026-07-13 11:56:00,14161,976,4,0.0,150,100.0
2026-07-13 11:56:01,14162,976,5,0.0,150,100.0
2026-07-13 11:56:02,14163,976,6,0.0,150,100.0
2026-07-13 11:56:03,14164,976,7,0.0,150,100.0
2026-07-13 11:56:04,14165,976,8,0.0,150,100.0
2026-07-13 11:56:05,14166,976,9,0.0,150,100.0
2026-07-13 11:56:06,14167,976,10,0.0,150,100.0
2026-07-13 11:56:07,14168,976,11,0.0,150,100.0
2026-07-13 11:56:08,14169,976,12,0.0,150,100.0
2026-07-13 11:56:09,14170,976,13,0.0,150,100.0
2026-07-13 11:56:10,14171,976,14,0.0,150,100.0
2026-07-13 11:56:11,14172,977,0,0.0,150,100.0
2026-07-13 11:56:12,14173,977,1,0.0,150,100.0
2026-07-13 11:56:13,14174,977,2,0.0,150,100.0
2026-07-13 11:56:14,14175,977,3,0.0,150,100.0
2026-07-13 11:56:15,14176,977,4,0.0,150,100.0
2026-07-13 11:56:16,14177,977,5,0.0,150,100.0
2026-07-13 11:56:17,14178,977,6,0.0,150,100.0
2026-07-13 11:56:18,14179,977,7,0.0,150,100.0
2026-07-13 11:56:19,14180,977,8,0.0,150,100.0
2026-07-13 11:56:20,14181,977,9,0.0,150,100.0
2026-07-13 11:56:21,14182,977,10,0.0,150,100.0
2026-07-13 11:56:22,14183,977,11,0.0,150,100.0
2026-07-13 11:56:23,14184,978,0,0.0,150,100.0
2026-07-13 11:56:24,14185,978,1,0.0,150,100.0
2026-07-13 11:56:25,14186,978,2,0.0,150,100.0
2026-07-13 11:56:26,14187,978,3,0.0,150,100.0
2026-07-13 11:56:27,14188,978,4,0.0,150,100.0
2026-07-13 11:56:28,14189,978,5,0.0,150,100.0
2026-07-13 11:56:29,14190,978,6,0.0,150,100.0
2026-07-13 11:56:30,14191,978,7,0.0,150,100.0
2026-07-13 11:56:31,14192,978,8,0.0,150,100.0
2026-07-13 11:56:32,14193,978,9,0.0,150,100.0
2026-07-13 11:56:33,14194,978,10,0.0,150,100.0
2026-07-13 11:56:34,14195,978,11,0.0,150,100.0
2026-07-13 11:56:35,14196,978,12,0.0,150,100.0
2026-07-13 11:56:36,14197,978,13,0.0,150,100.0
2026-07-13 11:56:37,14198,978,14,0.0,150,100.0
2026-07-13 11:56:38,14199,979,0,0.0,150,100.0
2026-07-13 11:56:39,14200,979,1,0.0,150,100.0
2026-07-13 11:56:40,14201,979,2,0.0,150,100.0
2026-07-13 11:56:41,14202,979,3,0.0,150,100.0
2026-07-13 11:56:42,14203,979,4,0.0,150,100.0
2026-07-13 11:56:43,14204,979,5,0.0,150,100.0
2026-07-13 11:56:44,14205,979,6,0.0,150,100.0
2026-07-13 11:56:45,14206,979,7,0.0,150,100.0
2026-07-13 11:56:46,14207,979,8,0.0,150,100.0
2026-07-13 11:56:47,14208,979,9,0.0,150,100.0
2026-07-13 11:56:48,14209,979,10,0.0,150,100.0
2026-07-13 11:56:49,14210,979,11,0.0,150,100.0
2026-07-13 11:56:50,14211,979,12,0.0,150,100.0
2026-07-13 11:56:51,14212,979,13,0.0,150,100.0
2026-07-13 11:56:52,14213,980,0,0.0,150,100.0
2026-07-13 11:56:53,14214,980,1,0.0,150,100.0
2026-07-13 11:56:54,14215,980,2,0.0,150,100.0
2026-07-13 11:56:55,14216,980,3,0.0,150,100.0
2026-07-13 11:56:56,14217,980,4,0.0,150,100.0
2026-07-13 11:56:57,14218,980,5,0.0,150,100.0
2026-07-13 11:56:58,14219,980,6,0.0,150,100.0
2026-07-13 11:56:59,14220,980,7,0.0,150,100.0
2026-07-13 11:57:00,14221,980,8,0.0,150,100.0
2026-07-13 11:57:01,14222,980,9,0.0,150,100.0
2026-07-13 11:57:02,14223,980,10,0.0,150,100.0
2026-07-13 11:57:03,14224,980,11,0.0,150,100.0
2026-07-13 11:57:04,14225,980,12,0.0,150,100.0
2026-07-13 11:57:05,14226,980,13,0.0,150,100.0
2026-07-13 11:57:06,14227,980,14,0.0,150,100.0
2026-07-13 11:57:07,14228,980,15,0.0,150,100.0
2026-07-13 11:57:08,14229,981,0,0.0,150,100.0
2026-07-13 11:57:09,14230,981,1,0.0,150,100.0
2026-07-13 11:57:10,14231,981,2,0.0,150,100.0
2026-07-13 11:57:11,14232,981,3,0.0,150,100.0
2026-07-13 11:57:12,14233,981,4,4.74,150,100.0
2026-07-13 11:57:13,14234,981,5,0.0,150,100.0
2026-07-13 11:57:14,14235,981,6,0.0,150,100.0
2026-07-13 11:57:15,14236,981,7,0.0,150,100.0
2026-07-13 11:57:16,14237,981,8,0.0,150,100.0
2026-07-13 11:57:17,14238,981,9,0.0,150,100.0
2026-07-13 11:57:18,14239,981,10,0.0,150,100.0
2026-07-13 11:57:19,14240,981,11,0.0,150,100.0
2026-07-13 11:57:20,14241,981,12,0.0,150,100.0
2026-07-13 11:57:21,14242,981,13,0.0,150,100.0
2026-07-13 11:57:22,14243,981,14,0.0,150,100.0
2026-07-13 11:57:23,14244,982,0,0.0,150,100.0
2026-07-13 11:57:24,14245,982,1,0.0,150,100.0
2026-07-13 11:57:25,14246,982,2,0.0,150,100.0
2026-07-13 11:57:26,14247,982,3,0.0,150,100.0
2026-07-13 11:57:27,14248,982,4,0.0,150,100.0
2026-07-13 11:57:28,14249,982,5,0.0,150,100.0
2026-07-13 11:57:29,14250,982,6,0.0,150,100.0
2026-07-13 11:57:30,14251,982,7,0.0,150,100.0
2026-07-13 11:57:31,14252,982,8,0.0,150,100.0
2026-07-13 11:57:32,14253,982,9,0.0,150,100.0
2026-07-13 11:57:33,14254,982,10,0.0,150,100.0
2026-07-13 11:57:34,14255,982,11,0.0,150,100.0
2026-07-13 11:57:35,14256,982,12,0.0,150,100.0
2026-07-13 11:57:36,14257,982,13,0.0,150,100.0
2026-07-13 11:57:37,14258,983,0,0.0,150,100.0
2026-07-13 11:57:38,14259,983,1,0.0,150,100.0
2026-07-13 11:57:39,14260,983,2,0.0,150,100.0
2026-07-13 11:57:40,14261,983,3,0.0,150,100.0
2026-07-13 11:57:41,14262,983,4,0.0,150,100.0
2026-07-13 11:57:42,14263,983,5,0.0,150,100.0
2026-07-13 11:57:43,14264,983,6,0.0,150,100.0
2026-07-13 11:57:44,14265,983,7,0.0,150,100.0
2026-07-13 11:57:45,14266,983,8,0.0,150,100.0
2026-07-13 11:57:46,14267,983,9,0.0,150,100.0
2026-07-13 11:57:47,14268,983,10,0.0,150,100.0
2026-07-13 11:57:48,14269,983,11,0.0,150,100.0
2026-07-13 11:57:49,14270,983,12,0.0,150,100.0
2026-07-13 11:57:50,14271,984,0,0.0,150,100.0
2026-07-13 11:57:51,14272,984,1,0.0,150,100.0
2026-07-13 11:57:52,14273,984,2,0.0,150,100.0
2026-07-13 11:57:53,14274,984,3,0.0,150,100.0
2026-07-13 11:57:54,14275,984,4,0.0,150,100.0
2026-07-13 11:57:55,14276,984,5,0.0,150,100.0
2026-07-13 11:57:56,14277,984,6,0.0,150,100.0
2026-07-13 11:57:57,14278,984,7,0.0,150,100.0
2026-07-13 11:57:58,14279,984,8,0.0,150,100.0
2026-07-13 11:57:59,14280,984,9,0.0,150,100.0
2026-07-13 11:58:00,14281,984,10,0.0,150,100.0
2026-07-13 11:58:01,14282,984,11,0.0,150,100.0
2026-07-13 11:58:02,14283,984,12,0.0,150,100.0
2026-07-13 11:58:03,14284,984,13,0.0,150,100.0
2026-07-13 11:58:04,14285,985,0,0.0,150,100.0
2026-07-13 11:58:05,14286,985,1,0.0,150,100.0
2026-07-13 11:58:06,14287,985,2,0.0,150,100.0
2026-07-13 11:58:07,14288,985,3,0.0,150,100.0
2026-07-13 11:58:08,14289,985,4,0.0,150,100.0
2026-07-13 11:58:09,14290,985,5,0.0,150,100.0
2026-07-13 11:58:10,14291,985,6,0.0,150,100.0
2026-07-13 11:58:11,14292,985,7,0.0,150,100.0
2026-07-13 11:58:12,14293,985,8,0.0,150,100.0
2026-07-13 11:58:13,14294,985,9,0.0,150,100.0
2026-07-13 11:58:14,14295,985,10,0.0,150,100.0
2026-07-13 11:58:15,14296,985,11,0.0,150,100.0
2026-07-13 11:58:16,14297,985,12,0.0,150,100.0
2026-07-13 11:58:17,14298,985,13,0.0,150,100.0
2026-07-13 11:58:18,14299,985,14,0.0,150,100.0
2026-07-13 11:58:19,14300,985,15,0.0,150,100.0
2026-07-13 11:58:20,14301,986,0,0.0,150,100.0
2026-07-13 11:58:21,14302,986,1,0.0,150,100.0
2026-07-13 11:58:22,14303,986,2,0.0,150,100.0
2026-07-13 11:58:23,14304,986,3,0.0,150,100.0
2026-07-13 11:58:24,14305,986,4,0.0,150,100.0
2026-07-13 11:58:25,14306,986,5,0.0,150,100.0
2026-07-13 11:58:26,14307,986,6,0.0,150,100.0
2026-07-13 11:58:27,14308,986,7,0.0,150,100.0
2026-07-13 11:58:28,14309,986,8,0.0,150,100.0
2026-07-13 11:58:29,14310,986,9,0.0,150,100.0
2026-07-13 11:58:30,14311,986,10,0.0,150,100.0
2026-07-13 11:58:31,14312,986,11,0.0,150,100.0
2026-07-13 11:58:32,14313,986,12,0.0,150,100.0
2026-07-13 11:58:33,14314,986,13,0.0,150,100.0
2026-07-13 11:58:34,14315,987,0,0.0,150,100.0
2026-07-13 11:58:35,14316,987,1,0.0,150,100.0
2026-07-13 11:58:36,14317,987,2,0.0,150,100.0
2026-07-13 11:58:37,14318,987,3,0.0,150,100.0
2026-07-13 11:58:38,14319,987,4,0.0,150,100.0
2026-07-13 11:58:39,14320,987,5,0.0,150,100.0
2026-07-13 11:58:40,14321,987,6,0.0,150,100.0
2026-07-13 11:58:41,14322,987,7,0.0,150,100.0
2026-07-13 11:58:42,14323,987,8,0.0,150,100.0
2026-07-13 11:58:43,14324,987,9,0.0,150,100.0
2026-07-13 11:58:44,14325,987,10,0.0,150,100.0
2026-07-13 11:58:45,14326,987,11,0.0,150,100.0
2026-07-13 11:58:46,14327,987,12,0.0,150,100.0
2026-07-13 11:58:47,14328,987,13,0.0,150,100.0
2026-07-13 11:58:48,14329,987,14,0.0,150,100.0
2026-07-13 11:58:49,14330,988,0,0.0,150,100.0
2026-07-13 11:58:50,14331,988,1,0.0,150,100.0
2026-07-13 11:58:51,14332,988,2,0.0,150,100.0
2026-07-13 11:58:52,14333,988,3,0.0,150,100.0
2026-07-13 11:58:53,14334,988,4,0.0,150,100.0
2026-07-13 11:58:54,14335,988,5,0.0,150,100.0
2026-07-13 11:58:55,14336,988,6,0.0,150,100.0
2026-07-13 11:58:56,14337,988,7,0.0,150,100.0
2026-07-13 11:58:57,14338,988,8,0.0,150,100.0
2026-07-13 11:58:58,14339,988,9,0.0,150,100.0
2026-07-13 11:58:59,14340,988,10,0.0,150,100.0
2026-07-13 11:59:00,14341,988,11,0.0,150,100.0
2026-07-13 11:59:01,14342,988,12,0.0,150,100.0
2026-07-13 11:59:02,14343,988,13,0.0,150,100.0
2026-07-13 11:59:03,14344,989,0,0.0,150,100.0
2026-07-13 11:59:04,14345,989,1,0.0,150,100.0
2026-07-13 11:59:05,14346,989,2,0.0,150,100.0
2026-07-13 11:59:06,14347,989,3,0.0,150,100.0
2026-07-13 11:59:07,14348,989,4,0.0,150,100.0
2026-07-13 11:59:08,14349,989,5,0.0,150,100.0
2026-07-13 11:59:09,14350,989,6,0.0,150,100.0
2026-07-13 11:59:10,14351,989,7,0.0,150,100.0
2026-07-13 11:59:11,14352,989,8,0.0,150,100.0
2026-07-13 11:59:12,14353,989,9,0.0,150,100.0
2026-07-13 11:59:13,14354,989,10,0.0,150,100.0
2026-07-13 11:59:14,14355,989,11,0.0,150,100.0
2026-07-13 11:59:15,14356,989,12,0.0,150,100.0
2026-07-13 11:59:16,14357,989,13,0.0,150,100.0
2026-07-13 11:59:17,14358,990,0,0.0,150,100.0
2026-07-13 11:59:18,14359,990,1,0.0,150,100.0
2026-07-13 11:59:19,14360,990,2,0.0,150,100.0
2026-07-13 11:59:20,14361,990,3,0.0,150,100.0
2026-07-13 11:59:21,14362,990,4,0.0,150,100.0
2026-07-13 11:59:22,14363,990,5,0.0,150,100.0
2026-07-13 11:59:23,14364,990,6,0.0,150,100.0
2026-07-13 11:59:24,14365,990,7,0.0,150,100.0
2026-07-13 11:59:25,14366,990,8,0.0,150,100.0
2026-07-13 11:59:26,14367,990,9,0.0,150,100.0
2026-07-13 11:59:27,14368,990,10,0.0,150,100.0
2026-07-13 11:59:28,14369,990,11,0.0,150,100.0
2026-07-13 11:59:29,14370,990,12,0.0,150,100.0
2026-07-13 11:59:30,14371,990,13,0.0,150,100.0
2026-07-13 11:59:31,14372,990,14,0.0,150,100.0
2026-07-13 11:59:32,14373,990,15,0.0,150,100.0
2026-07-13 11:59:33,14374,991,0,0.0,150,100.0
2026-07-13 11:59:34,14375,991,1,0.0,150,100.0
2026-07-13 11:59:35,14376,991,2,0.0,150,100.0
2026-07-13 11:59:36,14377,991,3,0.0,150,100.0
2026-07-13 11:59:37,14378,991,4,0.0,150,100.0
2026-07-13 11:59:38,14379,991,5,0.0,150,100.0
2026-07-13 11:59:39,14380,991,6,0.0,150,100.0
2026-07-13 11:59:40,14381,991,7,0.0,150,100.0
2026-07-13 11:59:41,14382,991,8,0.0,150,100.0
2026-07-13 11:59:42,14383,991,9,0.0,150,100.0
2026-07-13 11:59:43,14384,991,10,0.0,150,100.0
2026-07-13 11:59:44,14385,991,11,0.0,150,100.0
2026-07-13 11:59:45,14386,991,12,0.0,150,100.0
2026-07-13 11:59:46,14387,991,13,0.0,150,100.0
2026-07-13 11:59:47,14388,992,0,0.0,150,100.0
2026-07-13 11:59:48,14389,992,1,0.0,150,100.0
2026-07-13 11:59:49,14390,992,2,0.0,150,100.0
2026-07-13 11:59:50,14391,992,3,0.0,150,100.0
2026-07-13 11:59:51,14392,992,4,0.0,150,100.0
2026-07-13 11:59:52,14393,992,5,0.0,150,100.0
2026-07-13 11:59:53,14394,992,6,0.0,150,100.0
2026-07-13 11:59:54,14395,992,7,0.0,150,100.0
2026-07-13 11:59:55,14396,992,8,0.0,150,100.0
2026-07-13 11:59:56,14397,992,9,0.0,150,100.0
2026-07-13 11:59:57,14398,992,10,49.32,150,100.0
2026-07-13 11:59:58,14399,992,11,96.9,150,100.0
2026-07-13 11:59:59,14400,992,12,0.0,150,100.0
2026-07-13 12:00:00,14401,992,13,0.0,150,100.0
2026-07-13 12:00:01,14402,992,14,0.0,150,100.0
2026-07-13 12:00:02,14403,992,15,0.0,150,100.0
2026-07-13 12:00:03,14404,992,16,0.0,150,100.0
2026-07-13 12:00:04,14405,993,0,0.0,150,100.0
2026-07-13 12:00:05,14406,993,1,0.0,150,100.0
2026-07-13 12:00:06,14407,993,2,0.0,150,100.0
2026-07-13 12:00:07,14408,993,3,0.0,150,100.0
2026-07-13 12:00:08,14409,993,4,0.0,150,100.0
2026-07-13 12:00:09,14410,993,5,0.0,150,100.0
2026-07-13 12:00:10,14411,993,6,0.0,150,100.0
2026-07-13 12:00:11,14412,993,7,0.0,150,100.0
2026-07-13 12:00:12,14413,993,8,0.0,150,100.0
2026-07-13 12:00:13,14414,993,9,0.0,150,100.0
2026-07-13 12:00:14,14415,993,10,0.0,150,100.0
2026-07-13 12:00:15,14416,993,11,0.0,150,100.0
2026-07-13 12:00:16,14417,993,12,0.0,150,100.0
2026-07-13 12:00:17,14418,994,0,0.0,150,100.0
2026-07-13 12:00:18,14419,994,1,0.0,150,100.0
2026-07-13 12:00:19,14420,994,2,0.0,150,100.0
2026-07-13 12:00:20,14421,994,3,0.0,150,100.0
2026-07-13 12:00:21,14422,994,4,0.0,150,100.0
2026-07-13 12:00:22,14423,994,5,0.0,150,100.0
2026-07-13 12:00:23,14424,994,6,0.0,150,100.0
2026-07-13 12:00:24,14425,994,7,0.0,150,100.0
2026-07-13 12:00:25,14426,994,8,0.0,150,100.0
2026-07-13 12:00:26,14427,994,9,0.0,150,100.0
2026-07-13 12:00:27,14428,994,10,0.0,150,100.0
2026-07-13 12:00:28,14429,994,11,0.0,150,100.0
2026-07-13 12:00:29,14430,994,12,0.0,150,100.0
2026-07-13 12:00:30,14431,994,13,0.0,150,100.0
2026-07-13 12:00:31,14432,994,14,0.0,150,100.0
2026-07-13 12:00:32,14433,994,15,0.0,150,100.0
2026-07-13 12:00:33,14434,995,0,0.0,150,100.0
2026-07-13 12:00:34,14435,995,1,0.0,150,100.0
2026-07-13 12:00:35,14436,995,2,0.0,150,100.0
2026-07-13 12:00:36,14437,995,3,0.0,150,100.0
2026-07-13 12:00:37,14438,995,4,0.0,150,100.0
2026-07-13 12:00:38,14439,995,5,0.0,150,100.0
2026-07-13 12:00:39,14440,995,6,0.0,150,100.0
2026-07-13 12:00:40,14441,995,7,0.0,150,100.0
2026-07-13 12:00:41,14442,995,8,0.0,150,100.0
2026-07-13 12:00:42,14443,995,9,0.0,150,100.0
2026-07-13 12:00:43,14444,995,10,0.0,150,100.0
2026-07-13 12:00:44,14445,995,11,0.0,150,100.0
2026-07-13 12:00:45,14446,996,0,0.0,150,100.0
2026-07-13 12:00:46,14447,996,1,0.0,150,100.0
2026-07-13 12:00:47,14448,996,2,0.0,150,100.0
2026-07-13 12:00:48,14449,996,3,0.0,150,100.0
2026-07-13 12:00:49,14450,996,4,0.0,150,100.0
2026-07-13 12:00:50,14451,996,5,0.0,150,100.0
2026-07-13 12:00:51,14452,996,6,0.0,150,100.0
2026-07-13 12:00:52,14453,996,7,0.0,150,100.0
2026-07-13 12:00:53,14454,996,8,0.0,150,100.0
2026-07-13 12:00:54,14455,996,9,0.0,150,100.0
2026-07-13 12:00:55,14456,996,10,0.0,150,100.0
2026-07-13 12:00:56,14457,996,11,0.0,150,100.0
2026-07-13 12:00:57,14458,996,12,0.0,150,100.0
2026-07-13 12:00:58,14459,996,13,0.0,150,100.0
2026-07-13 12:00:59,14460,996,14,0.0,150,100.0
2026-07-13 12:01:00,14461,996,15,0.0,150,100.0
2026-07-13 12:01:01,14462,997,0,0.0,150,100.0
2026-07-13 12:01:02,14463,997,1,0.0,150,100.0
2026-07-13 12:01:03,14464,997,2,0.0,150,100.0
2026-07-13 12:01:04,14465,997,3,0.0,150,100.0
2026-07-13 12:01:05,14466,997,4,0.0,150,100.0
2026-07-13 12:01:06,14467,997,5,0.0,150,100.0
2026-07-13 12:01:07,14468,997,6,0.0,150,100.0
2026-07-13 12:01:08,14469,997,7,0.0,150,100.0
2026-07-13 12:01:09,14470,997,8,0.0,150,100.0
2026-07-13 12:01:10,14471,997,9,0.0,150,100.0
2026-07-13 12:01:11,14472,997,10,0.0,150,100.0
2026-07-13 12:01:12,14473,997,11,0.0,150,100.0
2026-07-13 12:01:13,14474,997,12,0.0,150,100.0
2026-07-13 12:01:14,14475,997,13,0.0,150,100.0
2026-07-13 12:01:15,14476,998,0,0.0,150,100.0
2026-07-13 12:01:16,14477,998,1,0.0,150,100.0
2026-07-13 12:01:17,14478,998,2,0.0,150,100.0
2026-07-13 12:01:18,14479,998,3,0.0,150,100.0
2026-07-13 12:01:19,14480,998,4,0.0,150,100.0
2026-07-13 12:01:20,14481,998,5,0.0,150,100.0
2026-07-13 12:01:21,14482,998,6,0.0,150,100.0
2026-07-13 12:01:22,14483,998,7,0.0,150,100.0
2026-07-13 12:01:23,14484,998,8,0.0,150,100.0
2026-07-13 12:01:24,14485,998,9,0.0,150,100.0
2026-07-13 12:01:25,14486,998,10,0.0,150,100.0
2026-07-13 12:01:26,14487,998,11,0.0,150,100.0
2026-07-13 12:01:27,14488,998,12,0.0,150,100.0
2026-07-13 12:01:28,14489,998,13,0.0,150,100.0
2026-07-13 12:01:29,14490,999,0,0.0,150,100.0
2026-07-13 12:01:30,14491,999,1,0.0,150,100.0
2026-07-13 12:01:31,14492,999,2,0.0,150,100.0
2026-07-13 12:01:32,14493,999,3,0.0,150,100.0
2026-07-13 12:01:33,14494,999,4,0.0,150,100.0
2026-07-13 12:01:34,14495,999,5,0.0,150,100.0
2026-07-13 12:01:35,14496,999,6,0.0,150,100.0
2026-07-13 12:01:36,14497,999,7,0.0,150,100.0
2026-07-13 12:01:37,14498,999,8,0.0,150,100.0
2026-07-13 12:01:38,14499,999,9,0.0,150,100.0
2026-07-13 12:01:39,14500,999,10,0.0,150,100.0
2026-07-13 12:01:40,14501,999,11,0.0,150,100.0
2026-07-13 12:01:41,14502,999,12,0.0,150,100.0
2026-07-13 12:01:42,14503,1000,0,0.0,150,100.0
2026-07-13 12:01:43,14504,1000,1,0.0,150,100.0
2026-07-13 12:01:44,14505,1000,2,0.0,150,100.0
2026-07-13 12:01:45,14506,1000,3,0.0,150,100.0
2026-07-13 12:01:46,14507,1000,4,0.0,150,100.0
2026-07-13 12:01:47,14508,1000,5,0.0,150,100.0
2026-07-13 12:01:48,14509,1000,6,0.0,150,100.0
2026-07-13 12:01:49,14510,1000,7,0.0,150,100.0
2026-07-13 12:01:50,14511,1000,8,0.0,150,100.0
2026-07-13 12:01:51,14512,1000,9,0.0,150,100.0
2026-07-13 12:01:52,14513,1000,10,0.0,150,100.0
2026-07-13 12:01:53,14514,1000,11,0.0,150,100.0
2026-07-13 12:01:54,14515,1000,12,0.0,150,100.0
2026-07-13 12:01:55,14516,1000,13,0.0,150,100.0
2026-07-13 12:01:56,14517,1000,14,0.0,150,100.0
